timestamp,bz,campo_bt,velocidade_vento,densidade_protons,temperatura,cme,velocidade_cme,flare_classe,kp_index,nivel_g,pressao_dinamica,fonte
2026-01-22 14:25:59.182982,0.97,6.92,538.8,6.16,33.0,0,0.0,1,2.16,0,1.495,sintetico
2026-01-22 15:25:59.182982,0.7,3.43,293.4,16.86,35.3,0,0.0,0,0.3,0,1.214,sintetico
2026-01-22 16:25:59.182982,-1.48,2.04,403.1,1.19,27.4,0,0.0,2,2.87,0,0.4,sintetico
2026-01-22 17:25:59.182982,-3.05,3.63,348.6,12.73,109.1,0,0.0,2,2.66,0,1.293,sintetico
2026-01-22 18:25:59.182982,0.23,9.33,444.8,11.55,89.5,0,0.0,1,2.65,0,1.911,sintetico
2026-01-22 19:25:59.182982,-20.36,21.21,678.8,4.83,80.7,0,0.0,3,8.99,4,1.862,sintetico
2026-01-22 20:25:59.182982,1.09,7.12,381.2,18.71,24.2,0,0.0,2,2.33,0,2.273,sintetico
2026-01-22 21:25:59.182982,-18.08,19.46,661.5,72.82,52.3,1,0.0,3,9.0,5,26.647,sintetico
2026-01-22 22:25:59.182982,4.01,5.14,344.9,11.92,29.4,1,0.0,2,2.25,0,1.186,sintetico
2026-01-22 23:25:59.182982,3.18,3.8,408.3,9.22,29.1,0,0.0,0,0.86,0,1.285,sintetico
2026-01-23 00:25:59.182982,1.8,5.38,368.8,18.66,83.2,0,0.0,0,1.41,0,2.122,sintetico
2026-01-23 01:25:59.182982,-15.37,15.7,508.8,17.4,68.5,1,0.0,2,7.19,3,3.766,sintetico
2026-01-23 02:25:59.182982,-26.19,26.66,574.6,16.75,43.7,1,0.0,4,9.0,5,4.624,sintetico
2026-01-23 03:25:59.182982,-2.88,3.51,408.9,5.72,36.8,0,0.0,2,3.15,0,0.8,sintetico
2026-01-23 04:25:59.182982,1.73,3.15,404.9,3.46,74.0,0,0.0,1,2.12,0,0.474,sintetico
2026-01-23 05:25:59.182982,-0.13,3.93,671.7,43.34,36.8,1,0.0,2,3.86,0,16.354,sintetico
2026-01-23 06:25:59.182982,6.28,9.38,417.2,13.87,136.2,0,0.0,0,1.04,0,2.019,sintetico
2026-01-23 07:25:59.182982,-1.9,3.82,359.4,5.8,74.6,0,0.0,2,3.07,0,0.627,sintetico
2026-01-23 08:25:59.182982,3.24,4.2,441.9,20.11,32.0,0,0.0,1,1.15,0,3.284,sintetico
2026-01-23 09:25:59.182982,-1.38,4.1,445.2,9.39,73.2,0,0.0,1,2.16,0,1.556,sintetico
2026-01-23 10:25:59.182982,-1.17,2.71,375.9,23.17,101.4,0,0.0,1,1.85,0,2.737,sintetico
2026-01-23 11:25:59.182982,2.53,6.69,350.5,7.34,67.3,0,0.0,0,1.02,0,0.754,sintetico
2026-01-23 12:25:59.182982,1.54,6.2,333.8,8.27,38.2,0,0.0,0,1.48,0,0.771,sintetico
2026-01-23 13:25:59.182982,4.26,5.43,353.2,8.97,81.1,0,0.0,0,1.04,0,0.935,sintetico
2026-01-23 14:25:59.182982,-2.43,3.7,371.4,6.73,14.8,0,0.0,0,1.46,0,0.776,sintetico
2026-01-23 15:25:59.182982,-0.72,7.26,291.5,12.47,62.8,0,0.0,1,1.79,0,0.886,sintetico
2026-01-23 16:25:59.182982,-8.66,9.26,597.4,27.86,61.8,1,0.0,2,6.08,2,8.313,sintetico
2026-01-23 17:25:59.182982,0.06,2.31,375.7,10.7,23.9,0,0.0,0,1.19,0,1.263,sintetico
2026-01-23 18:25:59.182982,2.25,2.45,399.2,12.68,67.0,0,0.0,1,1.19,0,1.69,sintetico
2026-01-23 19:25:59.182982,3.38,3.96,374.5,18.73,38.0,0,0.0,0,2.57,0,2.196,sintetico
2026-01-23 20:25:59.182982,2.05,9.4,413.5,7.54,129.8,0,0.0,1,1.11,0,1.078,sintetico
2026-01-23 21:25:59.182982,4.76,5.04,370.3,6.18,79.2,0,0.0,0,0.26,0,0.709,sintetico
2026-01-23 22:25:59.182982,3.69,4.55,362.4,3.2,61.2,0,0.0,0,0.77,0,0.4,sintetico
2026-01-23 23:25:59.182982,6.92,7.63,488.2,6.5,157.2,0,0.0,2,2.07,0,1.295,sintetico
2026-01-24 00:25:59.182982,-9.87,10.21,614.1,32.1,68.7,1,0.0,4,7.33,3,10.124,sintetico
2026-01-24 01:25:59.182982,-10.71,10.82,640.9,23.94,77.4,1,0.0,2,6.67,2,8.224,sintetico
2026-01-24 02:25:59.182982,-3.39,4.05,414.4,11.12,53.1,0,0.0,0,1.58,0,1.597,sintetico
2026-01-24 03:25:59.182982,-6.53,6.71,395.6,13.38,68.0,0,0.0,1,2.91,0,1.752,sintetico
2026-01-24 04:25:59.182982,-11.35,12.92,628.0,11.2,12.3,1,0.0,3,7.46,3,3.695,sintetico
2026-01-24 05:25:59.182982,-15.1,16.51,676.7,11.14,88.0,1,0.0,3,8.52,4,4.265,sintetico
2026-01-24 06:25:59.182982,-26.79,27.32,613.9,26.89,60.2,1,0.0,2,8.86,4,8.474,sintetico
2026-01-24 07:25:59.182982,-20.66,20.68,596.1,43.76,47.4,1,0.0,2,7.95,3,13.006,sintetico
2026-01-24 08:25:59.182982,7.19,7.95,447.7,2.1,102.0,0,0.0,0,0.97,0,0.4,sintetico
2026-01-24 09:25:59.182982,8.6,8.78,280.9,6.95,74.1,1,0.0,1,2.03,0,0.459,sintetico
2026-01-24 10:25:59.182982,-1.5,6.84,416.7,6.03,66.4,0,0.0,0,0.98,0,0.875,sintetico
2026-01-24 11:25:59.182982,-8.98,13.04,430.2,21.4,29.3,0,0.0,1,2.98,0,3.313,sintetico
2026-01-24 12:25:59.182982,-24.22,24.23,639.1,27.99,34.8,0,0.0,4,9.0,5,9.559,sintetico
2026-01-24 13:25:59.182982,-3.74,5.71,331.9,25.6,72.7,0,0.0,0,2.57,0,2.358,sintetico
2026-01-24 14:25:59.182982,-14.2,14.38,672.5,30.99,57.0,1,0.0,3,7.6,3,11.724,sintetico
2026-01-24 15:25:59.182982,-1.86,4.68,415.8,2.22,15.4,0,0.0,2,3.06,0,0.4,sintetico
2026-01-24 16:25:59.182982,-4.95,7.34,378.3,3.43,83.2,0,0.0,0,2.48,0,0.411,sintetico
2026-01-24 17:25:59.182982,0.31,3.13,472.2,3.56,16.1,0,0.0,1,1.66,0,0.663,sintetico
2026-01-24 18:25:59.182982,-15.53,16.01,708.8,24.73,77.5,1,0.0,2,8.26,4,10.392,sintetico
2026-01-24 19:25:59.182982,-2.29,6.02,399.5,18.21,68.4,0,0.0,0,2.34,0,2.431,sintetico
2026-01-24 20:25:59.182982,-0.54,2.49,359.1,5.58,131.8,0,0.0,0,1.2,0,0.602,sintetico
2026-01-24 21:25:59.182982,-6.43,6.75,439.9,12.78,54.9,1,0.0,0,3.49,0,2.068,sintetico
2026-01-24 22:25:59.182982,7.61,7.85,451.2,17.42,46.3,0,0.0,1,2.14,0,2.966,sintetico
2026-01-24 23:25:59.182982,-0.96,1.09,329.2,4.88,81.7,0,0.0,1,1.38,0,0.443,sintetico
2026-01-25 00:25:59.182982,2.47,3.3,419.3,3.48,62.9,0,0.0,1,1.58,0,0.512,sintetico
2026-01-25 01:25:59.182982,-6.44,9.55,332.4,4.76,28.1,0,0.0,0,1.44,0,0.44,sintetico
2026-01-25 02:25:59.182982,-6.49,8.53,445.6,3.23,124.3,0,0.0,0,2.56,0,0.536,sintetico
2026-01-25 03:25:59.182982,3.98,8.15,336.0,13.21,73.9,1,0.0,0,1.35,0,1.247,sintetico
2026-01-25 04:25:59.182982,-1.14,4.35,420.9,4.31,109.3,0,0.0,2,2.13,0,0.638,sintetico
2026-01-25 05:25:59.182982,-28.21,28.99,573.0,12.4,141.8,1,0.0,3,9.0,5,3.403,sintetico
2026-01-25 06:25:59.182982,-19.16,21.65,575.5,11.74,50.1,0,0.0,3,6.97,2,3.251,sintetico
2026-01-25 07:25:59.182982,-5.21,5.58,414.4,17.98,98.9,0,0.0,0,2.46,0,2.581,sintetico
2026-01-25 08:25:59.182982,-21.3,21.71,645.6,6.71,97.4,1,0.0,3,9.0,5,2.339,sintetico
2026-01-25 09:25:59.182982,2.2,5.75,375.5,1.82,30.5,0,0.0,0,1.27,0,0.4,sintetico
2026-01-25 10:25:59.182982,-12.86,14.28,653.3,16.92,50.2,0,0.0,2,4.75,0,6.04,sintetico
2026-01-25 11:25:59.182982,-23.0,23.0,528.9,7.23,61.0,1,0.0,3,8.14,4,1.692,sintetico
2026-01-25 12:25:59.182982,4.97,5.91,364.0,2.01,58.0,0,0.0,1,1.98,0,0.4,sintetico
2026-01-25 13:25:59.182982,-0.22,3.08,388.5,13.83,151.3,0,0.0,0,1.26,0,1.746,sintetico
2026-01-25 14:25:59.182982,-21.39,22.7,627.4,14.06,48.1,1,0.0,2,9.0,5,4.629,sintetico
2026-01-25 15:25:59.182982,2.39,3.84,613.6,18.0,83.8,1,0.0,3,4.71,0,5.668,sintetico
2026-01-25 16:25:59.182982,-1.56,8.04,310.1,8.45,110.4,0,0.0,0,1.87,0,0.68,sintetico
2026-01-25 17:25:59.182982,-14.81,14.86,632.9,18.74,23.6,1,0.0,3,7.51,3,6.276,sintetico
2026-01-25 18:25:59.182982,4.17,6.86,413.1,4.74,58.9,0,0.0,0,1.34,0,0.677,sintetico
2026-01-25 19:25:59.182982,3.46,4.13,443.3,13.2,59.2,0,0.0,1,2.15,0,2.169,sintetico
2026-01-25 20:25:59.182982,-23.27,23.42,503.6,14.92,47.4,0,0.0,4,8.78,4,3.164,sintetico
2026-01-25 21:25:59.182982,-4.48,5.08,362.1,5.66,122.3,0,0.0,0,2.09,0,0.621,sintetico
2026-01-25 22:25:59.182982,3.02,4.01,402.6,16.44,43.4,0,0.0,0,1.77,0,2.229,sintetico
2026-01-25 23:25:59.182982,-1.85,7.31,374.1,4.0,71.6,0,0.0,1,2.28,0,0.468,sintetico
2026-01-26 00:25:59.182982,-14.5,16.08,497.7,15.09,19.5,1,0.0,2,6.51,2,3.127,sintetico
2026-01-26 01:25:59.182982,2.51,4.11,365.7,4.15,131.9,0,0.0,0,0.87,0,0.465,sintetico
2026-01-26 02:25:59.182982,7.0,7.46,394.7,5.75,118.6,0,0.0,0,0.42,0,0.749,sintetico
2026-01-26 03:25:59.182982,8.08,11.23,398.1,1.03,110.7,0,0.0,1,3.01,0,0.4,sintetico
2026-01-26 04:25:59.182982,-19.02,21.9,874.0,12.57,39.2,0,0.0,4,9.0,5,8.032,sintetico
2026-01-26 05:25:59.182982,1.77,4.75,433.8,11.47,53.3,0,0.0,0,0.01,0,1.806,sintetico
2026-01-26 06:25:59.182982,-19.16,19.17,718.6,15.29,151.3,0,0.0,2,7.8,3,6.605,sintetico
2026-01-26 07:25:59.182982,-0.95,5.79,379.1,6.43,48.9,0,0.0,0,0.92,0,0.773,sintetico
2026-01-26 08:25:59.182982,-22.59,22.62,501.2,11.86,29.3,0,0.0,3,7.37,3,2.492,sintetico
2026-01-26 09:25:59.182982,-18.75,21.17,799.0,14.91,51.7,1,0.0,3,9.0,5,7.961,sintetico
2026-01-26 10:25:59.182982,-3.72,5.64,268.7,12.83,82.3,0,0.0,0,1.49,0,0.775,sintetico
2026-01-26 11:25:59.182982,4.7,6.67,347.9,2.96,61.1,0,0.0,0,1.97,0,0.4,sintetico
2026-01-26 12:25:59.182982,3.91,4.26,404.6,7.06,50.1,0,0.0,1,1.73,0,0.967,sintetico
2026-01-26 13:25:59.182982,-12.35,12.7,697.3,20.63,81.8,1,0.0,2,6.0,1,8.387,sintetico
2026-01-26 14:25:59.182982,-11.29,11.42,667.6,16.6,26.0,0,0.0,2,4.01,0,6.189,sintetico
2026-01-26 15:25:59.182982,2.19,4.51,330.0,3.25,38.3,0,0.0,0,1.56,0,0.4,sintetico
2026-01-26 16:25:59.182982,3.7,3.95,406.6,1.26,147.5,0,0.0,1,0.78,0,0.4,sintetico
2026-01-26 17:25:59.182982,-13.84,14.19,653.7,14.39,113.9,1,0.0,3,7.59,3,5.141,sintetico
2026-01-26 18:25:59.182982,-19.42,19.76,646.1,10.69,143.1,0,0.0,3,7.29,3,3.734,sintetico
2026-01-26 19:25:59.182982,-1.52,8.76,403.4,5.69,68.7,0,0.0,0,1.58,0,0.775,sintetico
2026-01-26 20:25:59.182982,-24.01,24.11,627.9,30.25,73.6,1,0.0,2,8.98,4,9.974,sintetico
2026-01-26 21:25:59.182982,-27.25,27.38,745.8,19.28,115.3,1,0.0,2,9.0,5,8.968,sintetico
2026-01-26 22:25:59.182982,0.03,5.9,402.0,7.79,41.4,0,0.0,2,1.82,0,1.053,sintetico
2026-01-26 23:25:59.182982,0.34,6.06,364.3,4.64,123.6,0,0.0,0,1.97,0,0.515,sintetico
2026-01-27 00:25:59.182982,-2.32,4.59,435.1,17.3,24.1,0,0.0,1,2.1,0,2.738,sintetico
2026-01-27 01:25:59.182982,0.17,2.34,291.5,7.61,198.7,1,0.0,1,2.0,0,0.541,sintetico
2026-01-27 02:25:59.182982,-8.67,9.65,666.1,9.04,32.3,1,0.0,3,6.85,2,3.355,sintetico
2026-01-27 03:25:59.182982,-3.85,4.75,406.7,32.06,98.1,0,0.0,0,3.29,0,4.436,sintetico
2026-01-27 04:25:59.182982,2.68,8.23,385.2,8.67,206.0,0,0.0,0,1.6,0,1.075,sintetico
2026-01-27 05:25:59.182982,-2.54,3.69,397.0,19.92,110.6,1,0.0,0,2.8,0,2.626,sintetico
2026-01-27 06:25:59.182982,3.02,7.34,375.5,17.12,72.4,0,0.0,1,1.62,0,2.018,sintetico
2026-01-27 07:25:59.182982,-18.38,18.66,694.3,26.51,43.1,1,0.0,3,8.42,4,10.686,sintetico
2026-01-27 08:25:59.182982,-1.44,6.97,661.7,5.72,350.0,1,0.0,3,4.34,0,2.093,sintetico
2026-01-27 09:25:59.182982,3.77,5.65,442.6,38.49,69.9,0,0.0,2,1.03,0,6.306,sintetico
2026-01-27 10:25:59.182982,-22.24,22.83,714.0,33.36,68.8,1,0.0,2,9.0,5,14.224,sintetico
2026-01-27 11:25:59.182982,2.22,2.97,312.0,5.52,92.6,0,0.0,1,1.45,0,0.449,sintetico
2026-01-27 12:25:59.182982,-5.54,8.37,340.8,12.95,44.7,0,0.0,0,2.37,0,1.258,sintetico
2026-01-27 13:25:59.182982,5.33,6.25,290.9,10.96,61.5,0,0.0,1,1.56,0,0.776,sintetico
2026-01-27 14:25:59.182982,-12.24,13.68,634.1,7.57,37.9,1,0.0,2,6.15,2,2.546,sintetico
2026-01-27 15:25:59.182982,9.68,10.06,368.8,11.0,66.2,0,0.0,1,1.99,0,1.251,sintetico
2026-01-27 16:25:59.182982,-17.01,17.63,725.2,9.45,67.6,1,0.0,3,8.82,4,4.157,sintetico
2026-01-27 17:25:59.182982,-13.63,14.4,654.0,26.13,26.9,0,0.0,2,6.99,2,9.349,sintetico
2026-01-27 18:25:59.182982,-0.51,8.8,375.1,7.01,151.8,0,0.0,0,1.77,0,0.825,sintetico
2026-01-27 19:25:59.182982,-20.39,21.91,711.3,8.66,61.8,1,0.0,2,8.94,4,3.663,sintetico
2026-01-27 20:25:59.182982,2.98,5.0,405.1,6.61,31.6,0,0.0,0,0.72,0,0.907,sintetico
2026-01-27 21:25:59.182982,3.83,7.62,314.6,8.31,82.8,0,0.0,0,0.46,0,0.688,sintetico
2026-01-27 22:25:59.182982,-0.07,3.25,428.7,5.76,81.3,0,0.0,0,1.23,0,0.885,sintetico
2026-01-27 23:25:59.182982,3.65,4.13,421.1,7.47,20.1,0,0.0,1,1.12,0,1.107,sintetico
2026-01-28 00:25:59.182982,-11.5,13.3,686.1,11.42,64.3,1,0.0,3,6.29,2,4.495,sintetico
2026-01-28 01:25:59.182982,2.43,6.14,412.2,3.75,108.9,0,0.0,1,0.66,0,0.532,sintetico
2026-01-28 02:25:59.182982,0.04,10.87,384.3,14.96,49.3,0,0.0,0,1.04,0,1.848,sintetico
2026-01-28 03:25:59.182982,7.68,10.15,275.5,7.3,75.0,0,0.0,0,0.65,0,0.463,sintetico
2026-01-28 04:25:59.182982,-26.88,26.93,542.0,11.72,105.8,1,0.0,2,9.0,5,2.881,sintetico
2026-01-28 05:25:59.182982,3.79,6.92,414.3,16.42,216.3,0,0.0,1,2.04,0,2.357,sintetico
2026-01-28 06:25:59.182982,-42.64,42.64,662.3,10.55,65.0,0,0.0,2,9.0,5,3.871,sintetico
2026-01-28 07:25:59.182982,-0.13,2.62,415.8,57.52,174.0,0,0.0,0,1.01,0,8.314,sintetico
2026-01-28 08:25:59.182982,7.23,7.29,378.2,3.88,65.4,0,0.0,1,1.45,0,0.464,sintetico
2026-01-28 09:25:59.182982,2.26,5.68,425.6,9.27,13.7,0,0.0,2,2.16,0,1.404,sintetico
2026-01-28 10:25:59.182982,-12.78,13.86,812.0,11.71,92.4,0,0.0,3,7.27,3,6.456,sintetico
2026-01-28 11:25:59.182982,-23.62,25.26,512.9,7.23,350.0,1,0.0,2,8.37,4,1.591,sintetico
2026-01-28 12:25:59.182982,-6.24,8.33,587.7,15.48,89.5,1,0.0,2,4.85,0,4.471,sintetico
2026-01-28 13:25:59.182982,-8.2,9.17,680.4,94.66,39.3,1,0.0,4,7.2,3,36.648,sintetico
2026-01-28 14:25:59.182982,0.13,5.38,371.5,7.92,50.9,0,0.0,0,0.66,0,0.914,sintetico
2026-01-28 15:25:59.182982,-9.31,11.11,392.7,10.94,36.3,0,0.0,0,3.66,0,1.411,sintetico
2026-01-28 16:25:59.182982,-21.83,22.46,658.5,18.68,23.4,0,0.0,3,8.73,4,6.775,sintetico
2026-01-28 17:25:59.182982,-34.78,34.96,673.5,23.03,49.4,1,0.0,2,9.0,5,8.737,sintetico
2026-01-28 18:25:59.182982,4.8,5.52,372.3,8.76,92.3,0,0.0,0,1.43,0,1.016,sintetico
2026-01-28 19:25:59.182982,-14.68,14.74,751.9,20.47,18.2,1,0.0,3,8.3,4,9.676,sintetico
2026-01-28 20:25:59.182982,-19.65,19.97,780.5,21.91,85.7,1,0.0,3,9.0,5,11.161,sintetico
2026-01-28 21:25:59.182982,-13.62,13.83,707.4,15.21,48.8,0,0.0,3,6.58,2,6.365,sintetico
2026-01-28 22:25:59.182982,3.84,3.91,333.4,9.27,21.5,0,0.0,2,1.36,0,0.861,sintetico
2026-01-28 23:25:59.182982,3.4,7.03,407.3,12.63,96.8,0,0.0,2,1.65,0,1.752,sintetico
2026-01-29 00:25:59.182982,7.56,8.69,338.9,1.43,26.7,1,0.0,1,2.55,0,0.4,sintetico
2026-01-29 01:25:59.182982,-28.22,29.39,674.9,12.51,64.6,0,0.0,2,9.0,5,4.766,sintetico
2026-01-29 02:25:59.182982,-4.99,8.84,373.8,4.0,40.2,0,0.0,0,2.13,0,0.467,sintetico
2026-01-29 03:25:59.182982,-17.71,18.13,689.2,17.8,79.8,0,0.0,3,8.26,4,7.07,sintetico
2026-01-29 04:25:59.182982,-4.27,5.6,369.3,7.84,27.8,0,0.0,0,2.78,0,0.894,sintetico
2026-01-29 05:25:59.182982,-0.93,2.1,327.1,6.58,21.6,0,0.0,1,2.05,0,0.589,sintetico
2026-01-29 06:25:59.182982,-0.81,1.77,371.4,5.33,38.0,0,0.0,0,1.11,0,0.615,sintetico
2026-01-29 07:25:59.182982,-5.25,9.43,774.8,15.22,57.3,1,0.0,2,5.74,1,7.641,sintetico
2026-01-29 08:25:59.182982,-17.32,17.37,662.5,8.79,45.9,0,0.0,3,8.71,4,3.227,sintetico
2026-01-29 09:25:59.182982,4.02,7.59,328.3,13.1,27.3,0,0.0,0,0.76,0,1.18,sintetico
2026-01-29 10:25:59.182982,5.9,6.45,461.9,3.41,31.6,0,0.0,0,1.12,0,0.609,sintetico
2026-01-29 11:25:59.182982,-0.58,12.05,342.7,14.59,62.4,0,0.0,0,0.17,0,1.433,sintetico
2026-01-29 12:25:59.182982,-5.74,5.94,463.8,3.11,56.2,0,0.0,1,2.41,0,0.559,sintetico
2026-01-29 13:25:59.182982,5.72,6.74,381.0,13.31,115.5,0,0.0,1,1.51,0,1.616,sintetico
2026-01-29 14:25:59.182982,5.34,9.8,368.1,3.61,35.3,0,0.0,0,0.84,0,0.409,sintetico
2026-01-29 15:25:59.182982,-24.65,25.05,729.7,19.04,24.5,0,0.0,2,9.0,5,8.48,sintetico
2026-01-29 16:25:59.182982,-3.14,8.93,385.4,11.1,82.2,0,0.0,1,2.38,0,1.379,sintetico
2026-01-29 17:25:59.182982,-6.12,7.45,585.0,8.68,50.2,1,0.0,4,4.92,0,2.486,sintetico
2026-01-29 18:25:59.182982,0.01,4.23,426.8,11.12,27.4,0,0.0,1,1.14,0,1.695,sintetico
2026-01-29 19:25:59.182982,-20.12,20.3,617.2,15.82,56.4,1,0.0,2,9.0,5,5.041,sintetico
2026-01-29 20:25:59.182982,2.51,11.5,354.0,9.64,52.2,0,0.0,1,2.39,0,1.01,sintetico
2026-01-29 21:25:59.182982,2.72,3.64,418.6,13.03,41.4,0,0.0,0,1.51,0,1.91,sintetico
2026-01-29 22:25:59.182982,-35.48,36.25,655.6,16.37,42.1,1,0.0,3,9.0,5,5.883,sintetico
2026-01-29 23:25:59.182982,-7.09,7.86,604.3,17.93,125.8,1,0.0,2,5.67,1,5.477,sintetico
2026-01-30 00:25:59.182982,-14.89,15.27,511.5,7.38,43.2,1,0.0,2,6.47,2,1.615,sintetico
2026-01-30 01:25:59.182982,-32.8,32.86,653.8,15.15,61.2,0,0.0,2,9.0,5,5.417,sintetico
2026-01-30 02:25:59.182982,-15.37,17.26,473.0,32.76,124.7,1,0.0,3,6.12,2,6.131,sintetico
2026-01-30 03:25:59.182982,0.99,3.83,407.6,6.63,34.8,0,0.0,2,1.58,0,0.921,sintetico
2026-01-30 04:25:59.182982,1.33,5.96,348.9,8.71,7.8,0,0.0,1,0.92,0,0.887,sintetico
2026-01-30 05:25:59.182982,-2.4,3.33,354.2,10.31,56.1,0,0.0,0,1.4,0,1.082,sintetico
2026-01-30 06:25:59.182982,-21.64,21.95,633.8,34.62,89.8,1,0.0,2,8.44,4,11.631,sintetico
2026-01-30 07:25:59.182982,-18.9,19.08,598.7,31.56,58.5,0,0.0,4,8.58,4,9.461,sintetico
2026-01-30 08:25:59.182982,-18.12,18.55,588.6,41.05,78.2,1,0.0,2,8.58,4,11.892,sintetico
2026-01-30 09:25:59.182982,-10.75,13.43,744.7,15.49,27.0,0,0.0,4,7.36,3,7.186,sintetico
2026-01-30 10:25:59.182982,-15.15,16.65,642.7,10.88,165.7,0,0.0,2,6.5,2,3.76,sintetico
2026-01-30 11:25:59.182982,-15.86,16.48,702.2,69.21,46.5,0,0.0,2,6.35,2,28.541,sintetico
2026-01-30 12:25:59.182982,-25.63,26.06,499.1,6.96,39.5,0,0.0,2,6.82,2,1.45,sintetico
2026-01-30 13:25:59.182982,-12.14,13.99,791.8,48.34,147.6,1,0.0,2,7.18,3,25.349,sintetico
2026-01-30 14:25:59.182982,-13.3,13.36,673.5,8.11,24.2,1,0.0,3,6.56,2,3.078,sintetico
2026-01-30 15:25:59.182982,-1.04,6.91,346.8,4.56,92.3,0,0.0,0,1.42,0,0.458,sintetico
2026-01-30 16:25:59.182982,-13.27,13.88,630.0,23.36,27.7,1,0.0,2,6.75,2,7.754,sintetico
2026-01-30 17:25:59.182982,-3.12,4.25,449.8,1.91,62.8,0,0.0,0,0.94,0,0.4,sintetico
2026-01-30 18:25:59.182982,-8.08,9.65,399.6,5.95,19.3,0,0.0,0,2.56,0,0.795,sintetico
2026-01-30 19:25:59.182982,-7.23,8.05,752.6,7.74,41.9,0,0.0,2,4.73,0,3.668,sintetico
2026-01-30 20:25:59.182982,-8.54,12.01,353.4,13.73,97.1,0,0.0,0,2.17,0,1.434,sintetico
2026-01-30 21:25:59.182982,3.06,5.39,461.7,21.03,147.2,0,0.0,0,1.79,0,3.749,sintetico
2026-01-30 22:25:59.182982,4.68,4.77,357.7,20.37,56.9,0,0.0,0,2.39,0,2.179,sintetico
2026-01-30 23:25:59.182982,-14.68,14.73,855.3,29.63,70.1,1,0.0,2,7.43,3,18.128,sintetico
2026-01-31 00:25:59.182982,-24.6,26.49,626.5,19.62,31.8,1,0.0,3,8.72,4,6.44,sintetico
2026-01-31 01:25:59.182982,2.0,4.52,315.2,12.03,60.8,0,0.0,1,1.64,0,0.999,sintetico
2026-01-31 02:25:59.182982,-3.19,7.7,327.4,10.61,21.3,0,0.0,2,1.73,0,0.952,sintetico
2026-01-31 03:25:59.182982,-30.31,30.58,719.5,9.17,29.4,0,0.0,4,9.0,5,3.97,sintetico
2026-01-31 04:25:59.182982,-10.03,12.05,359.6,13.1,266.4,0,0.0,0,3.17,0,1.417,sintetico
2026-01-31 05:25:59.182982,3.74,5.89,329.2,10.74,109.4,0,0.0,0,0.81,0,0.973,sintetico
2026-01-31 06:25:59.182982,-5.88,6.15,299.7,12.67,40.5,0,0.0,0,1.54,0,0.951,sintetico
2026-01-31 07:25:59.182982,4.22,5.54,437.1,3.84,51.8,0,0.0,0,1.32,0,0.614,sintetico
2026-01-31 08:25:59.182982,-20.89,21.49,620.9,22.09,134.0,0,0.0,3,8.27,4,7.121,sintetico
2026-01-31 09:25:59.182982,-0.25,1.26,426.7,4.86,62.8,0,0.0,0,0.74,0,0.74,sintetico
2026-01-31 10:25:59.182982,-3.36,4.85,410.0,21.77,81.1,0,0.0,0,1.33,0,3.062,sintetico
2026-01-31 11:25:59.182982,1.38,4.14,390.8,18.15,137.3,0,0.0,1,0.59,0,2.319,sintetico
2026-01-31 12:25:59.182982,3.74,3.81,404.2,7.57,108.4,0,0.0,0,1.52,0,1.034,sintetico
2026-01-31 13:25:59.182982,-15.47,16.68,632.0,30.11,36.1,1,0.0,2,7.39,3,10.059,sintetico
2026-01-31 14:25:59.182982,-10.52,10.91,650.2,9.06,38.3,0,0.0,2,4.73,0,3.204,sintetico
2026-01-31 15:25:59.182982,-29.15,29.48,712.3,8.27,52.5,0,0.0,2,9.0,5,3.511,sintetico
2026-01-31 16:25:59.182982,4.83,8.07,359.6,23.05,121.3,0,0.0,1,2.22,0,2.493,sintetico
2026-01-31 17:25:59.182982,0.06,1.35,323.5,21.6,42.9,0,0.0,0,0.98,0,1.891,sintetico
2026-01-31 18:25:59.182982,-0.83,4.84,406.5,5.24,29.5,0,0.0,0,2.41,0,0.724,sintetico
2026-01-31 19:25:59.182982,5.99,6.43,359.9,13.96,26.7,0,0.0,0,0.64,0,1.512,sintetico
2026-01-31 20:25:59.182982,1.96,2.65,464.1,70.71,30.7,0,0.0,0,1.67,0,12.737,sintetico
2026-01-31 21:25:59.182982,3.28,4.5,305.7,5.05,74.0,0,0.0,0,1.43,0,0.4,sintetico
2026-01-31 22:25:59.182982,5.67,6.64,342.9,3.96,49.1,0,0.0,0,0.65,0,0.4,sintetico
2026-01-31 23:25:59.182982,-8.01,9.23,781.8,26.36,88.6,1,0.0,2,6.36,2,13.475,sintetico
2026-02-01 00:25:59.182982,-5.77,5.91,300.5,7.62,167.5,0,0.0,1,2.96,0,0.576,sintetico
2026-02-01 01:25:59.182982,6.36,7.5,340.0,6.57,60.4,0,0.0,0,1.24,0,0.635,sintetico
2026-02-01 02:25:59.182982,6.35,10.14,355.0,6.13,65.0,0,0.0,0,1.87,0,0.646,sintetico
2026-02-01 03:25:59.182982,0.82,1.04,308.3,12.08,29.5,0,0.0,0,1.08,0,0.961,sintetico
2026-02-01 04:25:59.182982,0.8,3.89,351.8,9.13,25.7,0,0.0,0,1.61,0,0.945,sintetico
2026-02-01 05:25:59.182982,-16.15,16.85,698.8,16.87,18.9,0,0.0,2,6.56,2,6.891,sintetico
2026-02-01 06:25:59.182982,0.31,2.86,490.7,3.29,30.0,0,0.0,0,0.34,0,0.662,sintetico
2026-02-01 07:25:59.182982,2.74,3.64,405.6,12.09,273.9,0,0.0,0,1.4,0,1.664,sintetico
2026-02-01 08:25:59.182982,-30.77,31.08,643.7,5.48,48.3,1,0.0,4,9.0,5,1.898,sintetico
2026-02-01 09:25:59.182982,-20.86,21.09,593.7,55.24,94.7,0,0.0,3,7.68,3,16.283,sintetico
2026-02-01 10:25:59.182982,-3.53,7.57,354.9,7.58,121.6,0,0.0,0,2.47,0,0.799,sintetico
2026-02-01 11:25:59.182982,-2.28,2.59,337.9,15.36,75.1,0,0.0,0,1.15,0,1.467,sintetico
2026-02-01 12:25:59.182982,-0.2,2.9,391.5,5.5,48.2,0,0.0,0,1.4,0,0.706,sintetico
2026-02-01 13:25:59.182982,-24.7,26.66,898.4,15.23,47.4,1,0.0,3,9.0,5,10.279,sintetico
2026-02-01 14:25:59.182982,4.19,5.58,370.6,6.33,47.3,0,0.0,0,0.63,0,0.727,sintetico
2026-02-01 15:25:59.182982,2.74,6.29,351.8,20.89,67.8,0,0.0,1,1.52,0,2.163,sintetico
2026-02-01 16:25:59.182982,-9.87,10.29,676.1,8.92,129.8,0,0.0,4,5.16,1,3.411,sintetico
2026-02-01 17:25:59.182982,-1.94,2.9,423.4,25.9,32.5,0,0.0,1,2.97,0,3.883,sintetico
2026-02-01 18:25:59.182982,-2.58,2.93,376.6,15.82,134.7,0,0.0,0,1.48,0,1.876,sintetico
2026-02-01 19:25:59.182982,-10.5,11.58,784.7,13.87,87.4,1,0.0,3,6.03,2,7.141,sintetico
2026-02-01 20:25:59.182982,-5.4,5.62,334.3,16.09,86.1,0,0.0,2,2.67,0,1.504,sintetico
2026-02-01 21:25:59.182982,-1.58,5.22,652.8,3.24,29.2,1,0.0,2,3.9,0,1.154,sintetico
2026-02-01 22:25:59.182982,-2.26,2.27,403.0,6.55,204.8,0,0.0,0,1.7,0,0.889,sintetico
2026-02-01 23:25:59.182982,1.08,5.07,377.1,12.56,34.3,0,0.0,1,1.78,0,1.493,sintetico
2026-02-02 00:25:59.182982,-19.5,19.77,783.6,9.25,62.7,0,0.0,2,8.14,4,4.751,sintetico
2026-02-02 01:25:59.182982,2.02,2.42,441.7,8.8,60.4,0,0.0,0,1.39,0,1.436,sintetico
2026-02-02 02:25:59.182982,9.73,9.93,345.7,32.58,98.6,0,0.0,0,1.41,0,3.257,sintetico
2026-02-02 03:25:59.182982,-17.89,21.14,714.2,28.24,103.1,0,0.0,2,7.58,3,12.048,sintetico
2026-02-02 04:25:59.182982,0.38,3.13,316.1,19.0,73.4,0,0.0,0,1.25,0,1.588,sintetico
2026-02-02 05:25:59.182982,-15.7,16.58,676.0,21.54,95.6,1,0.0,2,7.74,3,8.23,sintetico
2026-02-02 06:25:59.182982,4.2,4.94,359.3,17.06,68.5,1,0.0,0,1.77,0,1.843,sintetico
2026-02-02 07:25:59.182982,2.05,7.72,380.9,7.24,39.8,0,0.0,2,1.9,0,0.878,sintetico
2026-02-02 08:25:59.182982,-15.05,15.7,622.5,15.51,24.1,0,0.0,2,6.61,2,5.026,sintetico
2026-02-02 09:25:59.182982,-0.97,4.39,345.9,6.16,104.3,0,0.0,0,0.43,0,0.616,sintetico
2026-02-02 10:25:59.182982,-3.3,6.38,362.3,6.67,350.0,0,0.0,0,1.65,0,0.732,sintetico
2026-02-02 11:25:59.182982,-23.04,23.38,689.1,14.22,44.0,1,0.0,4,9.0,5,5.645,sintetico
2026-02-02 12:25:59.182982,-2.26,7.41,441.6,3.06,79.7,0,0.0,1,1.8,0,0.499,sintetico
2026-02-02 13:25:59.182982,-23.74,23.78,627.7,12.75,67.9,0,0.0,3,8.25,4,4.201,sintetico
2026-02-02 14:25:59.182982,-23.15,23.7,696.4,35.2,54.8,1,0.0,2,9.0,5,14.279,sintetico
2026-02-02 15:25:59.182982,-9.15,10.88,561.2,25.35,58.7,0,0.0,3,5.27,1,6.677,sintetico
2026-02-02 16:25:59.182982,-5.13,11.05,672.4,25.06,56.6,1,0.0,3,5.6,1,9.475,sintetico
2026-02-02 17:25:59.182982,-2.3,3.01,727.4,21.64,149.3,0,0.0,2,2.92,0,9.575,sintetico
2026-02-02 18:25:59.182982,1.73,7.08,455.5,7.46,48.4,0,0.0,0,1.82,0,1.295,sintetico
2026-02-02 19:25:59.182982,-0.04,2.29,424.6,6.66,62.8,0,0.0,0,0.84,0,1.003,sintetico
2026-02-02 20:25:59.182982,-3.41,6.92,403.1,4.09,38.8,0,0.0,0,1.42,0,0.556,sintetico
2026-02-02 21:25:59.182982,-18.07,19.21,692.2,27.37,20.3,0,0.0,2,5.94,1,10.966,sintetico
2026-02-02 22:25:59.182982,1.58,4.56,392.2,22.47,78.6,0,0.0,0,1.33,0,2.89,sintetico
2026-02-02 23:25:59.182982,-5.35,5.88,418.4,12.48,102.1,0,0.0,2,2.6,0,1.828,sintetico
2026-02-03 00:25:59.182982,0.18,4.68,316.2,4.75,70.1,0,0.0,2,1.04,0,0.4,sintetico
2026-02-03 01:25:59.182982,-20.3,21.79,624.7,20.98,77.2,0,0.0,3,7.45,3,6.847,sintetico
2026-02-03 02:25:59.182982,1.36,1.92,348.3,6.95,56.9,0,0.0,1,1.44,0,0.705,sintetico
2026-02-03 03:25:59.182982,-0.78,3.84,330.5,2.26,54.9,0,0.0,0,1.32,0,0.4,sintetico
2026-02-03 04:25:59.182982,-16.1,16.19,496.8,4.98,192.0,0,0.0,2,6.28,2,1.028,sintetico
2026-02-03 05:25:59.182982,6.68,6.91,425.5,7.98,116.7,0,0.0,1,1.68,0,1.208,sintetico
2026-02-03 06:25:59.182982,-16.84,16.87,734.2,21.11,44.7,1,0.0,3,7.42,3,9.516,sintetico
2026-02-03 07:25:59.182982,-4.87,13.85,395.5,15.69,88.1,1,0.0,0,2.93,0,2.052,sintetico
2026-02-03 08:25:59.182982,1.53,3.37,399.4,30.85,19.0,0,0.0,0,0.59,0,4.117,sintetico
2026-02-03 09:25:59.182982,1.1,1.96,392.7,29.92,81.1,0,0.0,1,1.67,0,3.858,sintetico
2026-02-03 10:25:59.182982,-0.62,2.8,347.3,12.24,83.3,0,0.0,0,1.62,0,1.235,sintetico
2026-02-03 11:25:59.182982,-22.4,22.46,694.5,11.59,218.0,1,0.0,2,8.88,4,4.677,sintetico
2026-02-03 12:25:59.182982,6.51,8.06,366.8,11.95,173.0,1,0.0,1,3.26,0,1.345,sintetico
2026-02-03 13:25:59.182982,0.72,3.06,332.8,6.76,122.0,0,0.0,0,1.45,0,0.627,sintetico
2026-02-03 14:25:59.182982,2.37,2.68,372.6,3.82,57.4,0,0.0,2,1.99,0,0.444,sintetico
2026-02-03 15:25:59.182982,0.58,4.29,380.2,6.0,88.8,0,0.0,0,1.78,0,0.725,sintetico
2026-02-03 16:25:59.182982,-14.18,14.2,579.9,12.87,207.8,1,0.0,2,6.12,2,3.619,sintetico
2026-02-03 17:25:59.182982,-13.54,13.67,583.2,22.8,229.5,1,0.0,3,6.9,2,6.483,sintetico
2026-02-03 18:25:59.182982,14.06,14.25,317.2,9.91,24.0,0,0.0,1,1.27,0,0.834,sintetico
2026-02-03 19:25:59.182982,8.19,12.54,619.3,67.17,18.9,1,0.0,2,5.35,1,21.541,sintetico
2026-02-03 20:25:59.182982,-19.52,20.57,598.0,32.48,64.4,1,0.0,2,8.88,4,9.716,sintetico
2026-02-03 21:25:59.182982,-16.4,16.97,526.5,8.16,85.8,1,0.0,3,6.86,2,1.891,sintetico
2026-02-03 22:25:59.182982,4.45,9.08,422.6,20.43,347.5,0,0.0,0,0.82,0,3.052,sintetico
2026-02-03 23:25:59.182982,-1.85,2.71,326.5,12.79,46.0,0,0.0,0,1.0,0,1.141,sintetico
2026-02-04 00:25:59.182982,-4.93,5.37,394.2,6.9,95.5,1,0.0,0,3.26,0,0.897,sintetico
2026-02-04 01:25:59.182982,-41.22,41.61,736.1,7.87,21.0,1,0.0,2,9.0,5,3.568,sintetico
2026-02-04 02:25:59.182982,1.54,6.11,280.1,17.87,35.7,0,0.0,0,1.07,0,1.172,sintetico
2026-02-04 03:25:59.182982,-28.18,28.35,666.7,10.66,38.8,1,0.0,3,9.0,5,3.964,sintetico
2026-02-04 04:25:59.182982,4.12,5.86,380.8,4.4,67.8,0,0.0,2,3.01,0,0.533,sintetico
2026-02-04 05:25:59.182982,-11.47,13.75,609.4,8.9,35.5,1,0.0,2,5.82,1,2.764,sintetico
2026-02-04 06:25:59.182982,-15.46,17.8,813.2,14.93,56.5,0,0.0,4,8.75,4,8.256,sintetico
2026-02-04 07:25:59.182982,5.16,5.42,314.1,7.56,146.1,0,0.0,0,0.42,0,0.624,sintetico
2026-02-04 08:25:59.182982,-16.63,16.73,665.0,33.27,120.4,0,0.0,3,6.72,2,12.307,sintetico
2026-02-04 09:25:59.182982,0.17,4.69,374.7,9.25,74.3,0,0.0,1,0.94,0,1.086,sintetico
2026-02-04 10:25:59.182982,4.74,5.5,276.6,13.89,31.3,0,0.0,0,0.72,0,0.888,sintetico
2026-02-04 11:25:59.182982,-19.68,19.93,589.0,20.47,79.6,0,0.0,2,6.78,2,5.938,sintetico
2026-02-04 12:25:59.182982,-21.94,22.48,687.3,22.25,207.9,0,0.0,4,9.0,5,8.789,sintetico
2026-02-04 13:25:59.182982,-24.09,24.58,630.7,22.95,38.6,1,0.0,3,9.0,5,7.635,sintetico
2026-02-04 14:25:59.182982,-8.48,8.54,360.1,4.52,36.1,0,0.0,1,3.41,0,0.49,sintetico
2026-02-04 15:25:59.182982,1.56,3.79,405.6,22.39,130.2,0,0.0,0,1.43,0,3.08,sintetico
2026-02-04 16:25:59.182982,-18.96,19.08,585.5,28.94,145.1,0,0.0,2,7.59,3,8.298,sintetico
2026-02-04 17:25:59.182982,2.74,4.51,417.8,9.71,187.7,0,0.0,0,0.68,0,1.418,sintetico
2026-02-04 18:25:59.182982,0.1,2.6,329.7,25.93,76.6,0,0.0,2,1.76,0,2.357,sintetico
2026-02-04 19:25:59.182982,-26.17,26.18,623.0,8.13,58.7,0,0.0,2,8.07,4,2.638,sintetico
2026-02-04 20:25:59.182982,-37.1,37.23,555.5,25.45,40.8,0,0.0,4,9.0,5,6.569,sintetico
2026-02-04 21:25:59.182982,0.37,5.56,426.7,9.68,56.8,0,0.0,0,1.06,0,1.473,sintetico
2026-02-04 22:25:59.182982,-33.46,34.35,632.0,7.54,32.7,1,0.0,3,9.0,5,2.52,sintetico
2026-02-04 23:25:59.182982,6.31,6.92,460.0,22.01,33.7,0,0.0,1,2.45,0,3.894,sintetico
2026-02-05 00:25:59.182982,0.72,5.01,365.7,3.78,53.8,0,0.0,0,1.31,0,0.422,sintetico
2026-02-05 01:25:59.182982,-28.82,29.59,537.6,6.8,42.0,1,0.0,2,9.0,5,1.643,sintetico
2026-02-05 02:25:59.182982,-20.42,20.91,672.2,20.48,31.3,0,0.0,2,6.82,2,7.74,sintetico
2026-02-05 03:25:59.182982,2.87,5.2,370.6,6.2,131.0,0,0.0,2,2.16,0,0.712,sintetico
2026-02-05 04:25:59.182982,0.61,3.12,401.0,43.11,116.7,0,0.0,0,1.49,0,5.798,sintetico
2026-02-05 05:25:59.182982,-21.7,22.06,597.5,17.27,60.2,0,0.0,3,8.21,4,5.157,sintetico
2026-02-05 06:25:59.182982,-1.04,8.11,412.3,26.98,131.5,0,0.0,1,1.88,0,3.836,sintetico
2026-02-05 07:25:59.182982,11.42,11.73,366.8,3.38,154.0,0,0.0,0,1.55,0,0.4,sintetico
2026-02-05 08:25:59.182982,-10.04,11.16,394.1,6.97,108.2,0,0.0,0,2.56,0,0.905,sintetico
2026-02-05 09:25:59.182982,5.7,5.89,452.0,12.16,106.1,0,0.0,1,1.01,0,2.078,sintetico
2026-02-05 10:25:59.182982,-13.08,15.22,571.1,8.21,149.9,0,0.0,2,5.28,1,2.239,sintetico
2026-02-05 11:25:59.182982,-2.65,4.56,351.1,27.59,17.4,0,0.0,1,2.08,0,2.845,sintetico
2026-02-05 12:25:59.182982,2.67,6.86,362.1,30.97,68.1,0,0.0,0,0.0,0,3.396,sintetico
2026-02-05 13:25:59.182982,6.71,7.61,431.7,23.15,113.6,0,0.0,2,2.26,0,3.608,sintetico
2026-02-05 14:25:59.182982,-11.88,13.6,668.0,16.68,14.1,0,0.0,3,7.31,3,6.225,sintetico
2026-02-05 15:25:59.182982,-21.42,21.79,694.5,56.07,160.1,0,0.0,2,8.15,4,22.616,sintetico
2026-02-05 16:25:59.182982,2.5,6.22,419.5,16.76,121.1,0,0.0,1,2.26,0,2.467,sintetico
2026-02-05 17:25:59.182982,-10.24,11.4,594.6,19.84,36.5,1,0.0,3,7.16,3,5.865,sintetico
2026-02-05 18:25:59.182982,3.07,4.49,616.7,20.15,10.4,1,0.0,2,2.74,0,6.41,sintetico
2026-02-05 19:25:59.182982,-1.95,6.91,438.5,5.33,71.4,0,0.0,0,1.11,0,0.856,sintetico
2026-02-05 20:25:59.182982,-11.71,11.93,707.7,11.69,111.4,1,0.0,2,7.53,3,4.899,sintetico
2026-02-05 21:25:59.182982,0.45,9.93,347.4,14.56,75.9,0,0.0,2,1.73,0,1.469,sintetico
2026-02-05 22:25:59.182982,-23.14,23.96,613.9,13.97,55.1,1,0.0,2,8.94,4,4.404,sintetico
2026-02-05 23:25:59.182982,2.42,7.4,382.6,2.64,15.5,0,0.0,0,2.22,0,0.4,sintetico
2026-02-06 00:25:59.182982,-17.9,18.03,702.6,37.53,67.7,0,0.0,4,8.9,4,15.497,sintetico
2026-02-06 01:25:59.182982,-29.58,29.82,650.5,5.27,63.1,0,0.0,2,9.0,5,1.864,sintetico
2026-02-06 02:25:59.182982,-8.41,8.62,530.9,18.96,138.9,0,0.0,2,4.47,0,4.469,sintetico
2026-02-06 03:25:59.182982,9.01,10.42,371.9,8.37,32.4,0,0.0,0,1.6,0,0.968,sintetico
2026-02-06 04:25:59.182982,-20.03,21.18,691.3,47.78,39.7,1,0.0,2,9.0,5,19.095,sintetico
2026-02-06 05:25:59.182982,-4.66,5.46,467.0,22.84,31.2,0,0.0,0,1.42,0,4.165,sintetico
2026-02-06 06:25:59.182982,-10.8,11.65,707.5,5.98,24.4,1,0.0,2,6.09,2,2.502,sintetico
2026-02-06 07:25:59.182982,-1.67,6.48,382.7,2.61,39.5,0,0.0,0,2.71,0,0.4,sintetico
2026-02-06 08:25:59.182982,3.79,7.33,365.4,14.34,245.1,0,0.0,0,1.21,0,1.602,sintetico
2026-02-06 09:25:59.182982,1.81,2.95,403.6,9.0,24.9,0,0.0,1,0.99,0,1.226,sintetico
2026-02-06 10:25:59.182982,-24.45,24.48,648.8,11.78,155.4,1,0.0,3,8.54,4,4.147,sintetico
2026-02-06 11:25:59.182982,2.93,3.28,443.8,5.13,55.6,0,0.0,0,1.14,0,0.845,sintetico
2026-02-06 12:25:59.182982,-3.16,10.5,378.7,17.52,30.3,0,0.0,0,2.46,0,2.101,sintetico
2026-02-06 13:25:59.182982,5.27,8.24,407.5,13.58,13.3,0,0.0,1,2.18,0,1.886,sintetico
2026-02-06 14:25:59.182982,4.08,4.46,395.6,11.42,70.0,0,0.0,0,1.76,0,1.495,sintetico
2026-02-06 15:25:59.182982,-25.34,26.86,717.8,53.25,76.3,1,0.0,2,9.0,5,22.941,sintetico
2026-02-06 16:25:59.182982,-22.87,23.09,593.5,12.85,101.2,0,0.0,3,8.24,4,3.786,sintetico
2026-02-06 17:25:59.182982,-6.17,7.32,365.1,15.7,68.9,0,0.0,1,3.72,0,1.751,sintetico
2026-02-06 18:25:59.182982,-0.51,1.93,575.1,23.41,45.6,1,0.0,3,3.0,0,6.476,sintetico
2026-02-06 19:25:59.182982,-6.88,8.33,749.6,14.05,60.6,1,0.0,2,5.47,1,6.602,sintetico
2026-02-06 20:25:59.182982,4.0,4.84,378.2,7.34,32.7,0,0.0,1,1.9,0,0.878,sintetico
2026-02-06 21:25:59.182982,0.54,1.48,317.4,20.92,40.3,0,0.0,2,0.98,0,1.763,sintetico
2026-02-06 22:25:59.182982,7.44,8.11,317.5,6.75,21.6,0,0.0,0,1.18,0,0.569,sintetico
2026-02-06 23:25:59.182982,-14.59,15.32,708.3,12.43,26.2,1,0.0,2,7.3,3,5.214,sintetico
2026-02-07 00:25:59.182982,5.8,7.75,499.1,2.94,50.8,0,0.0,0,0.25,0,0.613,sintetico
2026-02-07 01:25:59.182982,2.28,3.15,271.3,12.84,31.6,0,0.0,2,0.76,0,0.791,sintetico
2026-02-07 02:25:59.182982,-23.38,23.41,697.7,105.17,30.1,1,0.0,2,9.0,5,42.813,sintetico
2026-02-07 03:25:59.182982,3.75,5.78,419.1,4.75,63.2,0,0.0,0,1.56,0,0.698,sintetico
2026-02-07 04:25:59.182982,-0.26,6.19,486.1,10.84,84.2,0,0.0,0,1.6,0,2.142,sintetico
2026-02-07 05:25:59.182982,3.35,3.57,347.9,21.69,44.6,0,0.0,0,1.54,0,2.195,sintetico
2026-02-07 06:25:59.182982,3.9,6.2,329.5,3.98,46.8,0,0.0,1,0.98,0,0.4,sintetico
2026-02-07 07:25:59.182982,-0.56,5.29,389.2,4.08,80.7,0,0.0,0,0.86,0,0.517,sintetico
2026-02-07 08:25:59.182982,-1.55,2.4,635.1,18.59,124.3,1,0.0,3,4.07,0,6.271,sintetico
2026-02-07 09:25:59.182982,-4.27,7.76,432.7,17.11,29.9,0,0.0,2,3.02,0,2.68,sintetico
2026-02-07 10:25:59.182982,-10.24,12.99,441.5,7.5,10.2,0,0.0,0,3.56,0,1.223,sintetico
2026-02-07 11:25:59.182982,2.47,7.24,402.8,14.02,31.8,0,0.0,1,2.51,0,1.902,sintetico
2026-02-07 12:25:59.182982,3.73,7.97,360.7,21.01,96.4,1,0.0,1,2.95,0,2.286,sintetico
2026-02-07 13:25:59.182982,2.57,8.93,421.1,26.17,90.6,0,0.0,0,0.94,0,3.881,sintetico
2026-02-07 14:25:59.182982,3.93,5.66,395.2,10.87,23.3,0,0.0,0,0.72,0,1.42,sintetico
2026-02-07 15:25:59.182982,-11.84,11.98,728.1,22.62,19.7,1,0.0,4,7.19,3,10.028,sintetico
2026-02-07 16:25:59.182982,-1.05,5.67,379.4,16.18,19.0,0,0.0,0,1.07,0,1.948,sintetico
2026-02-07 17:25:59.182982,1.08,3.19,388.1,11.41,202.2,0,0.0,2,2.49,0,1.437,sintetico
2026-02-07 18:25:59.182982,-15.12,15.92,573.1,32.74,148.6,1,0.0,2,7.51,3,8.993,sintetico
2026-02-07 19:25:59.182982,-11.63,11.65,519.7,41.27,112.2,1,0.0,3,6.1,2,9.323,sintetico
2026-02-07 20:25:59.182982,2.3,3.59,340.9,5.91,49.7,0,0.0,0,0.32,0,0.574,sintetico
2026-02-07 21:25:59.182982,-1.39,7.22,470.3,4.17,130.3,0,0.0,1,2.12,0,0.772,sintetico
2026-02-07 22:25:59.182982,-22.69,22.91,698.0,30.52,37.7,0,0.0,2,8.22,4,12.436,sintetico
2026-02-07 23:25:59.182982,-15.58,16.03,623.6,14.75,20.4,1,0.0,3,6.2,2,4.797,sintetico
2026-02-08 00:25:59.182982,-2.27,6.4,382.5,10.49,216.4,0,0.0,1,3.01,0,1.284,sintetico
2026-02-08 01:25:59.182982,7.34,7.76,377.4,11.33,46.7,0,0.0,0,1.87,0,1.349,sintetico
2026-02-08 02:25:59.182982,-8.17,9.94,532.4,13.79,170.1,1,0.0,2,4.71,0,3.268,sintetico
2026-02-08 03:25:59.182982,3.79,4.21,383.3,8.82,30.7,0,0.0,1,0.55,0,1.083,sintetico
2026-02-08 04:25:59.182982,-24.53,25.87,745.6,14.73,155.7,0,0.0,2,9.0,5,6.846,sintetico
2026-02-08 05:25:59.182982,2.52,3.54,457.4,16.61,42.1,0,0.0,0,1.6,0,2.906,sintetico
2026-02-08 06:25:59.182982,-14.17,14.31,664.6,20.45,15.7,0,0.0,2,7.69,3,7.554,sintetico
2026-02-08 07:25:59.182982,5.8,6.33,380.1,3.84,220.4,0,0.0,1,0.77,0,0.464,sintetico
2026-02-08 08:25:59.182982,-0.62,3.24,415.1,3.6,62.1,0,0.0,0,1.12,0,0.518,sintetico
2026-02-08 09:25:59.182982,-2.93,4.95,406.8,11.08,76.7,0,0.0,0,1.85,0,1.532,sintetico
2026-02-08 10:25:59.182982,11.21,11.6,485.1,20.69,80.0,0,0.0,0,1.98,0,4.073,sintetico
2026-02-08 11:25:59.182982,1.81,3.5,366.5,4.01,201.2,0,0.0,0,0.8,0,0.45,sintetico
2026-02-08 12:25:59.182982,1.66,2.02,370.6,10.96,63.1,0,0.0,1,1.74,0,1.259,sintetico
2026-02-08 13:25:59.182982,-22.03,22.18,579.1,27.68,77.4,1,0.0,3,8.75,4,7.764,sintetico
2026-02-08 14:25:59.182982,1.39,2.97,375.6,9.26,92.4,0,0.0,1,2.17,0,1.092,sintetico
2026-02-08 15:25:59.182982,5.49,5.75,378.3,7.52,60.5,0,0.0,0,1.54,0,0.9,sintetico
2026-02-08 16:25:59.182982,8.49,9.72,385.0,11.86,78.5,0,0.0,1,1.57,0,1.471,sintetico
2026-02-08 17:25:59.182982,-10.02,11.93,596.1,20.32,64.6,1,0.0,2,6.94,2,6.038,sintetico
2026-02-08 18:25:59.182982,-22.01,22.02,600.3,26.0,34.1,0,0.0,2,8.42,4,7.836,sintetico
2026-02-08 19:25:59.182982,5.09,5.94,445.4,4.26,94.4,0,0.0,0,1.36,0,0.707,sintetico
2026-02-08 20:25:59.182982,-16.51,17.1,594.1,9.76,75.9,1,0.0,2,6.78,2,2.88,sintetico
2026-02-08 21:25:59.182982,-2.11,4.73,304.9,14.44,37.2,0,0.0,1,1.87,0,1.122,sintetico
2026-02-08 22:25:59.182982,3.57,5.31,332.4,4.8,21.3,0,0.0,1,2.2,0,0.443,sintetico
2026-02-08 23:25:59.182982,4.55,5.41,366.6,2.09,20.2,0,0.0,1,1.19,0,0.4,sintetico
2026-02-09 00:25:59.182982,-21.87,22.83,568.4,20.54,115.9,1,0.0,3,9.0,5,5.55,sintetico
2026-02-09 01:25:59.182982,1.81,3.39,239.3,29.01,83.1,0,0.0,1,2.3,0,1.389,sintetico
2026-02-09 02:25:59.182982,6.51,7.32,448.5,10.33,113.2,0,0.0,1,1.29,0,1.738,sintetico
2026-02-09 03:25:59.182982,-17.37,18.2,716.7,56.43,179.9,1,0.0,3,9.0,5,24.239,sintetico
2026-02-09 04:25:59.182982,-32.78,33.65,533.5,30.0,30.9,1,0.0,2,9.0,5,7.14,sintetico
2026-02-09 05:25:59.182982,-1.71,6.17,374.3,2.71,250.9,0,0.0,1,1.74,0,0.4,sintetico
2026-02-09 06:25:59.182982,-33.83,34.13,724.4,16.81,72.5,1,0.0,3,9.0,5,7.376,sintetico
2026-02-09 07:25:59.182982,-4.92,5.65,362.0,2.63,38.4,0,0.0,1,1.58,0,0.4,sintetico
2026-02-09 08:25:59.182982,-21.43,22.57,535.3,54.79,42.2,1,0.0,3,9.0,5,13.131,sintetico
2026-02-09 09:25:59.182982,0.53,2.58,373.7,10.31,53.2,0,0.0,0,1.51,0,1.204,sintetico
2026-02-09 10:25:59.182982,6.9,7.71,343.1,15.03,144.7,0,0.0,0,1.52,0,1.479,sintetico
2026-02-09 11:25:59.182982,-0.62,3.28,332.0,5.53,56.8,0,0.0,0,1.78,0,0.51,sintetico
2026-02-09 12:25:59.182982,-12.26,12.53,739.9,53.26,68.6,1,0.0,2,7.72,3,24.38,sintetico
2026-02-09 13:25:59.182982,-11.83,13.34,791.2,24.79,38.0,1,0.0,4,8.11,4,12.976,sintetico
2026-02-09 14:25:59.182982,-19.95,20.9,605.8,39.69,144.4,1,0.0,4,9.0,5,12.182,sintetico
2026-02-09 15:25:59.182982,0.98,6.12,356.1,2.62,138.8,0,0.0,0,0.55,0,0.4,sintetico
2026-02-09 16:25:59.182982,6.74,6.76,476.0,8.75,100.3,0,0.0,0,1.67,0,1.658,sintetico
2026-02-09 17:25:59.182982,-1.47,4.85,424.6,4.15,55.7,0,0.0,0,1.53,0,0.626,sintetico
2026-02-09 18:25:59.182982,-0.98,5.28,406.4,29.93,132.2,0,0.0,0,1.87,0,4.135,sintetico
2026-02-09 19:25:59.182982,-2.97,6.76,386.0,16.7,22.8,0,0.0,0,1.99,0,2.082,sintetico
2026-02-09 20:25:59.182982,-21.43,22.15,763.6,36.23,89.5,0,0.0,2,7.33,3,17.668,sintetico
2026-02-09 21:25:59.182982,-23.56,23.91,542.9,38.29,51.6,0,0.0,4,8.1,4,9.438,sintetico
2026-02-09 22:25:59.182982,6.86,9.41,393.9,3.93,150.1,0,0.0,0,1.2,0,0.51,sintetico
2026-02-09 23:25:59.182982,1.91,4.69,423.6,18.91,54.4,1,0.0,0,2.29,0,2.838,sintetico
2026-02-10 00:25:59.182982,0.71,5.94,403.9,11.39,30.0,0,0.0,1,0.86,0,1.554,sintetico
2026-02-10 01:25:59.182982,3.22,7.56,375.9,16.36,227.1,0,0.0,0,0.69,0,1.933,sintetico
2026-02-10 02:25:59.182982,-32.53,32.76,723.2,7.54,58.7,1,0.0,2,9.0,5,3.298,sintetico
2026-02-10 03:25:59.182982,-1.31,2.12,414.3,7.01,142.8,0,0.0,0,1.35,0,1.006,sintetico
2026-02-10 04:25:59.182982,-24.4,24.44,522.8,23.08,77.0,0,0.0,2,7.41,3,5.276,sintetico
2026-02-10 05:25:59.182982,-28.6,28.89,672.5,15.22,75.9,1,0.0,3,9.0,5,5.756,sintetico
2026-02-10 06:25:59.182982,1.02,5.56,321.7,37.53,103.0,0,0.0,2,2.35,0,3.249,sintetico
2026-02-10 07:25:59.182982,-30.93,31.05,593.8,14.39,159.7,1,0.0,3,9.0,5,4.242,sintetico
2026-02-10 08:25:59.182982,-3.08,4.55,488.8,20.19,81.0,0,0.0,0,1.84,0,4.034,sintetico
2026-02-10 09:25:59.182982,0.57,6.14,436.6,6.61,11.7,0,0.0,0,0.94,0,1.053,sintetico
2026-02-10 10:25:59.182982,-19.43,19.72,628.5,19.9,103.7,0,0.0,2,6.23,2,6.573,sintetico
2026-02-10 11:25:59.182982,-6.42,8.68,537.9,12.01,65.5,1,0.0,2,4.33,0,2.906,sintetico
2026-02-10 12:25:59.182982,-19.2,19.73,744.5,9.42,67.6,1,0.0,2,8.8,4,4.368,sintetico
2026-02-10 13:25:59.182982,6.33,9.0,358.4,12.1,139.1,0,0.0,1,1.85,0,1.3,sintetico
2026-02-10 14:25:59.182982,-27.99,28.29,760.5,19.31,152.7,1,0.0,4,9.0,5,9.34,sintetico
2026-02-10 15:25:59.182982,-20.39,20.73,708.3,87.24,74.2,0,0.0,4,9.0,5,36.603,sintetico
2026-02-10 16:25:59.182982,5.96,8.69,372.6,20.89,35.3,0,0.0,2,2.5,0,2.426,sintetico
2026-02-10 17:25:59.182982,-11.08,12.41,653.1,16.94,20.1,1,0.0,3,7.33,3,6.044,sintetico
2026-02-10 18:25:59.182982,-24.92,25.69,509.0,22.11,99.4,0,0.0,3,8.55,4,4.79,sintetico
2026-02-10 19:25:59.182982,-13.31,13.36,769.4,10.31,46.4,0,0.0,3,7.03,3,5.103,sintetico
2026-02-10 20:25:59.182982,-0.33,4.76,420.5,3.37,26.3,0,0.0,1,1.97,0,0.498,sintetico
2026-02-10 21:25:59.182982,-1.88,2.9,441.9,19.91,49.4,0,0.0,0,1.49,0,3.252,sintetico
2026-02-10 22:25:59.182982,-23.51,23.8,726.9,10.45,289.2,0,0.0,3,8.83,4,4.618,sintetico
2026-02-10 23:25:59.182982,3.08,5.11,423.1,5.4,16.4,0,0.0,1,1.47,0,0.808,sintetico
2026-02-11 00:25:59.182982,1.2,6.66,321.8,5.82,88.5,0,0.0,0,0.38,0,0.504,sintetico
2026-02-11 01:25:59.182982,0.89,1.2,411.5,7.54,22.1,0,0.0,0,1.33,0,1.067,sintetico
2026-02-11 02:25:59.182982,-1.67,1.79,365.9,9.13,112.2,0,0.0,1,2.57,0,1.022,sintetico
2026-02-11 03:25:59.182982,1.09,9.74,328.3,8.43,49.8,0,0.0,0,0.76,0,0.76,sintetico
2026-02-11 04:25:59.182982,-2.68,5.38,422.3,11.89,57.4,0,0.0,0,1.48,0,1.773,sintetico
2026-02-11 05:25:59.182982,0.59,1.0,387.4,6.95,61.0,0,0.0,0,0.63,0,0.872,sintetico
2026-02-11 06:25:59.182982,0.98,2.97,388.6,8.33,129.6,0,0.0,2,2.73,0,1.051,sintetico
2026-02-11 07:25:59.182982,-3.92,7.0,549.8,14.0,58.9,1,0.0,2,4.35,0,3.538,sintetico
2026-02-11 08:25:59.182982,-2.61,3.01,391.6,5.08,51.4,0,0.0,0,1.53,0,0.652,sintetico
2026-02-11 09:25:59.182982,-1.06,6.99,367.8,13.11,44.5,0,0.0,1,2.29,0,1.483,sintetico
2026-02-11 10:25:59.182982,-10.06,12.13,686.3,20.41,116.4,1,0.0,4,7.45,3,8.039,sintetico
2026-02-11 11:25:59.182982,4.38,6.42,335.2,9.85,66.7,0,0.0,0,0.56,0,0.926,sintetico
2026-02-11 12:25:59.182982,-4.13,6.76,380.7,9.75,103.1,0,0.0,1,2.48,0,1.182,sintetico
2026-02-11 13:25:59.182982,-5.55,7.34,676.1,16.46,85.0,0,0.0,2,4.23,0,6.292,sintetico
2026-02-11 14:25:59.182982,2.02,4.07,414.9,3.72,73.4,0,0.0,1,1.44,0,0.536,sintetico
2026-02-11 15:25:59.182982,2.03,6.71,668.9,19.97,77.5,0,0.0,2,2.72,0,7.471,sintetico
2026-02-11 16:25:59.182982,2.95,7.23,404.8,6.01,154.9,0,0.0,0,1.27,0,0.823,sintetico
2026-02-11 17:25:59.182982,-0.47,5.34,423.4,8.88,67.5,0,0.0,0,0.97,0,1.331,sintetico
2026-02-11 18:25:59.182982,-15.64,15.82,601.9,12.14,46.0,1,0.0,2,7.4,3,3.677,sintetico
2026-02-11 19:25:59.182982,-20.31,20.65,560.9,6.42,85.8,1,0.0,2,8.2,4,1.688,sintetico
2026-02-11 20:25:59.182982,-19.41,19.42,618.1,14.26,116.7,1,0.0,2,8.17,4,4.558,sintetico
2026-02-11 21:25:59.182982,-18.38,18.46,638.2,8.13,209.9,1,0.0,3,7.89,3,2.769,sintetico
2026-02-11 22:25:59.182982,1.12,3.44,349.9,5.01,35.2,0,0.0,1,0.78,0,0.512,sintetico
2026-02-11 23:25:59.182982,2.75,5.32,379.9,12.09,46.1,0,0.0,0,1.0,0,1.459,sintetico
2026-02-12 00:25:59.182982,-13.54,13.79,644.9,21.0,114.0,0,0.0,2,6.07,2,7.303,sintetico
2026-02-12 01:25:59.182982,-16.31,16.53,692.2,26.47,28.7,1,0.0,3,8.5,4,10.608,sintetico
2026-02-12 02:25:59.182982,-6.73,7.48,389.2,1.13,51.8,0,0.0,1,2.6,0,0.4,sintetico
2026-02-12 03:25:59.182982,-2.88,3.91,320.7,4.39,30.4,0,0.0,0,2.04,0,0.4,sintetico
2026-02-12 04:25:59.182982,5.5,8.59,322.0,11.53,55.8,0,0.0,2,2.31,0,1.0,sintetico
2026-02-12 05:25:59.182982,-5.49,5.54,419.4,7.14,109.4,0,0.0,0,1.55,0,1.05,sintetico
2026-02-12 06:25:59.182982,-6.67,9.01,353.2,5.53,87.5,0,0.0,0,2.97,0,0.577,sintetico
2026-02-12 07:25:59.182982,-6.12,7.19,269.5,21.59,91.1,0,0.0,0,1.89,0,1.312,sintetico
2026-02-12 08:25:59.182982,-28.54,28.55,560.0,47.07,51.4,0,0.0,3,9.0,5,12.342,sintetico
2026-02-12 09:25:59.182982,7.08,9.82,353.7,4.93,144.8,0,0.0,2,1.66,0,0.516,sintetico
2026-02-12 10:25:59.182982,-14.75,14.8,607.5,24.69,32.5,1,0.0,4,7.63,3,7.621,sintetico
2026-02-12 11:25:59.182982,-9.47,9.9,598.1,17.98,72.8,1,0.0,2,5.61,1,5.379,sintetico
2026-02-12 12:25:59.182982,3.88,8.12,395.2,3.0,248.1,0,0.0,0,0.96,0,0.4,sintetico
2026-02-12 13:25:59.182982,4.2,8.53,352.9,3.36,37.7,0,0.0,1,1.43,0,0.4,sintetico
2026-02-12 14:25:59.182982,9.44,10.69,368.8,2.1,99.5,0,0.0,0,0.8,0,0.4,sintetico
2026-02-12 15:25:59.182982,9.48,9.91,389.0,12.74,86.0,0,0.0,0,0.89,0,1.612,sintetico
2026-02-12 16:25:59.182982,-21.89,23.35,726.4,14.89,116.0,1,0.0,3,9.0,5,6.569,sintetico
2026-02-12 17:25:59.182982,1.85,4.59,339.1,5.53,88.0,1,0.0,2,2.51,0,0.532,sintetico
2026-02-12 18:25:59.182982,-3.88,6.11,424.2,16.32,62.9,0,0.0,1,3.32,0,2.457,sintetico
2026-02-12 19:25:59.182982,-16.3,18.65,647.3,20.63,15.6,1,0.0,2,6.46,2,7.23,sintetico
2026-02-12 20:25:59.182982,5.6,5.89,364.4,17.78,55.7,0,0.0,1,1.79,0,1.975,sintetico
2026-02-12 21:25:59.182982,3.45,4.92,418.4,23.1,127.9,0,0.0,2,2.16,0,3.381,sintetico
2026-02-12 22:25:59.182982,-1.24,5.46,391.1,5.01,76.2,0,0.0,0,0.96,0,0.64,sintetico
2026-02-12 23:25:59.182982,-5.91,5.91,428.8,12.8,26.9,0,0.0,0,1.62,0,1.968,sintetico
2026-02-13 00:25:59.182982,-9.97,10.99,659.2,3.81,75.5,1,0.0,3,6.64,2,1.384,sintetico
2026-02-13 01:25:59.182982,-16.66,17.26,568.7,14.38,35.8,1,0.0,3,6.89,2,3.89,sintetico
2026-02-13 02:25:59.182982,11.36,12.48,403.7,18.3,41.7,0,0.0,2,1.94,0,2.493,sintetico
2026-02-13 03:25:59.182982,-10.51,13.14,744.6,9.88,23.0,1,0.0,2,6.35,2,4.58,sintetico
2026-02-13 04:25:59.182982,0.43,9.74,351.2,15.85,69.1,0,0.0,1,1.49,0,1.635,sintetico
2026-02-13 05:25:59.182982,3.01,4.45,442.6,7.15,350.0,0,0.0,2,2.11,0,1.172,sintetico
2026-02-13 06:25:59.182982,2.64,4.94,252.5,8.33,109.0,0,0.0,0,0.0,0,0.444,sintetico
2026-02-13 07:25:59.182982,-22.54,24.1,635.6,13.01,52.7,0,0.0,2,7.77,3,4.395,sintetico
2026-02-13 08:25:59.182982,-22.64,22.72,527.5,18.36,79.0,1,0.0,4,9.0,5,4.273,sintetico
2026-02-13 09:25:59.182982,-1.81,10.38,332.7,9.91,28.8,0,0.0,1,1.3,0,0.917,sintetico
2026-02-13 10:25:59.182982,7.59,13.61,346.6,9.43,39.0,0,0.0,0,1.07,0,0.947,sintetico
2026-02-13 11:25:59.182982,2.66,3.35,354.1,4.57,44.0,0,0.0,2,2.52,0,0.479,sintetico
2026-02-13 12:25:59.182982,0.59,6.19,528.8,2.3,75.2,0,0.0,1,2.1,0,0.537,sintetico
2026-02-13 13:25:59.182982,-13.35,13.5,764.4,35.75,37.4,1,0.0,3,7.69,3,17.468,sintetico
2026-02-13 14:25:59.182982,3.2,4.31,395.2,2.64,23.8,0,0.0,0,1.52,0,0.4,sintetico
2026-02-13 15:25:59.182982,-13.5,13.92,678.9,6.23,93.1,1,0.0,2,7.85,3,2.403,sintetico
2026-02-13 16:25:59.182982,-4.18,6.36,433.1,26.88,63.1,0,0.0,0,2.47,0,4.216,sintetico
2026-02-13 17:25:59.182982,-5.14,6.73,642.7,11.3,72.1,1,0.0,2,4.35,0,3.901,sintetico
2026-02-13 18:25:59.182982,-8.34,8.74,504.8,11.82,49.8,1,0.0,2,4.76,0,2.52,sintetico
2026-02-13 19:25:59.182982,2.54,10.49,382.1,6.68,39.1,0,0.0,0,0.95,0,0.816,sintetico
2026-02-13 20:25:59.182982,1.34,3.3,463.1,15.14,26.1,0,0.0,1,2.23,0,2.716,sintetico
2026-02-13 21:25:59.182982,-9.1,9.36,614.6,22.72,52.2,1,0.0,3,6.31,2,7.178,sintetico
2026-02-13 22:25:59.182982,-4.23,5.58,369.6,13.91,42.1,0,0.0,0,1.66,0,1.589,sintetico
2026-02-13 23:25:59.182982,3.66,4.51,373.0,6.0,88.6,0,0.0,1,1.59,0,0.698,sintetico
2026-02-14 00:25:59.182982,-14.07,15.0,710.0,10.98,92.3,0,0.0,3,6.52,2,4.628,sintetico
2026-02-14 01:25:59.182982,11.07,13.54,408.1,85.87,56.4,0,0.0,2,2.48,0,11.959,sintetico
2026-02-14 02:25:59.182982,-16.56,16.63,469.7,54.07,73.5,0,0.0,2,5.49,1,9.977,sintetico
2026-02-14 03:25:59.182982,-6.69,6.88,687.7,9.68,43.8,0,0.0,3,5.43,1,3.829,sintetico
2026-02-14 04:25:59.182982,-0.64,1.0,424.5,6.95,46.2,0,0.0,2,1.74,0,1.047,sintetico
2026-02-14 05:25:59.182982,2.49,3.77,412.7,12.67,79.1,0,0.0,1,1.26,0,1.805,sintetico
2026-02-14 06:25:59.182982,2.14,6.31,329.0,11.43,45.1,0,0.0,0,0.48,0,1.035,sintetico
2026-02-14 07:25:59.182982,-0.16,2.06,400.8,15.81,119.3,0,0.0,0,1.1,0,2.123,sintetico
2026-02-14 08:25:59.182982,-17.9,18.48,678.2,5.08,47.5,0,0.0,2,6.98,2,1.953,sintetico
2026-02-14 09:25:59.182982,-6.34,8.71,636.1,6.9,36.9,1,0.0,3,5.01,1,2.337,sintetico
2026-02-14 10:25:59.182982,-23.37,23.55,523.7,16.13,51.1,0,0.0,2,7.3,3,3.7,sintetico
2026-02-14 11:25:59.182982,-12.28,14.15,712.7,11.15,142.0,1,0.0,4,7.84,3,4.735,sintetico
2026-02-14 12:25:59.182982,2.97,4.81,385.4,3.56,161.6,0,0.0,0,1.43,0,0.442,sintetico
2026-02-14 13:25:59.182982,-3.17,4.88,413.2,13.95,32.6,0,0.0,0,2.16,0,1.992,sintetico
2026-02-14 14:25:59.182982,2.94,5.89,388.0,5.92,21.2,0,0.0,1,1.88,0,0.745,sintetico
2026-02-14 15:25:59.182982,-12.43,12.56,685.1,21.94,86.9,1,0.0,2,6.61,2,8.612,sintetico
2026-02-14 16:25:59.182982,-6.73,10.99,440.4,10.19,24.2,0,0.0,0,1.58,0,1.654,sintetico
2026-02-14 17:25:59.182982,0.91,3.06,380.3,9.1,67.5,0,0.0,2,1.72,0,1.101,sintetico
2026-02-14 18:25:59.182982,-22.87,22.95,787.6,14.03,63.0,1,0.0,4,9.0,5,7.277,sintetico
2026-02-14 19:25:59.182982,8.87,9.1,333.8,23.88,73.1,0,0.0,1,1.88,0,2.225,sintetico
2026-02-14 20:25:59.182982,0.73,5.26,373.3,8.16,63.1,0,0.0,2,1.83,0,0.951,sintetico
2026-02-14 21:25:59.182982,3.38,6.62,324.2,10.6,36.3,0,0.0,0,0.5,0,0.932,sintetico
2026-02-14 22:25:59.182982,4.43,5.86,295.5,9.13,34.1,0,0.0,0,0.26,0,0.667,sintetico
2026-02-14 23:25:59.182982,-14.73,15.22,655.9,10.49,53.4,0,0.0,2,7.1,3,3.773,sintetico
2026-02-15 00:25:59.182982,4.65,5.14,375.6,10.69,54.9,0,0.0,0,0.54,0,1.261,sintetico
2026-02-15 01:25:59.182982,-23.1,23.17,621.0,15.19,104.5,1,0.0,2,8.61,4,4.901,sintetico
2026-02-15 02:25:59.182982,-15.84,16.49,762.2,33.96,34.2,1,0.0,4,8.11,4,16.502,sintetico
2026-02-15 03:25:59.182982,4.97,6.28,462.1,5.84,137.3,0,0.0,1,1.16,0,1.043,sintetico
2026-02-15 04:25:59.182982,-3.65,6.26,337.0,13.73,42.6,0,0.0,1,2.84,0,1.304,sintetico
2026-02-15 05:25:59.182982,-0.81,3.87,384.8,39.25,206.2,0,0.0,0,2.35,0,4.861,sintetico
2026-02-15 06:25:59.182982,-24.5,24.74,657.8,16.88,25.4,0,0.0,3,9.0,5,6.108,sintetico
2026-02-15 07:25:59.182982,0.69,5.19,379.3,7.66,17.8,0,0.0,0,1.11,0,0.922,sintetico
2026-02-15 08:25:59.182982,-4.54,4.98,379.5,9.89,33.6,0,0.0,1,3.62,0,1.191,sintetico
2026-02-15 09:25:59.182982,-32.24,32.38,547.4,15.85,14.4,1,0.0,4,9.0,5,3.971,sintetico
2026-02-15 10:25:59.182982,1.63,3.74,447.9,24.23,57.1,1,0.0,1,2.67,0,4.064,sintetico
2026-02-15 11:25:59.182982,-2.61,3.56,653.4,38.85,74.6,0,0.0,3,3.6,0,13.872,sintetico
2026-02-15 12:25:59.182982,-18.75,19.23,664.0,14.52,60.4,1,0.0,2,8.55,4,5.352,sintetico
2026-02-15 13:25:59.182982,-11.42,12.6,644.6,14.85,49.5,1,0.0,3,7.03,3,5.162,sintetico
2026-02-15 14:25:59.182982,-19.81,19.93,595.5,13.61,40.1,1,0.0,3,8.02,4,4.037,sintetico
2026-02-15 15:25:59.182982,0.19,4.37,389.3,23.69,185.1,0,0.0,0,1.49,0,3.003,sintetico
2026-02-15 16:25:59.182982,0.7,6.3,353.3,2.68,14.0,0,0.0,0,0.71,0,0.4,sintetico
2026-02-15 17:25:59.182982,-22.52,23.1,697.9,18.53,23.6,0,0.0,3,8.31,4,7.545,sintetico
2026-02-15 18:25:59.182982,-15.87,18.3,673.6,14.32,40.4,1,0.0,2,7.21,3,5.434,sintetico
2026-02-15 19:25:59.182982,10.59,11.8,390.9,2.9,51.7,0,0.0,0,1.35,0,0.4,sintetico
2026-02-15 20:25:59.182982,-8.04,11.15,696.6,27.49,68.1,1,0.0,2,6.65,2,11.154,sintetico
2026-02-15 21:25:59.182982,0.91,1.91,400.0,14.86,64.2,0,0.0,0,2.62,0,1.989,sintetico
2026-02-15 22:25:59.182982,-11.4,14.28,749.0,39.17,161.6,1,0.0,3,7.79,3,18.377,sintetico
2026-02-15 23:25:59.182982,-10.0,10.63,669.4,20.02,13.4,0,0.0,4,6.1,2,7.503,sintetico
2026-02-16 00:25:59.182982,2.04,5.96,369.1,7.53,160.6,1,0.0,1,2.71,0,0.857,sintetico
2026-02-16 01:25:59.182982,2.19,4.92,377.8,10.13,94.9,0,0.0,0,1.22,0,1.209,sintetico
2026-02-16 02:25:59.182982,8.88,15.56,359.8,17.74,72.5,0,0.0,0,1.31,0,1.921,sintetico
2026-02-16 03:25:59.182982,5.38,5.46,334.8,8.86,64.2,0,0.0,1,1.69,0,0.83,sintetico
2026-02-16 04:25:59.182982,8.3,10.18,417.0,18.08,69.4,0,0.0,0,1.44,0,2.63,sintetico
2026-02-16 05:25:59.182982,-30.38,30.51,598.9,6.64,38.5,1,0.0,2,9.0,5,1.993,sintetico
2026-02-16 06:25:59.182982,4.35,7.79,369.0,8.41,127.3,0,0.0,0,0.71,0,0.958,sintetico
2026-02-16 07:25:59.182982,-10.59,12.7,728.9,19.8,18.5,0,0.0,3,6.24,2,8.797,sintetico
2026-02-16 08:25:59.182982,-0.11,1.77,373.1,10.79,39.0,0,0.0,0,0.98,0,1.256,sintetico
2026-02-16 09:25:59.182982,-2.33,6.18,406.2,8.43,50.7,0,0.0,2,2.96,0,1.163,sintetico
2026-02-16 10:25:59.182982,-32.53,33.31,754.5,13.04,61.1,0,0.0,2,9.0,5,6.206,sintetico
2026-02-16 11:25:59.182982,3.8,4.33,408.1,8.37,35.4,0,0.0,0,1.45,0,1.165,sintetico
2026-02-16 12:25:59.182982,-19.7,19.79,642.2,12.79,206.9,0,0.0,4,7.46,3,4.411,sintetico
2026-02-16 13:25:59.182982,-2.21,6.38,393.8,24.79,74.1,0,0.0,0,3.2,0,3.215,sintetico
2026-02-16 14:25:59.182982,4.26,6.22,351.0,16.92,170.0,0,0.0,0,1.59,0,1.743,sintetico
2026-02-16 15:25:59.182982,2.98,8.32,420.0,19.87,63.3,0,0.0,0,0.79,0,2.932,sintetico
2026-02-16 16:25:59.182982,-0.42,3.34,327.0,8.2,41.0,0,0.0,0,1.94,0,0.733,sintetico
2026-02-16 17:25:59.182982,-6.45,7.21,693.1,9.43,32.8,1,0.0,2,4.13,0,3.79,sintetico
2026-02-16 18:25:59.182982,-27.26,27.55,746.6,31.61,80.6,1,0.0,2,9.0,5,14.739,sintetico
2026-02-16 19:25:59.182982,4.34,7.59,438.0,8.04,34.6,0,0.0,1,1.81,0,1.289,sintetico
2026-02-16 20:25:59.182982,4.8,4.97,410.5,8.28,55.9,0,0.0,0,1.75,0,1.166,sintetico
2026-02-16 21:25:59.182982,0.91,5.97,380.5,18.8,51.1,0,0.0,2,2.09,0,2.276,sintetico
2026-02-16 22:25:59.182982,-25.7,25.76,614.5,43.41,44.5,0,0.0,2,9.0,5,13.707,sintetico
2026-02-16 23:25:59.182982,2.86,4.45,434.2,3.51,121.0,0,0.0,2,2.12,0,0.553,sintetico
2026-02-17 00:25:59.182982,-5.15,5.98,358.4,8.65,13.5,0,0.0,0,2.82,0,0.929,sintetico
2026-02-17 01:25:59.182982,-3.36,5.58,445.6,4.39,39.5,0,0.0,0,1.18,0,0.73,sintetico
2026-02-17 02:25:59.182982,-6.62,7.36,409.9,3.08,59.7,0,0.0,0,2.76,0,0.433,sintetico
2026-02-17 03:25:59.182982,5.93,6.81,411.7,3.11,33.4,0,0.0,0,2.03,0,0.441,sintetico
2026-02-17 04:25:59.182982,-0.23,7.53,375.4,6.86,53.1,0,0.0,1,1.96,0,0.808,sintetico
2026-02-17 05:25:59.182982,-0.66,5.18,411.1,15.39,77.1,0,0.0,0,1.35,0,2.175,sintetico
2026-02-17 06:25:59.182982,10.82,10.84,354.5,24.93,142.5,1,0.0,0,1.91,0,2.62,sintetico
2026-02-17 07:25:59.182982,-2.5,6.12,446.7,1.26,111.7,0,0.0,0,1.54,0,0.4,sintetico
2026-02-17 08:25:59.182982,-0.98,4.72,362.6,4.32,26.2,0,0.0,2,2.51,0,0.475,sintetico
2026-02-17 09:25:59.182982,5.63,5.72,540.3,35.12,59.1,0,0.0,1,2.48,0,8.574,sintetico
2026-02-17 10:25:59.182982,-13.27,15.37,742.2,24.02,43.4,1,0.0,2,6.62,2,11.065,sintetico
2026-02-17 11:25:59.182982,-21.97,22.4,749.2,17.1,58.6,0,0.0,2,9.0,5,8.026,sintetico
2026-02-17 12:25:59.182982,5.55,7.69,341.0,4.4,64.0,0,0.0,1,1.92,0,0.428,sintetico
2026-02-17 13:25:59.182982,-29.12,29.24,749.4,12.38,40.4,1,0.0,3,9.0,5,5.813,sintetico
2026-02-17 14:25:59.182982,-21.0,21.02,643.3,21.52,22.3,1,0.0,4,9.0,5,7.449,sintetico
2026-02-17 15:25:59.182982,-19.29,20.35,707.9,24.74,77.6,1,0.0,3,8.65,4,10.366,sintetico
2026-02-17 16:25:59.182982,-9.15,11.28,550.5,34.57,30.1,1,0.0,3,6.06,2,8.761,sintetico
2026-02-17 17:25:59.182982,8.55,9.67,422.6,30.73,104.4,0,0.0,0,1.03,0,4.589,sintetico
2026-02-17 18:25:59.182982,-4.3,5.6,467.3,5.98,34.7,0,0.0,0,1.78,0,1.092,sintetico
2026-02-17 19:25:59.182982,-1.66,5.88,435.7,21.8,5.8,0,0.0,0,0.78,0,3.461,sintetico
2026-02-17 20:25:59.182982,9.74,11.23,433.7,9.04,56.9,0,0.0,1,1.57,0,1.421,sintetico
2026-02-17 21:25:59.182982,-13.86,14.07,685.3,20.2,28.1,1,0.0,3,7.15,3,7.932,sintetico
2026-02-17 22:25:59.182982,-26.6,26.71,564.8,10.39,99.3,0,0.0,2,8.28,4,2.773,sintetico
2026-02-17 23:25:59.182982,1.84,1.89,497.1,12.65,108.1,0,0.0,2,2.19,0,2.615,sintetico
2026-02-18 00:25:59.182982,-2.37,5.1,479.9,11.46,14.6,0,0.0,0,2.94,0,2.208,sintetico
2026-02-18 01:25:59.182982,-0.77,1.01,385.5,35.39,47.9,0,0.0,0,2.01,0,4.398,sintetico
2026-02-18 02:25:59.182982,-4.22,9.6,381.8,5.76,72.0,0,0.0,0,1.75,0,0.703,sintetico
2026-02-18 03:25:59.182982,5.06,5.86,332.4,36.26,51.9,0,0.0,0,1.09,0,3.352,sintetico
2026-02-18 04:25:59.182982,-20.91,22.52,591.8,8.13,66.9,1,0.0,3,7.78,3,2.381,sintetico
2026-02-18 05:25:59.182982,-10.06,10.49,303.7,4.7,27.2,0,0.0,0,3.18,0,0.4,sintetico
2026-02-18 06:25:59.182982,-0.59,3.88,635.9,15.31,40.7,1,0.0,3,4.66,0,5.179,sintetico
2026-02-18 07:25:59.182982,-3.15,7.56,413.0,8.06,32.8,0,0.0,1,2.24,0,1.15,sintetico
2026-02-18 08:25:59.182982,-8.34,9.18,365.1,16.4,36.3,0,0.0,0,2.78,0,1.828,sintetico
2026-02-18 09:25:59.182982,-2.59,2.83,426.6,4.69,75.6,0,0.0,0,1.71,0,0.714,sintetico
2026-02-18 10:25:59.182982,2.12,8.24,346.4,8.93,45.4,0,0.0,2,1.85,0,0.896,sintetico
2026-02-18 11:25:59.182982,-24.46,24.68,747.3,26.33,350.0,0,0.0,4,9.0,5,12.296,sintetico
2026-02-18 12:25:59.182982,2.75,8.94,376.6,17.17,78.2,0,0.0,1,1.53,0,2.038,sintetico
2026-02-18 13:25:59.182982,-21.94,22.36,751.7,10.78,26.0,0,0.0,3,9.0,5,5.096,sintetico
2026-02-18 14:25:59.182982,-16.52,16.57,562.2,35.65,87.0,1,0.0,3,7.64,3,9.425,sintetico
2026-02-18 15:25:59.182982,-18.59,18.78,689.0,30.31,20.0,1,0.0,2,8.1,4,12.031,sintetico
2026-02-18 16:25:59.182982,-11.92,12.32,695.5,7.77,16.5,1,0.0,4,7.6,3,3.144,sintetico
2026-02-18 17:25:59.182982,-7.86,10.2,413.7,3.3,105.1,0,0.0,0,2.1,0,0.472,sintetico
2026-02-18 18:25:59.182982,1.27,4.67,356.6,29.84,84.2,0,0.0,0,0.82,0,3.174,sintetico
2026-02-18 19:25:59.182982,3.84,9.82,327.4,13.1,23.0,0,0.0,0,1.58,0,1.175,sintetico
2026-02-18 20:25:59.182982,-5.96,6.66,361.0,5.38,47.2,0,0.0,0,1.48,0,0.586,sintetico
2026-02-18 21:25:59.182982,-8.44,10.88,611.3,31.94,29.4,1,0.0,3,6.73,2,9.984,sintetico
2026-02-18 22:25:59.182982,2.49,3.03,326.4,3.23,128.2,0,0.0,0,1.01,0,0.4,sintetico
2026-02-18 23:25:59.182982,4.47,5.73,349.0,9.35,45.3,1,0.0,0,1.51,0,0.952,sintetico
2026-02-19 00:25:59.182982,-4.48,5.85,410.2,8.15,116.8,0,0.0,0,2.06,0,1.147,sintetico
2026-02-19 01:25:59.182982,3.73,8.59,440.0,8.98,96.9,0,0.0,0,1.29,0,1.454,sintetico
2026-02-19 02:25:59.182982,-6.88,7.37,295.8,11.64,38.5,0,0.0,1,2.77,0,0.852,sintetico
2026-02-19 03:25:59.182982,0.85,3.59,359.5,59.7,52.0,0,0.0,1,3.66,0,6.452,sintetico
2026-02-19 04:25:59.182982,-29.09,29.11,494.0,5.98,30.8,0,0.0,2,7.89,3,1.22,sintetico
2026-02-19 05:25:59.182982,5.72,8.89,456.6,8.99,25.3,0,0.0,1,1.52,0,1.568,sintetico
2026-02-19 06:25:59.182982,-8.39,8.46,553.5,11.82,28.3,1,0.0,3,5.17,1,3.029,sintetico
2026-02-19 07:25:59.182982,-4.78,5.37,345.5,7.84,32.0,0,0.0,0,2.34,0,0.782,sintetico
2026-02-19 08:25:59.182982,-11.71,15.45,756.9,12.19,123.0,0,0.0,2,6.6,2,5.842,sintetico
2026-02-19 09:25:59.182982,-1.49,7.27,449.7,7.82,37.2,0,0.0,1,2.16,0,1.322,sintetico
2026-02-19 10:25:59.182982,4.52,8.37,402.5,32.86,84.5,0,0.0,1,2.03,0,4.452,sintetico
2026-02-19 11:25:59.182982,-5.43,8.7,317.8,10.71,22.3,0,0.0,1,3.2,0,0.905,sintetico
2026-02-19 12:25:59.182982,2.37,6.43,417.2,9.41,36.5,0,0.0,1,1.06,0,1.37,sintetico
2026-02-19 13:25:59.182982,-11.7,12.7,726.2,31.28,90.8,1,0.0,2,6.05,2,13.796,sintetico
2026-02-19 14:25:59.182982,-3.74,5.27,342.9,4.65,93.1,0,0.0,2,3.0,0,0.457,sintetico
2026-02-19 15:25:59.182982,4.58,6.04,421.1,30.34,350.0,0,0.0,1,1.48,0,4.499,sintetico
2026-02-19 16:25:59.182982,-0.49,5.79,331.2,8.38,119.0,0,0.0,0,0.64,0,0.768,sintetico
2026-02-19 17:25:59.182982,-4.53,5.76,320.4,11.3,58.1,0,0.0,0,1.06,0,0.97,sintetico
2026-02-19 18:25:59.182982,-23.29,23.46,637.0,11.9,192.9,0,0.0,2,7.24,3,4.038,sintetico
2026-02-19 19:25:59.182982,2.17,5.81,408.5,22.42,46.9,0,0.0,0,1.14,0,3.13,sintetico
2026-02-19 20:25:59.182982,-20.06,21.56,668.8,89.43,48.0,1,0.0,2,9.0,5,33.451,sintetico
2026-02-19 21:25:59.182982,-4.42,5.58,398.1,15.4,150.2,0,0.0,2,2.91,0,2.041,sintetico
2026-02-19 22:25:59.182982,-31.92,32.41,673.2,5.39,67.4,1,0.0,2,9.0,5,2.044,sintetico
2026-02-19 23:25:59.182982,-14.68,15.8,605.0,8.32,17.6,1,0.0,2,7.19,3,2.548,sintetico
2026-02-20 00:25:59.182982,-23.91,24.02,639.0,22.36,118.4,0,0.0,2,8.64,4,7.634,sintetico
2026-02-20 01:25:59.182982,-20.94,21.03,799.3,31.73,78.7,0,0.0,4,9.0,5,16.952,sintetico
2026-02-20 02:25:59.182982,-25.12,25.17,656.5,25.72,103.5,0,0.0,2,9.0,5,9.268,sintetico
2026-02-20 03:25:59.182982,-0.74,3.95,301.9,5.89,37.8,0,0.0,0,2.15,0,0.448,sintetico
2026-02-20 04:25:59.182982,-25.47,25.75,607.7,15.27,55.1,1,0.0,4,9.0,5,4.714,sintetico
2026-02-20 05:25:59.182982,-16.74,16.88,730.5,12.25,48.8,1,0.0,2,6.7,2,5.467,sintetico
2026-02-20 06:25:59.182982,-10.78,11.56,324.6,4.43,62.1,0,0.0,0,2.15,0,0.4,sintetico
2026-02-20 07:25:59.182982,-6.65,9.54,391.9,13.45,79.7,0,0.0,1,3.4,0,1.728,sintetico
2026-02-20 08:25:59.182982,-1.87,3.61,431.3,4.87,142.8,0,0.0,0,1.3,0,0.757,sintetico
2026-02-20 09:25:59.182982,2.45,3.54,416.1,8.35,41.0,0,0.0,0,1.43,0,1.21,sintetico
2026-02-20 10:25:59.182982,3.81,7.7,346.1,2.69,206.4,0,0.0,0,0.35,0,0.4,sintetico
2026-02-20 11:25:59.182982,2.37,4.38,396.9,8.37,37.5,0,0.0,0,1.57,0,1.102,sintetico
2026-02-20 12:25:59.182982,2.12,4.54,394.8,48.27,282.8,0,0.0,1,1.22,0,6.292,sintetico
2026-02-20 13:25:59.182982,-2.16,2.65,415.5,8.56,47.0,0,0.0,0,1.02,0,1.235,sintetico
2026-02-20 14:25:59.182982,-1.02,7.0,394.1,3.09,67.7,0,0.0,0,0.41,0,0.401,sintetico
2026-02-20 15:25:59.182982,-12.09,13.05,496.9,6.68,21.5,0,0.0,3,4.81,0,1.378,sintetico
2026-02-20 16:25:59.182982,-19.81,21.26,647.2,9.92,147.1,0,0.0,3,7.33,3,3.476,sintetico
2026-02-20 17:25:59.182982,-16.33,16.62,826.3,21.09,101.6,1,0.0,3,9.0,5,12.039,sintetico
2026-02-20 18:25:59.182982,-15.91,17.14,716.7,19.73,23.0,0,0.0,2,6.91,2,8.473,sintetico
2026-02-20 19:25:59.182982,-22.89,23.52,681.3,17.97,63.0,0,0.0,2,8.52,4,6.977,sintetico
2026-02-20 20:25:59.182982,6.81,7.03,334.5,20.4,19.0,0,0.0,0,0.94,0,1.909,sintetico
2026-02-20 21:25:59.182982,-18.22,18.24,553.7,36.37,193.7,1,0.0,3,8.45,4,9.325,sintetico
2026-02-20 22:25:59.182982,-21.84,21.87,645.4,11.28,74.0,0,0.0,3,8.37,4,3.928,sintetico
2026-02-20 23:25:59.182982,12.14,13.08,664.9,18.41,68.2,1,0.0,2,4.02,0,6.808,sintetico
2026-02-21 00:25:59.182982,-11.88,12.0,680.1,9.55,33.8,0,0.0,3,5.92,1,3.696,sintetico
2026-02-21 01:25:59.182982,-24.74,24.76,673.0,23.97,72.2,1,0.0,2,8.93,4,9.08,sintetico
2026-02-21 02:25:59.182982,-8.61,12.18,514.2,7.61,33.9,1,0.0,2,4.26,0,1.683,sintetico
2026-02-21 03:25:59.182982,7.17,11.13,401.1,7.59,32.1,0,0.0,1,1.39,0,1.021,sintetico
2026-02-21 04:25:59.182982,-8.64,8.64,633.4,54.21,91.0,0,0.0,4,6.05,2,18.19,sintetico
2026-02-21 05:25:59.182982,-16.62,17.06,759.2,10.88,90.7,1,0.0,4,8.67,4,5.242,sintetico
2026-02-21 06:25:59.182982,-27.25,27.57,651.7,28.56,101.1,1,0.0,2,9.0,5,10.143,sintetico
2026-02-21 07:25:59.182982,-22.5,22.57,758.8,23.34,57.1,1,0.0,3,9.0,5,11.237,sintetico
2026-02-21 08:25:59.182982,0.41,4.85,379.5,7.42,133.8,0,0.0,0,1.44,0,0.894,sintetico
2026-02-21 09:25:59.182982,-14.34,14.74,587.7,8.09,38.8,0,0.0,3,7.19,3,2.336,sintetico
2026-02-21 10:25:59.182982,-15.16,15.2,601.3,20.02,41.7,1,0.0,2,6.72,2,6.055,sintetico
2026-02-21 11:25:59.182982,-16.87,20.37,553.8,56.51,37.0,0,0.0,3,7.59,3,14.495,sintetico
2026-02-21 12:25:59.182982,3.32,4.2,351.3,7.86,60.7,0,0.0,1,0.98,0,0.811,sintetico
2026-02-21 13:25:59.182982,3.87,4.02,427.4,5.79,39.5,0,0.0,2,1.34,0,0.885,sintetico
2026-02-21 14:25:59.182982,-26.3,26.52,734.2,10.95,67.0,0,0.0,2,9.0,5,4.938,sintetico
2026-02-21 15:25:59.182982,-2.61,9.26,378.0,10.52,89.0,0,0.0,1,1.58,0,1.258,sintetico
2026-02-21 16:25:59.182982,-0.68,6.8,344.5,3.34,43.2,0,0.0,0,0.72,0,0.4,sintetico
2026-02-21 17:25:59.182982,5.02,6.8,395.6,2.61,15.1,0,0.0,0,0.83,0,0.4,sintetico
2026-02-21 18:25:59.182982,9.04,9.07,495.4,6.17,229.4,0,0.0,1,1.76,0,1.266,sintetico
2026-02-21 19:25:59.182982,2.57,7.76,346.5,3.93,54.5,0,0.0,1,1.47,0,0.4,sintetico
2026-02-21 20:25:59.182982,-18.47,18.92,672.0,24.5,64.2,0,0.0,3,8.03,4,9.254,sintetico
2026-02-21 21:25:59.182982,12.5,13.15,446.4,8.86,33.6,0,0.0,0,0.43,0,1.476,sintetico
2026-02-21 22:25:59.182982,-16.85,17.25,490.8,12.67,36.9,1,0.0,2,6.74,2,2.552,sintetico
2026-02-21 23:25:59.182982,-26.2,26.63,564.2,24.09,119.4,1,0.0,2,9.0,5,6.414,sintetico
2026-02-22 00:25:59.182982,1.66,6.73,448.5,28.55,134.2,0,0.0,1,2.01,0,4.804,sintetico
2026-02-22 01:25:59.182982,6.84,7.17,385.1,30.78,52.3,0,0.0,1,1.52,0,3.817,sintetico
2026-02-22 02:25:59.182982,-14.53,14.87,618.5,31.67,62.6,1,0.0,2,7.54,3,10.131,sintetico
2026-02-22 03:25:59.182982,-14.71,14.78,718.9,7.31,69.8,1,0.0,2,8.19,4,3.161,sintetico
2026-02-22 04:25:59.182982,7.64,8.54,353.2,4.69,27.6,0,0.0,0,1.54,0,0.489,sintetico
2026-02-22 05:25:59.182982,0.61,1.14,307.9,7.1,72.7,1,0.0,1,2.19,0,0.563,sintetico
2026-02-22 06:25:59.182982,4.59,7.6,422.6,10.85,23.5,0,0.0,0,1.9,0,1.62,sintetico
2026-02-22 07:25:59.182982,4.53,5.47,473.8,17.42,18.8,0,0.0,0,1.05,0,3.27,sintetico
2026-02-22 08:25:59.182982,3.33,3.87,372.5,16.34,145.7,0,0.0,0,1.6,0,1.896,sintetico
2026-02-22 09:25:59.182982,-4.61,7.29,400.0,13.92,64.7,0,0.0,0,3.45,0,1.863,sintetico
2026-02-22 10:25:59.182982,-22.26,23.7,635.6,19.96,243.4,0,0.0,3,7.75,3,6.745,sintetico
2026-02-22 11:25:59.182982,2.49,3.66,447.7,25.7,15.3,0,0.0,0,1.15,0,4.31,sintetico
2026-02-22 12:25:59.182982,0.61,7.18,433.1,4.16,111.3,0,0.0,0,1.74,0,0.652,sintetico
2026-02-22 13:25:59.182982,9.01,9.84,394.9,16.87,89.8,0,0.0,0,1.82,0,2.2,sintetico
2026-02-22 14:25:59.182982,-38.72,38.76,708.4,36.6,142.7,1,0.0,2,9.0,5,15.36,sintetico
2026-02-22 15:25:59.182982,-19.51,19.99,622.6,12.06,36.6,1,0.0,3,7.73,3,3.911,sintetico
2026-02-22 16:25:59.182982,-0.82,2.76,400.8,7.6,34.2,0,0.0,0,1.07,0,1.021,sintetico
2026-02-22 17:25:59.182982,-0.4,3.66,430.3,25.84,114.3,0,0.0,0,2.28,0,4.001,sintetico
2026-02-22 18:25:59.182982,-14.92,15.59,624.7,21.46,48.0,0,0.0,3,6.74,2,7.005,sintetico
2026-02-22 19:25:59.182982,1.82,9.96,357.9,6.67,73.5,0,0.0,1,1.63,0,0.714,sintetico
2026-02-22 20:25:59.182982,4.9,5.04,378.2,43.85,53.0,0,0.0,0,1.59,0,5.247,sintetico
2026-02-22 21:25:59.182982,6.51,7.03,331.6,5.05,57.1,0,0.0,0,0.43,0,0.464,sintetico
2026-02-22 22:25:59.182982,-26.4,26.92,652.3,11.08,143.3,1,0.0,3,9.0,5,3.94,sintetico
2026-02-22 23:25:59.182982,1.08,1.56,313.2,13.32,45.5,0,0.0,0,1.02,0,1.093,sintetico
2026-02-23 00:25:59.182982,-8.92,9.39,769.4,28.77,62.6,1,0.0,2,7.05,3,14.245,sintetico
2026-02-23 01:25:59.182982,-13.69,13.97,626.4,15.97,78.6,0,0.0,3,7.32,3,5.241,sintetico
2026-02-23 02:25:59.182982,-1.03,3.54,331.9,6.79,55.3,0,0.0,1,1.35,0,0.626,sintetico
2026-02-23 03:25:59.182982,-10.62,10.77,847.3,16.25,43.9,0,0.0,2,5.13,1,9.755,sintetico
2026-02-23 04:25:59.182982,-14.12,14.38,651.4,18.8,53.9,1,0.0,2,7.28,3,6.672,sintetico
2026-02-23 05:25:59.182982,-14.01,14.9,619.4,9.23,28.2,1,0.0,3,6.43,2,2.96,sintetico
2026-02-23 06:25:59.182982,-2.77,6.07,265.1,4.71,34.3,0,0.0,0,1.36,0,0.4,sintetico
2026-02-23 07:25:59.182982,0.59,4.57,359.4,6.17,61.8,0,0.0,0,0.58,0,0.667,sintetico
2026-02-23 08:25:59.182982,-26.16,27.2,546.5,12.59,86.0,1,0.0,2,8.23,4,3.146,sintetico
2026-02-23 09:25:59.182982,-16.84,18.56,615.3,25.15,193.4,1,0.0,3,8.8,4,7.962,sintetico
2026-02-23 10:25:59.182982,1.6,9.06,347.8,13.06,61.4,0,0.0,0,0.33,0,1.321,sintetico
2026-02-23 11:25:59.182982,-20.11,20.37,622.4,43.36,97.2,1,0.0,3,8.52,4,14.046,sintetico
2026-02-23 12:25:59.182982,-15.59,16.56,523.4,17.01,86.7,1,0.0,2,5.94,1,3.896,sintetico
2026-02-23 13:25:59.182982,-28.41,29.0,458.8,21.03,31.3,0,0.0,3,8.39,4,3.702,sintetico
2026-02-23 14:25:59.182982,2.34,3.34,398.7,4.51,14.0,1,0.0,1,2.38,0,0.599,sintetico
2026-02-23 15:25:59.182982,3.5,4.18,742.9,7.92,30.3,0,0.0,2,3.79,0,3.653,sintetico
2026-02-23 16:25:59.182982,-17.54,17.56,753.1,12.57,48.3,0,0.0,3,7.81,3,5.963,sintetico
2026-02-23 17:25:59.182982,-1.74,5.46,416.0,4.63,27.9,0,0.0,1,2.45,0,0.67,sintetico
2026-02-23 18:25:59.182982,-26.58,27.99,660.4,5.17,45.2,1,0.0,2,9.0,5,1.885,sintetico
2026-02-23 19:25:59.182982,5.12,5.31,371.7,11.03,148.8,0,0.0,0,1.87,0,1.274,sintetico
2026-02-23 20:25:59.182982,-6.03,6.2,411.6,3.92,114.3,0,0.0,0,2.48,0,0.556,sintetico
2026-02-23 21:25:59.182982,-11.96,12.16,733.8,9.16,350.0,0,0.0,3,5.96,1,4.124,sintetico
2026-02-23 22:25:59.182982,0.93,3.89,330.7,8.32,38.9,0,0.0,0,0.71,0,0.761,sintetico
2026-02-23 23:25:59.182982,2.36,11.14,378.7,14.79,81.1,0,0.0,0,1.17,0,1.774,sintetico
2026-02-24 00:25:59.182982,3.13,6.52,336.6,11.42,75.7,0,0.0,1,1.5,0,1.082,sintetico
2026-02-24 01:25:59.182982,2.1,4.72,348.2,4.9,29.7,0,0.0,0,0.6,0,0.497,sintetico
2026-02-24 02:25:59.182982,4.0,7.51,454.2,4.57,47.8,0,0.0,0,1.64,0,0.788,sintetico
2026-02-24 03:25:59.182982,-5.59,5.9,348.5,15.96,34.9,0,0.0,0,2.3,0,1.621,sintetico
2026-02-24 04:25:59.182982,0.71,4.12,512.2,59.01,71.5,0,0.0,2,2.7,0,12.947,sintetico
2026-02-24 05:25:59.182982,-2.63,5.07,376.4,9.23,56.0,0,0.0,0,1.63,0,1.094,sintetico
2026-02-24 06:25:59.182982,6.34,9.05,398.0,5.11,78.3,0,0.0,0,0.22,0,0.677,sintetico
2026-02-24 07:25:59.182982,-4.12,7.53,360.2,17.58,80.1,0,0.0,2,2.47,0,1.907,sintetico
2026-02-24 08:25:59.182982,-24.06,25.04,524.0,18.78,30.5,1,0.0,3,8.96,4,4.312,sintetico
2026-02-24 09:25:59.182982,-0.14,6.19,442.3,4.49,86.3,0,0.0,1,1.51,0,0.734,sintetico
2026-02-24 10:25:59.182982,-0.84,2.19,422.2,12.05,24.3,0,0.0,0,1.33,0,1.797,sintetico
2026-02-24 11:25:59.182982,4.6,8.26,412.3,11.37,53.7,0,0.0,1,1.81,0,1.616,sintetico
2026-02-24 12:25:59.182982,-2.89,7.37,237.3,15.96,24.1,0,0.0,2,2.42,0,0.752,sintetico
2026-02-24 13:25:59.182982,7.77,12.29,385.9,7.57,50.7,0,0.0,1,0.78,0,0.943,sintetico
2026-02-24 14:25:59.182982,-30.18,30.97,592.1,7.9,274.9,0,0.0,2,8.42,4,2.317,sintetico
2026-02-24 15:25:59.182982,-2.67,2.72,366.8,13.74,130.7,0,0.0,1,2.33,0,1.546,sintetico
2026-02-24 16:25:59.182982,1.04,7.14,370.6,34.98,69.3,0,0.0,0,2.16,0,4.018,sintetico
2026-02-24 17:25:59.182982,0.4,4.37,337.4,11.06,65.6,0,0.0,0,0.0,0,1.053,sintetico
2026-02-24 18:25:59.182982,-19.05,19.43,665.9,23.27,224.5,1,0.0,2,8.32,4,8.63,sintetico
2026-02-24 19:25:59.182982,-20.38,20.63,644.2,28.41,86.9,1,0.0,3,8.67,4,9.86,sintetico
2026-02-24 20:25:59.182982,-21.43,21.86,559.6,35.07,23.7,0,0.0,2,7.3,3,9.184,sintetico
2026-02-24 21:25:59.182982,2.0,2.18,347.4,4.82,27.5,0,0.0,0,1.17,0,0.486,sintetico
2026-02-24 22:25:59.182982,4.8,7.17,419.3,11.26,37.5,0,0.0,2,0.81,0,1.655,sintetico
2026-02-24 23:25:59.182982,0.49,2.29,402.0,15.79,103.5,0,0.0,0,1.58,0,2.135,sintetico
2026-02-25 00:25:59.182982,-11.19,11.21,693.5,10.36,62.2,0,0.0,3,6.32,2,4.167,sintetico
2026-02-25 01:25:59.182982,0.61,4.9,367.6,14.85,22.7,1,0.0,1,2.44,0,1.678,sintetico
2026-02-25 02:25:59.182982,-14.35,15.48,701.2,9.9,125.7,1,0.0,2,6.81,2,4.071,sintetico
2026-02-25 03:25:59.182982,-26.37,26.71,613.9,17.36,34.7,0,0.0,3,8.28,4,5.472,sintetico
2026-02-25 04:25:59.182982,-7.65,11.52,666.7,12.88,113.7,1,0.0,2,5.88,1,4.788,sintetico
2026-02-25 05:25:59.182982,-39.09,39.45,579.5,44.74,46.7,0,0.0,4,9.0,5,12.565,sintetico
2026-02-25 06:25:59.182982,-21.56,21.68,647.6,3.73,152.7,0,0.0,2,7.39,3,1.308,sintetico
2026-02-25 07:25:59.182982,4.51,7.75,389.9,4.53,107.8,0,0.0,0,1.09,0,0.575,sintetico
2026-02-25 08:25:59.182982,5.42,11.37,387.3,6.37,65.2,0,0.0,0,0.43,0,0.799,sintetico
2026-02-25 09:25:59.182982,-12.3,13.04,623.2,16.78,228.5,1,0.0,2,6.19,2,5.449,sintetico
2026-02-25 10:25:59.182982,-7.19,10.95,451.9,6.35,86.6,0,0.0,1,4.12,0,1.084,sintetico
2026-02-25 11:25:59.182982,3.01,6.9,315.5,6.44,170.2,0,0.0,1,0.42,0,0.536,sintetico
2026-02-25 12:25:59.182982,-20.13,20.96,549.5,20.69,97.0,1,0.0,3,7.97,3,5.225,sintetico
2026-02-25 13:25:59.182982,-7.73,8.24,696.9,17.66,32.9,1,0.0,3,6.13,2,7.174,sintetico
2026-02-25 14:25:59.182982,2.01,3.96,432.3,19.26,110.2,0,0.0,1,0.51,0,3.01,sintetico
2026-02-25 15:25:59.182982,4.61,10.08,314.9,5.54,74.0,0,0.0,1,0.73,0,0.46,sintetico
2026-02-25 16:25:59.182982,5.61,8.4,405.5,14.78,139.8,0,0.0,0,1.19,0,2.033,sintetico
2026-02-25 17:25:59.182982,5.89,6.67,383.8,20.38,56.7,0,0.0,2,2.06,0,2.51,sintetico
2026-02-25 18:25:59.182982,3.79,12.29,399.2,16.65,101.2,0,0.0,1,1.66,0,2.219,sintetico
2026-02-25 19:25:59.182982,2.46,3.02,430.9,6.48,148.0,0,0.0,1,1.47,0,1.005,sintetico
2026-02-25 20:25:59.182982,8.02,10.22,431.2,10.39,102.3,0,0.0,1,0.93,0,1.615,sintetico
2026-02-25 21:25:59.182982,-0.85,2.38,415.0,30.39,54.7,0,0.0,0,1.49,0,4.376,sintetico
2026-02-25 22:25:59.182982,-23.01,23.08,650.7,10.69,27.8,0,0.0,3,8.16,4,3.784,sintetico
2026-02-25 23:25:59.182982,-11.22,11.37,616.8,16.32,45.4,1,0.0,2,5.41,1,5.192,sintetico
2026-02-26 00:25:59.182982,-0.18,1.0,350.5,46.17,134.9,0,0.0,2,2.82,0,4.744,sintetico
2026-02-26 01:25:59.182982,-0.39,3.48,374.6,17.07,48.4,1,0.0,0,1.97,0,2.003,sintetico
2026-02-26 02:25:59.182982,-1.59,2.47,368.7,20.55,62.5,0,0.0,1,2.41,0,2.337,sintetico
2026-02-26 03:25:59.182982,-0.26,5.94,355.0,12.01,75.6,0,0.0,1,1.72,0,1.265,sintetico
2026-02-26 04:25:59.182982,1.66,4.29,462.0,11.24,81.0,0,0.0,0,1.42,0,2.006,sintetico
2026-02-26 05:25:59.182982,-10.12,10.28,811.7,50.75,38.3,1,0.0,2,8.06,4,27.959,sintetico
2026-02-26 06:25:59.182982,-0.91,4.33,325.5,9.36,350.0,0,0.0,0,0.9,0,0.829,sintetico
2026-02-26 07:25:59.182982,-7.92,9.8,660.1,10.2,56.6,0,0.0,3,4.28,0,3.718,sintetico
2026-02-26 08:25:59.182982,-33.08,33.16,577.0,13.12,57.3,1,0.0,2,9.0,5,3.653,sintetico
2026-02-26 09:25:59.182982,-1.17,4.9,427.5,9.08,208.0,0,0.0,0,1.63,0,1.388,sintetico
2026-02-26 10:25:59.182982,7.24,7.71,326.3,15.17,28.2,0,0.0,0,1.15,0,1.35,sintetico
2026-02-26 11:25:59.182982,-12.08,12.12,669.0,24.3,15.3,0,0.0,2,5.93,1,9.096,sintetico
2026-02-26 12:25:59.182982,-2.97,4.17,371.5,7.98,25.2,0,0.0,0,1.57,0,0.922,sintetico
2026-02-26 13:25:59.182982,-1.64,7.83,451.5,6.13,128.3,0,0.0,0,0.58,0,1.044,sintetico
2026-02-26 14:25:59.182982,-2.7,4.52,261.5,7.89,111.0,0,0.0,2,2.36,0,0.451,sintetico
2026-02-26 15:25:59.182982,-12.1,13.58,619.2,44.88,28.5,1,0.0,4,7.25,3,14.393,sintetico
2026-02-26 16:25:59.182982,2.69,6.9,335.3,14.06,85.1,0,0.0,1,1.52,0,1.322,sintetico
2026-02-26 17:25:59.182982,0.55,4.11,355.6,10.44,104.6,0,0.0,1,0.0,0,1.104,sintetico
2026-02-26 18:25:59.182982,3.48,5.43,487.6,15.32,27.3,0,0.0,0,1.87,0,3.046,sintetico
2026-02-26 19:25:59.182982,5.95,6.68,349.8,5.65,39.8,0,0.0,1,0.95,0,0.578,sintetico
2026-02-26 20:25:59.182982,0.44,2.15,307.1,23.75,114.4,0,0.0,0,0.94,0,1.873,sintetico
2026-02-26 21:25:59.182982,-15.29,15.94,600.2,12.84,73.2,1,0.0,3,8.39,4,3.867,sintetico
2026-02-26 22:25:59.182982,-19.9,20.41,500.7,17.84,72.3,0,0.0,2,5.76,1,3.741,sintetico
2026-02-26 23:25:59.182982,-7.83,8.4,547.2,37.74,36.3,0,0.0,2,4.75,0,9.449,sintetico
2026-02-27 00:25:59.182982,4.46,4.47,342.2,5.44,121.4,0,0.0,1,1.23,0,0.533,sintetico
2026-02-27 01:25:59.182982,5.9,8.0,352.4,9.5,44.8,0,0.0,1,1.21,0,0.987,sintetico
2026-02-27 02:25:59.182982,-14.24,14.38,742.9,29.21,50.3,1,0.0,3,7.61,3,13.481,sintetico
2026-02-27 03:25:59.182982,-20.28,20.35,746.7,15.71,29.5,0,0.0,4,8.67,4,7.325,sintetico
2026-02-27 04:25:59.182982,-7.4,8.9,580.5,25.35,141.7,1,0.0,2,5.46,1,7.144,sintetico
2026-02-27 05:25:59.182982,-2.62,6.59,409.8,16.43,54.8,0,0.0,0,1.52,0,2.307,sintetico
2026-02-27 06:25:59.182982,6.89,7.49,333.2,3.27,166.3,0,0.0,2,2.79,0,0.4,sintetico
2026-02-27 07:25:59.182982,-15.13,15.46,766.2,23.46,193.3,1,0.0,2,8.32,4,11.516,sintetico
2026-02-27 08:25:59.182982,0.39,1.71,437.1,2.64,32.7,0,0.0,0,1.42,0,0.421,sintetico
2026-02-27 09:25:59.182982,-4.95,5.83,503.2,12.21,18.0,1,0.0,2,4.11,0,2.585,sintetico
2026-02-27 10:25:59.182982,0.1,1.23,291.2,5.63,72.5,0,0.0,0,0.55,0,0.4,sintetico
2026-02-27 11:25:59.182982,9.2,10.0,378.6,35.17,174.9,0,0.0,0,1.01,0,4.216,sintetico
2026-02-27 12:25:59.182982,3.82,4.77,413.2,6.33,30.9,0,0.0,1,2.16,0,0.904,sintetico
2026-02-27 13:25:59.182982,-11.86,12.66,637.2,19.57,142.3,1,0.0,3,7.12,3,6.644,sintetico
2026-02-27 14:25:59.182982,-23.49,23.56,665.6,16.82,23.9,0,0.0,2,8.32,4,6.231,sintetico
2026-02-27 15:25:59.182982,-12.35,12.59,716.1,20.55,38.7,1,0.0,2,7.31,3,8.812,sintetico
2026-02-27 16:25:59.182982,-22.78,23.15,578.5,10.0,42.5,0,0.0,4,8.33,4,2.8,sintetico
2026-02-27 17:25:59.182982,-1.04,3.39,346.2,2.78,53.8,0,0.0,0,0.62,0,0.4,sintetico
2026-02-27 18:25:59.182982,-13.04,13.78,757.5,46.27,59.4,1,0.0,3,6.65,2,22.201,sintetico
2026-02-27 19:25:59.182982,-4.97,6.16,472.3,6.77,74.9,0,0.0,0,1.82,0,1.263,sintetico
2026-02-27 20:25:59.182982,-26.66,26.76,683.9,10.4,60.3,1,0.0,4,9.0,5,4.067,sintetico
2026-02-27 21:25:59.182982,-12.35,13.46,659.0,7.48,85.0,1,0.0,4,7.34,3,2.717,sintetico
2026-02-27 22:25:59.182982,-12.22,13.58,659.7,36.34,54.0,1,0.0,2,6.63,2,13.228,sintetico
2026-02-27 23:25:59.182982,0.4,6.64,333.4,8.52,53.1,0,0.0,0,0.39,0,0.792,sintetico
2026-02-28 00:25:59.182982,2.87,6.62,439.0,12.29,53.0,0,0.0,0,0.44,0,1.98,sintetico
2026-02-28 01:25:59.182982,0.48,7.93,341.7,10.55,119.0,0,0.0,0,1.41,0,1.03,sintetico
2026-02-28 02:25:59.182982,-18.91,19.44,546.1,8.43,79.5,1,0.0,3,8.11,4,2.102,sintetico
2026-02-28 03:25:59.182982,-19.39,20.05,537.7,21.88,41.1,0,0.0,2,6.97,2,5.29,sintetico
2026-02-28 04:25:59.182982,-13.51,13.91,726.3,8.04,34.2,1,0.0,2,7.38,3,3.548,sintetico
2026-02-28 05:25:59.182982,6.64,7.34,366.8,11.6,22.5,0,0.0,0,1.01,0,1.305,sintetico
2026-02-28 06:25:59.182982,7.24,7.41,445.5,15.15,116.9,0,0.0,1,1.27,0,2.515,sintetico
2026-02-28 07:25:59.182982,2.0,6.01,417.0,5.41,45.2,0,0.0,0,0.57,0,0.786,sintetico
2026-02-28 08:25:59.182982,9.38,10.72,314.9,14.43,34.4,0,0.0,1,1.24,0,1.196,sintetico
2026-02-28 09:25:59.182982,-5.84,6.42,713.1,7.95,22.6,1,0.0,4,5.8,1,3.379,sintetico
2026-02-28 10:25:59.182982,1.27,7.16,360.5,7.19,26.3,0,0.0,0,1.26,0,0.781,sintetico
2026-02-28 11:25:59.182982,-9.75,9.85,425.7,33.71,91.5,1,0.0,3,6.55,2,5.107,sintetico
2026-02-28 12:25:59.182982,-37.41,37.46,630.5,11.34,60.2,1,0.0,2,9.0,5,3.769,sintetico
2026-02-28 13:25:59.182982,-27.32,27.85,725.6,29.14,41.1,0,0.0,2,8.8,4,12.831,sintetico
2026-02-28 14:25:59.182982,-21.36,21.99,536.7,10.54,25.4,0,0.0,2,6.9,2,2.538,sintetico
2026-02-28 15:25:59.182982,-1.27,3.8,308.7,5.05,26.6,0,0.0,0,0.47,0,0.403,sintetico
2026-02-28 16:25:59.182982,3.73,4.41,378.4,19.62,36.0,0,0.0,0,1.84,0,2.349,sintetico
2026-02-28 17:25:59.182982,2.34,7.0,314.4,5.88,16.3,0,0.0,1,2.01,0,0.486,sintetico
2026-02-28 18:25:59.182982,6.18,9.9,410.2,21.11,35.8,1,0.0,0,2.63,0,2.97,sintetico
2026-02-28 19:25:59.182982,-29.29,29.51,661.5,23.98,18.1,0,0.0,2,9.0,5,8.774,sintetico
2026-02-28 20:25:59.182982,-6.2,7.39,581.7,15.72,89.9,0,0.0,4,3.82,0,4.45,sintetico
2026-02-28 21:25:59.182982,0.11,1.55,425.2,24.42,84.0,0,0.0,1,0.73,0,3.692,sintetico
2026-02-28 22:25:59.182982,-20.02,20.26,597.8,9.05,57.2,1,0.0,2,8.74,4,2.704,sintetico
2026-02-28 23:25:59.182982,-23.02,23.09,679.3,8.7,84.6,1,0.0,2,8.68,4,3.356,sintetico
2026-03-01 00:25:59.182982,2.33,4.05,330.2,15.5,23.1,0,0.0,2,1.62,0,1.414,sintetico
2026-03-01 01:25:59.182982,6.67,7.44,367.2,14.8,26.2,0,0.0,0,1.12,0,1.669,sintetico
2026-03-01 02:25:59.182982,-17.23,17.39,494.5,10.88,114.9,0,0.0,3,7.26,3,2.226,sintetico
2026-03-01 03:25:59.182982,-4.46,7.47,486.6,8.62,138.6,0,0.0,0,1.99,0,1.708,sintetico
2026-03-01 04:25:59.182982,-22.61,22.82,746.5,5.46,68.6,0,0.0,2,8.4,4,2.545,sintetico
2026-03-01 05:25:59.182982,-25.66,26.74,515.5,16.16,105.1,1,0.0,3,8.23,4,3.591,sintetico
2026-03-01 06:25:59.182982,-14.55,16.18,623.0,5.43,72.2,0,0.0,2,5.36,1,1.764,sintetico
2026-03-01 07:25:59.182982,9.55,10.84,413.0,4.75,208.6,0,0.0,2,1.56,0,0.678,sintetico
2026-03-01 08:25:59.182982,1.5,4.6,341.7,3.79,69.6,0,0.0,1,1.59,0,0.4,sintetico
2026-03-01 09:25:59.182982,3.65,6.14,430.7,4.65,155.8,0,0.0,0,1.41,0,0.721,sintetico
2026-03-01 10:25:59.182982,-15.38,16.78,607.3,18.59,96.1,0,0.0,2,6.35,2,5.733,sintetico
2026-03-01 11:25:59.182982,-19.22,19.92,851.5,32.39,143.3,1,0.0,4,9.0,5,19.642,sintetico
2026-03-01 12:25:59.182982,-15.9,16.18,662.9,25.85,91.4,1,0.0,2,7.14,3,9.499,sintetico
2026-03-01 13:25:59.182982,-1.87,8.6,380.8,21.28,60.3,0,0.0,0,1.33,0,2.581,sintetico
2026-03-01 14:25:59.182982,1.89,8.23,440.1,17.32,44.0,0,0.0,0,1.97,0,2.806,sintetico
2026-03-01 15:25:59.182982,-1.53,4.49,434.3,23.17,218.4,0,0.0,0,0.85,0,3.656,sintetico
2026-03-01 16:25:59.182982,1.1,1.51,392.9,19.19,195.8,0,0.0,0,0.78,0,2.477,sintetico
2026-03-01 17:25:59.182982,-9.91,11.35,647.7,22.72,74.6,1,0.0,4,7.31,3,7.97,sintetico
2026-03-01 18:25:59.182982,-2.46,6.44,379.1,28.38,46.3,0,0.0,0,2.23,0,3.41,sintetico
2026-03-01 19:25:59.182982,-21.84,21.95,612.0,21.24,57.0,1,0.0,3,9.0,5,6.653,sintetico
2026-03-01 20:25:59.182982,6.78,6.86,390.5,12.11,42.8,0,0.0,0,1.68,0,1.545,sintetico
2026-03-01 21:25:59.182982,4.28,9.93,316.9,5.06,70.8,0,0.0,0,0.79,0,0.425,sintetico
2026-03-01 22:25:59.182982,3.2,6.33,336.6,4.43,36.6,0,0.0,0,0.65,0,0.419,sintetico
2026-03-01 23:25:59.182982,-5.5,7.89,419.0,4.11,36.5,0,0.0,0,2.35,0,0.604,sintetico
2026-03-02 00:25:59.182982,3.42,3.54,425.8,17.8,115.6,0,0.0,2,1.89,0,2.7,sintetico
2026-03-02 01:25:59.182982,1.76,1.93,364.4,13.34,31.8,0,0.0,0,2.42,0,1.481,sintetico
2026-03-02 02:25:59.182982,4.75,9.61,413.5,6.17,96.3,0,0.0,2,2.84,0,0.882,sintetico
2026-03-02 03:25:59.182982,9.84,9.86,393.0,4.35,83.7,0,0.0,0,1.96,0,0.563,sintetico
2026-03-02 04:25:59.182982,0.32,2.48,337.9,12.01,109.6,0,0.0,0,1.83,0,1.147,sintetico
2026-03-02 05:25:59.182982,2.91,2.92,391.1,12.34,61.8,0,0.0,0,1.36,0,1.579,sintetico
2026-03-02 06:25:59.182982,-27.33,27.65,537.2,26.8,69.2,0,0.0,4,9.0,5,6.47,sintetico
2026-03-02 07:25:59.182982,-5.81,8.26,422.1,17.08,151.4,0,0.0,1,2.53,0,2.545,sintetico
2026-03-02 08:25:59.182982,-1.54,13.13,427.1,7.33,25.5,0,0.0,0,0.89,0,1.119,sintetico
2026-03-02 09:25:59.182982,-25.01,25.42,779.5,16.27,59.5,1,0.0,2,9.0,5,8.267,sintetico
2026-03-02 10:25:59.182982,-15.85,16.53,593.0,7.98,51.5,1,0.0,3,8.04,4,2.347,sintetico
2026-03-02 11:25:59.182982,4.33,4.68,356.0,17.41,27.0,0,0.0,1,1.98,0,1.845,sintetico
2026-03-02 12:25:59.182982,5.63,6.7,388.6,22.93,65.4,0,0.0,1,1.63,0,2.895,sintetico
2026-03-02 13:25:59.182982,4.13,5.01,341.2,6.05,55.8,0,0.0,0,1.44,0,0.589,sintetico
2026-03-02 14:25:59.182982,1.78,2.68,381.6,7.39,71.9,0,0.0,0,1.7,0,0.9,sintetico
2026-03-02 15:25:59.182982,-8.68,11.52,515.1,15.22,108.6,0,0.0,2,4.77,0,3.377,sintetico
2026-03-02 16:25:59.182982,0.09,1.62,381.2,11.89,77.5,0,0.0,1,1.74,0,1.445,sintetico
2026-03-02 17:25:59.182982,-20.23,20.63,744.0,28.09,86.9,0,0.0,2,8.38,4,13.006,sintetico
2026-03-02 18:25:59.182982,3.39,3.78,350.4,11.34,77.3,0,0.0,0,0.7,0,1.165,sintetico
2026-03-02 19:25:59.182982,-18.97,20.05,711.5,43.04,54.6,1,0.0,4,9.0,5,18.222,sintetico
2026-03-02 20:25:59.182982,-24.48,25.69,756.6,13.39,175.5,0,0.0,3,8.4,4,6.411,sintetico
2026-03-02 21:25:59.182982,7.12,9.18,411.1,11.68,24.9,0,0.0,0,0.58,0,1.65,sintetico
2026-03-02 22:25:59.182982,-32.1,32.12,606.4,15.61,67.8,0,0.0,4,9.0,5,4.8,sintetico
2026-03-02 23:25:59.182982,4.33,4.38,403.2,4.99,135.9,0,0.0,2,1.87,0,0.678,sintetico
2026-03-03 00:25:59.182982,-16.56,18.31,633.2,22.67,128.5,1,0.0,2,8.22,4,7.602,sintetico
2026-03-03 01:25:59.182982,-15.96,16.26,602.1,19.61,23.9,1,0.0,2,7.78,3,5.946,sintetico
2026-03-03 02:25:59.182982,-23.16,23.35,696.8,14.21,31.3,0,0.0,4,8.62,4,5.772,sintetico
2026-03-03 03:25:59.182982,-15.87,16.26,524.4,23.79,53.4,0,0.0,2,6.45,2,5.471,sintetico
2026-03-03 04:25:59.182982,-10.3,10.48,620.4,13.13,70.3,1,0.0,2,4.55,0,4.226,sintetico
2026-03-03 05:25:59.182982,-17.11,18.24,749.9,14.41,39.8,1,0.0,3,8.38,4,6.775,sintetico
2026-03-03 06:25:59.182982,-25.3,25.6,674.0,25.56,67.0,1,0.0,2,8.77,4,9.709,sintetico
2026-03-03 07:25:59.182982,-1.58,5.65,335.7,7.37,101.7,0,0.0,1,1.98,0,0.694,sintetico
2026-03-03 08:25:59.182982,3.01,7.46,342.3,4.37,39.9,0,0.0,0,1.08,0,0.428,sintetico
2026-03-03 09:25:59.182982,-8.12,9.44,643.0,30.03,67.5,1,0.0,2,5.85,1,10.383,sintetico
2026-03-03 10:25:59.182982,-1.9,5.71,320.4,6.04,56.9,1,0.0,0,2.88,0,0.519,sintetico
2026-03-03 11:25:59.182982,-22.03,22.3,623.2,15.67,25.9,1,0.0,3,8.3,4,5.09,sintetico
2026-03-03 12:25:59.182982,-32.55,32.87,711.5,31.35,42.8,1,0.0,3,9.0,5,13.274,sintetico
2026-03-03 13:25:59.182982,5.22,6.63,351.4,4.52,41.6,0,0.0,1,1.28,0,0.466,sintetico
2026-03-03 14:25:59.182982,-23.96,24.82,777.4,17.3,55.6,1,0.0,4,9.0,5,8.745,sintetico
2026-03-03 15:25:59.182982,6.91,7.64,313.2,7.78,107.8,0,0.0,0,0.79,0,0.638,sintetico
2026-03-03 16:25:59.182982,-2.69,3.42,396.4,7.91,65.8,0,0.0,0,2.16,0,1.039,sintetico
2026-03-03 17:25:59.182982,-22.38,22.43,648.7,11.16,63.2,1,0.0,2,8.67,4,3.926,sintetico
2026-03-03 18:25:59.182982,-0.7,5.38,352.7,9.1,27.0,0,0.0,0,1.67,0,0.947,sintetico
2026-03-03 19:25:59.182982,-1.97,5.41,316.9,13.73,75.9,0,0.0,0,1.04,0,1.154,sintetico
2026-03-03 20:25:59.182982,2.22,4.98,360.2,3.75,72.4,0,0.0,0,0.8,0,0.407,sintetico
2026-03-03 21:25:59.182982,-17.03,17.82,616.1,10.16,125.5,0,0.0,3,6.66,2,3.226,sintetico
2026-03-03 22:25:59.182982,-9.2,11.45,710.0,2.97,120.8,1,0.0,2,6.35,2,1.252,sintetico
2026-03-03 23:25:59.182982,-24.57,25.65,636.5,83.48,81.3,0,0.0,3,9.0,5,28.285,sintetico
2026-03-04 00:25:59.182982,-4.81,4.9,403.0,11.33,12.4,0,0.0,2,2.65,0,1.539,sintetico
2026-03-04 01:25:59.182982,0.61,1.26,345.9,9.43,101.7,0,0.0,0,0.63,0,0.943,sintetico
2026-03-04 02:25:59.182982,-4.12,4.33,573.6,37.79,64.5,0,0.0,3,4.78,0,10.397,sintetico
2026-03-04 03:25:59.182982,5.22,5.95,281.7,18.4,139.6,0,0.0,0,0.98,0,1.221,sintetico
2026-03-04 04:25:59.182982,-17.48,19.7,771.5,18.76,147.4,1,0.0,2,8.39,4,9.339,sintetico
2026-03-04 05:25:59.182982,1.72,7.25,340.6,11.24,26.8,0,0.0,0,1.42,0,1.091,sintetico
2026-03-04 06:25:59.182982,7.2,7.3,349.4,14.9,82.2,0,0.0,0,1.34,0,1.522,sintetico
2026-03-04 07:25:59.182982,0.77,1.28,402.5,12.24,69.7,0,0.0,0,2.29,0,1.658,sintetico
2026-03-04 08:25:59.182982,0.42,4.44,346.2,36.39,66.5,0,0.0,0,0.53,0,3.648,sintetico
2026-03-04 09:25:59.182982,4.66,5.46,324.6,5.81,77.2,0,0.0,1,0.51,0,0.512,sintetico
2026-03-04 10:25:59.182982,0.88,5.18,354.4,8.35,64.7,0,0.0,1,1.34,0,0.877,sintetico
2026-03-04 11:25:59.182982,-11.83,13.49,575.3,27.48,197.9,1,0.0,3,5.68,1,7.606,sintetico
2026-03-04 12:25:59.182982,-3.09,3.29,260.4,25.01,16.9,0,0.0,1,1.59,0,1.419,sintetico
2026-03-04 13:25:59.182982,-24.81,24.93,613.1,19.15,25.0,0,0.0,3,8.38,4,6.019,sintetico
2026-03-04 14:25:59.182982,5.21,6.0,437.2,9.93,59.8,0,0.0,1,2.5,0,1.588,sintetico
2026-03-04 15:25:59.182982,8.71,10.52,433.6,6.7,71.1,0,0.0,0,2.0,0,1.053,sintetico
2026-03-04 16:25:59.182982,-29.1,29.29,755.8,7.5,13.4,0,0.0,2,9.0,5,3.584,sintetico
2026-03-04 17:25:59.182982,6.03,7.19,340.6,18.31,77.3,0,0.0,0,1.26,0,1.776,sintetico
2026-03-04 18:25:59.182982,-30.69,30.86,675.6,10.92,101.0,1,0.0,2,9.0,5,4.168,sintetico
2026-03-04 19:25:59.182982,-28.21,28.36,621.1,15.2,59.3,1,0.0,2,9.0,5,4.905,sintetico
2026-03-04 20:25:59.182982,3.44,3.56,353.7,7.81,34.9,0,0.0,0,1.17,0,0.817,sintetico
2026-03-04 21:25:59.182982,-2.53,4.0,379.0,7.67,39.9,0,0.0,0,1.45,0,0.921,sintetico
2026-03-04 22:25:59.182982,10.41,10.75,340.2,5.44,40.7,0,0.0,1,1.3,0,0.526,sintetico
2026-03-04 23:25:59.182982,-12.3,12.54,689.3,33.14,58.9,1,0.0,3,7.11,3,13.17,sintetico
2026-03-05 00:25:59.182982,-17.58,17.94,815.6,9.3,51.6,0,0.0,2,7.54,3,5.174,sintetico
2026-03-05 01:25:59.182982,-4.38,4.44,402.1,12.08,19.1,0,0.0,0,1.79,0,1.632,sintetico
2026-03-05 02:25:59.182982,4.17,8.2,384.4,7.46,117.7,0,0.0,2,1.68,0,0.922,sintetico
2026-03-05 03:25:59.182982,-2.97,6.69,364.9,20.02,109.7,0,0.0,0,1.11,0,2.23,sintetico
2026-03-05 04:25:59.182982,5.08,6.05,452.3,9.09,64.9,0,0.0,1,0.9,0,1.556,sintetico
2026-03-05 05:25:59.182982,-15.18,15.72,594.2,19.07,92.5,1,0.0,2,7.23,3,5.632,sintetico
2026-03-05 06:25:59.182982,0.32,3.58,348.5,13.29,90.3,1,0.0,1,1.44,0,1.35,sintetico
2026-03-05 07:25:59.182982,-4.55,4.65,402.5,7.18,85.8,0,0.0,1,1.4,0,0.973,sintetico
2026-03-05 08:25:59.182982,-20.45,20.66,677.9,30.66,80.7,0,0.0,2,7.39,3,11.781,sintetico
2026-03-05 09:25:59.182982,-8.07,8.1,677.7,38.14,31.9,1,0.0,2,5.9,1,14.65,sintetico
2026-03-05 10:25:59.182982,-3.44,5.57,405.5,14.25,36.2,0,0.0,0,1.96,0,1.961,sintetico
2026-03-05 11:25:59.182982,-2.11,10.14,618.9,9.59,99.1,0,0.0,2,3.4,0,3.072,sintetico
2026-03-05 12:25:59.182982,-15.73,15.83,620.4,17.24,50.2,0,0.0,2,6.1,2,5.548,sintetico
2026-03-05 13:25:59.182982,2.8,4.77,354.4,4.2,32.1,0,0.0,0,1.49,0,0.441,sintetico
2026-03-05 14:25:59.182982,-2.57,2.8,306.2,15.99,100.1,1,0.0,0,2.61,0,1.253,sintetico
2026-03-05 15:25:59.182982,-19.42,21.35,568.2,18.22,41.6,1,0.0,2,8.26,4,4.918,sintetico
2026-03-05 16:25:59.182982,6.74,7.09,370.5,6.32,18.5,0,0.0,0,1.34,0,0.725,sintetico
2026-03-05 17:25:59.182982,-6.83,9.42,666.4,26.03,36.9,1,0.0,2,5.02,1,9.669,sintetico
2026-03-05 18:25:59.182982,-6.23,6.3,719.6,10.6,43.8,1,0.0,2,4.98,0,4.589,sintetico
2026-03-05 19:25:59.182982,4.11,10.63,408.4,3.76,36.8,0,0.0,0,1.53,0,0.524,sintetico
2026-03-05 20:25:59.182982,5.29,8.43,339.4,8.7,39.9,0,0.0,0,0.74,0,0.838,sintetico
2026-03-05 21:25:59.182982,-25.51,26.26,584.6,15.11,56.7,1,0.0,2,8.33,4,4.319,sintetico
2026-03-05 22:25:59.182982,-19.5,20.18,658.8,14.54,200.0,1,0.0,2,8.43,4,5.275,sintetico
2026-03-05 23:25:59.182982,-3.9,6.39,355.2,10.16,69.2,0,0.0,0,2.37,0,1.071,sintetico
2026-03-06 00:25:59.182982,-19.24,20.34,619.2,5.32,75.7,1,0.0,4,7.75,3,1.706,sintetico
2026-03-06 01:25:59.182982,-13.9,14.03,689.5,37.52,29.7,1,0.0,2,6.84,2,14.918,sintetico
2026-03-06 02:25:59.182982,-18.01,18.61,687.5,27.21,67.4,1,0.0,4,8.35,4,10.755,sintetico
2026-03-06 03:25:59.182982,-0.35,12.39,354.5,11.06,89.7,0,0.0,0,1.39,0,1.162,sintetico
2026-03-06 04:25:59.182982,7.92,8.82,387.7,5.97,48.6,0,0.0,0,0.48,0,0.75,sintetico
2026-03-06 05:25:59.182982,4.15,6.36,322.6,19.48,106.4,0,0.0,0,0.27,0,1.696,sintetico
2026-03-06 06:25:59.182982,-25.43,25.99,755.5,10.6,147.6,1,0.0,2,9.0,5,5.06,sintetico
2026-03-06 07:25:59.182982,5.89,7.46,415.2,10.62,80.3,0,0.0,0,0.97,0,1.531,sintetico
2026-03-06 08:25:59.182982,-5.94,6.45,403.4,19.49,56.7,0,0.0,0,2.61,0,2.652,sintetico
2026-03-06 09:25:59.182982,-11.46,12.15,666.0,10.43,161.9,1,0.0,2,5.94,1,3.868,sintetico
2026-03-06 10:25:59.182982,4.44,7.23,470.5,6.9,42.1,0,0.0,0,1.73,0,1.278,sintetico
2026-03-06 11:25:59.182982,-23.87,27.4,669.2,39.79,114.5,1,0.0,3,9.0,5,14.904,sintetico
2026-03-06 12:25:59.182982,-11.93,11.94,656.0,7.52,24.5,1,0.0,3,7.08,3,2.706,sintetico
2026-03-06 13:25:59.182982,0.32,1.0,497.3,12.94,121.0,0,0.0,1,1.81,0,2.676,sintetico
2026-03-06 14:25:59.182982,-7.91,10.48,371.8,23.38,107.3,0,0.0,0,3.11,0,2.703,sintetico
2026-03-06 15:25:59.182982,3.43,5.12,410.2,34.65,38.9,0,0.0,0,1.39,0,4.876,sintetico
2026-03-06 16:25:59.182982,-3.99,6.33,409.7,15.19,49.8,0,0.0,0,2.82,0,2.133,sintetico
2026-03-06 17:25:59.182982,3.25,3.61,409.8,8.2,11.1,0,0.0,0,0.31,0,1.152,sintetico
2026-03-06 18:25:59.182982,0.21,1.93,409.5,1.32,31.4,1,0.0,0,1.59,0,0.4,sintetico
2026-03-06 19:25:59.182982,-15.47,15.98,641.2,13.63,96.0,0,0.0,2,6.39,2,4.686,sintetico
2026-03-06 20:25:59.182982,-19.9,21.62,783.2,7.28,211.8,0,0.0,3,8.6,4,3.736,sintetico
2026-03-06 21:25:59.182982,-5.01,7.39,362.5,20.22,145.6,0,0.0,1,3.4,0,2.223,sintetico
2026-03-06 22:25:59.182982,-1.54,3.58,663.6,39.57,49.0,0,0.0,2,4.61,0,14.574,sintetico
2026-03-06 23:25:59.182982,-17.92,18.1,560.1,12.71,84.4,0,0.0,4,6.08,2,3.336,sintetico
2026-03-07 00:25:59.182982,-23.39,23.61,646.3,22.68,68.2,0,0.0,2,8.19,4,7.923,sintetico
2026-03-07 01:25:59.182982,-14.59,14.86,685.8,12.73,114.9,1,0.0,2,7.39,3,5.01,sintetico
2026-03-07 02:25:59.182982,-22.87,22.94,830.1,8.42,30.4,1,0.0,2,9.0,5,4.854,sintetico
2026-03-07 03:25:59.182982,-4.55,8.84,375.7,7.51,31.5,0,0.0,1,3.06,0,0.886,sintetico
2026-03-07 04:25:59.182982,-22.03,23.4,606.1,17.02,36.4,1,0.0,2,9.0,5,5.228,sintetico
2026-03-07 05:25:59.182982,-2.54,3.74,329.0,4.54,57.3,0,0.0,0,1.63,0,0.411,sintetico
2026-03-07 06:25:59.182982,-23.44,24.11,638.8,34.34,75.4,1,0.0,2,9.0,5,11.716,sintetico
2026-03-07 07:25:59.182982,4.94,5.01,397.3,4.44,68.1,0,0.0,0,1.08,0,0.585,sintetico
2026-03-07 08:25:59.182982,-20.0,20.59,811.9,12.42,21.5,0,0.0,2,7.74,3,6.847,sintetico
2026-03-07 09:25:59.182982,-3.23,5.03,335.3,9.36,76.6,0,0.0,1,1.59,0,0.88,sintetico
2026-03-07 10:25:59.182982,2.13,7.76,285.0,6.74,50.6,0,0.0,1,0.93,0,0.458,sintetico
2026-03-07 11:25:59.182982,-7.93,10.04,742.3,41.74,44.7,0,0.0,3,5.87,1,19.234,sintetico
2026-03-07 12:25:59.182982,3.08,4.89,336.7,5.73,28.1,0,0.0,0,1.15,0,0.543,sintetico
2026-03-07 13:25:59.182982,5.59,5.81,344.4,4.09,26.5,0,0.0,0,0.11,0,0.405,sintetico
2026-03-07 14:25:59.182982,-5.25,7.44,702.0,12.31,144.6,1,0.0,2,4.37,0,5.073,sintetico
2026-03-07 15:25:59.182982,0.1,6.39,443.7,21.15,36.0,0,0.0,0,1.42,0,3.482,sintetico
2026-03-07 16:25:59.182982,-0.39,3.34,347.6,4.4,98.0,0,0.0,0,0.64,0,0.445,sintetico
2026-03-07 17:25:59.182982,-2.79,4.38,379.2,4.35,142.5,0,0.0,1,2.13,0,0.523,sintetico
2026-03-07 18:25:59.182982,7.77,8.27,491.9,13.95,10.0,0,0.0,0,1.7,0,2.822,sintetico
2026-03-07 19:25:59.182982,-5.97,6.47,385.4,18.22,35.7,0,0.0,1,3.27,0,2.262,sintetico
2026-03-07 20:25:59.182982,-0.44,2.3,323.8,3.55,46.6,0,0.0,0,1.48,0,0.4,sintetico
2026-03-07 21:25:59.182982,0.54,2.34,399.7,4.93,45.9,0,0.0,0,1.51,0,0.659,sintetico
2026-03-07 22:25:59.182982,3.91,8.21,398.8,4.96,115.5,0,0.0,1,1.8,0,0.66,sintetico
2026-03-07 23:25:59.182982,-13.06,13.16,740.4,14.24,26.7,1,0.0,3,7.96,3,6.526,sintetico
2026-03-08 00:25:59.182982,-33.21,33.47,537.2,35.94,127.8,1,0.0,2,9.0,5,8.676,sintetico
2026-03-08 01:25:59.182982,-0.97,3.22,279.6,20.89,132.0,0,0.0,1,1.77,0,1.366,sintetico
2026-03-08 02:25:59.182982,-24.19,24.75,775.3,14.81,84.8,1,0.0,3,9.0,5,7.445,sintetico
2026-03-08 03:25:59.182982,2.32,5.92,367.0,12.33,81.7,0,0.0,0,0.0,0,1.389,sintetico
2026-03-08 04:25:59.182982,-12.51,13.54,625.3,10.77,28.8,0,0.0,2,5.67,1,3.521,sintetico
2026-03-08 05:25:59.182982,-27.97,28.26,553.3,21.79,30.5,1,0.0,3,9.0,5,5.578,sintetico
2026-03-08 06:25:59.182982,0.48,7.33,363.0,7.79,70.2,1,0.0,1,2.39,0,0.858,sintetico
2026-03-08 07:25:59.182982,-10.96,11.59,600.6,10.2,65.2,1,0.0,4,7.13,3,3.077,sintetico
2026-03-08 08:25:59.182982,-36.82,37.02,686.9,9.79,111.4,1,0.0,3,9.0,5,3.863,sintetico
2026-03-08 09:25:59.182982,-24.85,25.88,712.8,20.8,88.3,1,0.0,2,9.0,5,8.839,sintetico
2026-03-08 10:25:59.182982,-9.03,10.01,692.3,15.59,52.0,1,0.0,2,5.65,1,6.251,sintetico
2026-03-08 11:25:59.182982,-25.82,26.04,749.4,9.87,102.7,0,0.0,3,8.33,4,4.636,sintetico
2026-03-08 12:25:59.182982,0.94,3.39,244.1,13.4,151.2,0,0.0,0,0.12,0,0.668,sintetico
2026-03-08 13:25:59.182982,-10.82,15.49,651.4,20.5,28.0,1,0.0,2,6.51,2,7.274,sintetico
2026-03-08 14:25:59.182982,-30.86,30.92,648.9,17.61,41.7,1,0.0,3,9.0,5,6.2,sintetico
2026-03-08 15:25:59.182982,-19.69,20.07,613.8,28.6,231.3,1,0.0,3,8.38,4,9.012,sintetico
2026-03-08 16:25:59.182982,-0.33,4.04,308.6,25.67,61.9,0,0.0,1,2.14,0,2.044,sintetico
2026-03-08 17:25:59.182982,4.9,12.19,370.1,25.0,103.5,1,0.0,0,2.95,0,2.864,sintetico
2026-03-08 18:25:59.182982,3.55,5.67,246.6,8.39,96.3,0,0.0,2,1.2,0,0.427,sintetico
2026-03-08 19:25:59.182982,0.24,6.62,312.8,13.03,38.3,0,0.0,2,2.09,0,1.066,sintetico
2026-03-08 20:25:59.182982,-1.68,4.42,296.3,3.64,109.8,0,0.0,0,0.78,0,0.4,sintetico
2026-03-08 21:25:59.182982,7.66,8.31,444.4,15.54,24.6,0,0.0,0,0.9,0,2.566,sintetico
2026-03-08 22:25:59.182982,3.18,10.98,388.2,29.98,68.4,0,0.0,1,2.0,0,3.779,sintetico
2026-03-08 23:25:59.182982,5.63,8.46,379.9,13.68,53.3,0,0.0,0,1.11,0,1.651,sintetico
2026-03-09 00:25:59.182982,-28.93,28.97,593.6,24.97,70.7,1,0.0,2,9.0,5,7.358,sintetico
2026-03-09 01:25:59.182982,7.86,9.35,361.0,9.09,185.7,0,0.0,1,1.5,0,0.99,sintetico
2026-03-09 02:25:59.182982,-17.86,18.04,773.8,24.04,33.0,0,0.0,2,7.63,3,12.038,sintetico
2026-03-09 03:25:59.182982,-21.44,21.61,625.8,21.73,54.9,0,0.0,2,8.73,4,7.117,sintetico
2026-03-09 04:25:59.182982,-0.41,5.17,363.0,4.68,28.0,0,0.0,0,0.16,0,0.516,sintetico
2026-03-09 05:25:59.182982,-33.03,34.22,722.2,5.91,135.7,1,0.0,3,9.0,5,2.576,sintetico
2026-03-09 06:25:59.182982,-22.9,23.09,714.5,26.43,40.2,0,0.0,3,8.62,4,11.284,sintetico
2026-03-09 07:25:59.182982,-1.87,9.72,385.9,7.0,90.2,0,0.0,0,2.68,0,0.872,sintetico
2026-03-09 08:25:59.182982,-6.84,13.42,362.0,25.02,63.4,0,0.0,0,2.16,0,2.742,sintetico
2026-03-09 09:25:59.182982,0.21,11.28,432.1,9.91,37.2,0,0.0,0,1.58,0,1.547,sintetico
2026-03-09 10:25:59.182982,0.79,3.77,299.6,16.96,58.8,0,0.0,0,1.13,0,1.273,sintetico
2026-03-09 11:25:59.182982,-4.45,8.85,336.8,3.39,90.5,0,0.0,2,2.17,0,0.4,sintetico
2026-03-09 12:25:59.182982,-16.44,18.31,557.8,31.83,72.3,1,0.0,3,7.0,3,8.282,sintetico
2026-03-09 13:25:59.182982,-26.26,26.42,628.8,31.89,32.4,1,0.0,4,9.0,5,10.544,sintetico
2026-03-09 14:25:59.182982,-24.41,24.96,667.4,32.07,128.6,0,0.0,2,7.97,3,11.946,sintetico
2026-03-09 15:25:59.182982,0.51,4.68,327.0,1.0,96.5,0,0.0,0,0.13,0,0.4,sintetico
2026-03-09 16:25:59.182982,2.38,5.74,296.4,5.75,43.9,0,0.0,0,1.5,0,0.423,sintetico
2026-03-09 17:25:59.182982,-0.88,7.39,368.7,25.3,228.6,0,0.0,1,1.16,0,2.876,sintetico
2026-03-09 18:25:59.182982,-0.62,3.25,429.8,3.84,8.9,0,0.0,2,2.94,0,0.594,sintetico
2026-03-09 19:25:59.182982,4.38,5.12,300.0,16.49,94.9,0,0.0,0,0.54,0,1.241,sintetico
2026-03-09 20:25:59.182982,-1.53,4.18,383.3,6.16,36.5,0,0.0,1,1.68,0,0.757,sintetico
2026-03-09 21:25:59.182982,-17.96,18.38,605.6,21.7,35.0,1,0.0,4,8.17,4,6.654,sintetico
2026-03-09 22:25:59.182982,-14.08,14.49,642.8,26.19,93.5,0,0.0,3,5.75,1,9.05,sintetico
2026-03-09 23:25:59.182982,2.45,2.88,429.7,6.63,83.0,0,0.0,1,1.65,0,1.023,sintetico
2026-03-10 00:25:59.182982,-2.32,6.17,446.4,21.47,36.7,0,0.0,1,1.85,0,3.579,sintetico
2026-03-10 01:25:59.182982,-1.74,8.75,394.6,16.38,77.1,0,0.0,0,1.74,0,2.133,sintetico
2026-03-10 02:25:59.182982,-19.93,20.32,488.1,23.73,18.5,0,0.0,2,7.51,3,4.728,sintetico
2026-03-10 03:25:59.182982,-29.07,29.46,795.6,18.19,350.0,0,0.0,4,9.0,5,9.628,sintetico
2026-03-10 04:25:59.182982,-12.84,16.45,594.1,22.1,69.8,1,0.0,3,6.39,2,6.523,sintetico
2026-03-10 05:25:59.182982,-16.29,16.62,567.9,23.83,68.2,1,0.0,3,7.82,3,6.428,sintetico
2026-03-10 06:25:59.182982,-24.25,24.53,776.6,14.1,22.8,1,0.0,3,9.0,5,7.113,sintetico
2026-03-10 07:25:59.182982,-23.07,23.13,578.9,27.88,53.0,1,0.0,2,9.0,5,7.813,sintetico
2026-03-10 08:25:59.182982,6.63,8.12,402.5,10.46,167.7,0,0.0,2,2.37,0,1.418,sintetico
2026-03-10 09:25:59.182982,-32.66,33.21,539.4,9.12,86.8,0,0.0,3,9.0,5,2.22,sintetico
2026-03-10 10:25:59.182982,-13.36,15.25,635.8,5.92,33.8,1,0.0,3,7.6,3,2.0,sintetico
2026-03-10 11:25:59.182982,3.25,7.7,392.7,1.0,32.3,0,0.0,0,1.17,0,0.4,sintetico
2026-03-10 12:25:59.182982,3.14,7.95,434.5,10.49,85.9,0,0.0,1,2.63,0,1.655,sintetico
2026-03-10 13:25:59.182982,8.31,8.46,337.9,6.01,49.9,0,0.0,0,1.05,0,0.574,sintetico
2026-03-10 14:25:59.182982,-1.66,11.36,418.8,14.0,42.7,0,0.0,1,2.52,0,2.053,sintetico
2026-03-10 15:25:59.182982,-14.37,14.99,848.0,16.2,109.5,1,0.0,2,7.56,3,9.74,sintetico
2026-03-10 16:25:59.182982,-16.77,16.98,718.0,44.19,73.4,1,0.0,2,8.62,4,19.056,sintetico
2026-03-10 17:25:59.182982,-0.06,4.17,355.5,3.42,25.8,0,0.0,0,0.76,0,0.4,sintetico
2026-03-10 18:25:59.182982,-32.63,33.1,576.7,31.58,100.6,0,0.0,3,9.0,5,8.785,sintetico
2026-03-10 19:25:59.182982,-19.97,21.5,661.0,23.63,18.0,1,0.0,2,9.0,5,8.633,sintetico
2026-03-10 20:25:59.182982,-1.5,2.43,705.2,8.63,25.2,1,0.0,3,4.39,0,3.588,sintetico
2026-03-10 21:25:59.182982,2.77,4.36,376.2,18.86,167.6,0,0.0,0,0.52,0,2.232,sintetico
2026-03-10 22:25:59.182982,3.46,5.23,433.4,18.32,32.8,0,0.0,1,2.07,0,2.878,sintetico
2026-03-10 23:25:59.182982,3.4,5.84,438.5,10.48,187.1,0,0.0,0,0.34,0,1.686,sintetico
2026-03-11 00:25:59.182982,0.11,4.15,284.8,4.24,98.2,0,0.0,2,1.32,0,0.4,sintetico
2026-03-11 01:25:59.182982,-25.8,25.98,649.8,14.44,44.1,1,0.0,3,9.0,5,5.101,sintetico
2026-03-11 02:25:59.182982,4.41,5.3,310.1,2.92,82.7,0,0.0,0,1.32,0,0.4,sintetico
2026-03-11 03:25:59.182982,-6.99,8.18,470.1,63.07,42.0,1,0.0,2,5.52,1,11.657,sintetico
2026-03-11 04:25:59.182982,2.12,4.02,436.7,49.72,56.0,0,0.0,0,2.2,0,7.928,sintetico
2026-03-11 05:25:59.182982,5.85,6.12,381.0,8.68,75.5,0,0.0,1,1.88,0,1.053,sintetico
2026-03-11 06:25:59.182982,5.29,7.36,345.2,3.72,33.8,0,0.0,0,0.4,0,0.4,sintetico
2026-03-11 07:25:59.182982,-19.89,20.42,709.0,14.31,50.5,1,0.0,2,8.38,4,6.015,sintetico
2026-03-11 08:25:59.182982,1.85,4.25,432.0,12.33,113.4,0,0.0,0,1.15,0,1.924,sintetico
2026-03-11 09:25:59.182982,-27.07,27.13,465.8,30.65,65.8,1,0.0,2,9.0,5,5.561,sintetico
2026-03-11 10:25:59.182982,-4.74,6.1,423.2,24.69,44.1,0,0.0,1,1.91,0,3.698,sintetico
2026-03-11 11:25:59.182982,0.1,4.0,403.1,12.21,108.5,1,0.0,1,2.68,0,1.659,sintetico
2026-03-11 12:25:59.182982,0.2,6.03,308.4,14.45,286.7,0,0.0,1,1.41,0,1.149,sintetico
2026-03-11 13:25:59.182982,-9.5,12.07,767.7,28.51,45.5,0,0.0,2,5.64,1,14.051,sintetico
2026-03-11 14:25:59.182982,-13.87,14.23,567.3,21.76,36.2,0,0.0,2,6.0,2,5.857,sintetico
2026-03-11 15:25:59.182982,-21.02,21.07,753.9,5.38,72.1,1,0.0,2,8.68,4,2.559,sintetico
2026-03-11 16:25:59.182982,-8.06,9.97,658.4,3.63,311.7,0,0.0,2,5.0,1,1.317,sintetico
2026-03-11 17:25:59.182982,2.15,7.77,366.8,17.39,86.5,0,0.0,1,1.64,0,1.957,sintetico
2026-03-11 18:25:59.182982,3.3,3.49,401.9,29.01,92.8,0,0.0,0,0.9,0,3.919,sintetico
2026-03-11 19:25:59.182982,3.23,6.83,436.7,33.6,69.8,0,0.0,2,2.03,0,5.357,sintetico
2026-03-11 20:25:59.182982,-22.18,22.55,821.3,21.52,27.7,0,0.0,3,9.0,5,12.142,sintetico
2026-03-11 21:25:59.182982,3.13,3.18,379.4,15.88,100.2,0,0.0,2,1.42,0,1.912,sintetico
2026-03-11 22:25:59.182982,6.04,7.98,384.9,10.21,58.0,1,0.0,1,3.09,0,1.265,sintetico
2026-03-11 23:25:59.182982,1.47,3.39,366.5,13.9,58.6,1,0.0,0,3.19,0,1.561,sintetico
2026-03-12 00:25:59.182982,-1.71,6.15,469.0,12.62,22.9,0,0.0,0,2.31,0,2.323,sintetico
2026-03-12 01:25:59.182982,2.69,12.47,379.0,5.85,84.8,0,0.0,1,1.46,0,0.702,sintetico
2026-03-12 02:25:59.182982,-28.32,28.53,604.2,25.6,101.7,1,0.0,2,9.0,5,7.815,sintetico
2026-03-12 03:25:59.182982,2.44,2.63,330.6,15.23,20.4,0,0.0,0,0.79,0,1.392,sintetico
2026-03-12 04:25:59.182982,-1.36,5.99,390.8,8.65,53.4,0,0.0,1,1.6,0,1.104,sintetico
2026-03-12 05:25:59.182982,1.73,4.42,375.1,13.29,56.2,0,0.0,1,2.16,0,1.564,sintetico
2026-03-12 06:25:59.182982,0.85,10.81,310.0,13.41,93.2,0,0.0,1,0.82,0,1.077,sintetico
2026-03-12 07:25:59.182982,-7.04,10.43,394.0,9.01,36.6,1,0.0,2,6.33,2,1.17,sintetico
2026-03-12 08:25:59.182982,-22.72,22.8,834.7,35.63,99.6,0,0.0,3,9.0,5,20.759,sintetico
2026-03-12 09:25:59.182982,3.58,6.99,403.3,8.43,46.9,0,0.0,0,0.48,0,1.147,sintetico
2026-03-12 10:25:59.182982,9.29,9.94,326.2,35.03,81.8,0,0.0,2,1.29,0,3.118,sintetico
2026-03-12 11:25:59.182982,-14.57,14.71,586.0,9.93,107.9,1,0.0,3,7.92,3,2.852,sintetico
2026-03-12 12:25:59.182982,0.27,5.92,321.8,17.31,55.8,0,0.0,2,3.02,0,1.499,sintetico
2026-03-12 13:25:59.182982,-0.64,2.05,367.4,20.35,34.8,0,0.0,0,1.02,0,2.297,sintetico
2026-03-12 14:25:59.182982,-21.21,21.32,547.8,31.72,109.2,1,0.0,2,8.94,4,7.959,sintetico
2026-03-12 15:25:59.182982,-1.09,6.23,326.6,4.87,76.2,0,0.0,0,1.1,0,0.434,sintetico
2026-03-12 16:25:59.182982,-4.86,7.27,309.4,12.31,174.2,0,0.0,0,1.43,0,0.986,sintetico
2026-03-12 17:25:59.182982,-1.75,6.62,253.7,5.07,67.9,0,0.0,1,1.37,0,0.4,sintetico
2026-03-12 18:25:59.182982,1.8,3.27,374.0,27.88,42.9,0,0.0,1,0.9,0,3.262,sintetico
2026-03-12 19:25:59.182982,-19.09,19.12,706.8,29.53,314.7,0,0.0,2,7.44,3,12.338,sintetico
2026-03-12 20:25:59.182982,-24.84,25.11,635.8,8.21,31.4,0,0.0,2,8.55,4,2.777,sintetico
2026-03-12 21:25:59.182982,4.28,6.63,425.0,34.31,52.3,0,0.0,1,1.49,0,5.182,sintetico
2026-03-12 22:25:59.182982,-15.79,16.1,642.6,11.03,161.3,1,0.0,2,7.39,3,3.808,sintetico
2026-03-12 23:25:59.182982,4.98,12.32,364.3,8.7,105.0,0,0.0,0,2.09,0,0.966,sintetico
2026-03-13 00:25:59.182982,0.48,9.13,579.0,14.84,133.8,1,0.0,2,3.22,0,4.16,sintetico
2026-03-13 01:25:59.182982,9.09,10.27,268.3,5.07,55.5,0,0.0,0,0.87,0,0.4,sintetico
2026-03-13 02:25:59.182982,-4.34,5.01,464.8,10.89,127.6,0,0.0,1,2.21,0,1.968,sintetico
2026-03-13 03:25:59.182982,-4.87,4.89,423.0,7.66,41.4,0,0.0,1,2.37,0,1.147,sintetico
2026-03-13 04:25:59.182982,7.62,8.69,349.7,14.36,78.2,1,0.0,0,1.86,0,1.468,sintetico
2026-03-13 05:25:59.182982,-24.32,24.55,631.6,23.38,152.3,0,0.0,2,8.29,4,7.799,sintetico
2026-03-13 06:25:59.182982,5.72,6.47,328.1,15.31,15.5,0,0.0,2,2.06,0,1.378,sintetico
2026-03-13 07:25:59.182982,7.84,8.24,405.1,7.31,49.4,0,0.0,1,1.8,0,1.003,sintetico
2026-03-13 08:25:59.182982,-12.28,12.76,768.2,11.98,92.1,1,0.0,2,7.14,3,5.914,sintetico
2026-03-13 09:25:59.182982,-18.21,18.26,760.2,23.52,36.8,0,0.0,2,7.97,3,11.366,sintetico
2026-03-13 10:25:59.182982,-18.94,20.0,531.0,120.0,43.4,1,0.0,2,9.0,5,28.292,sintetico
2026-03-13 11:25:59.182982,-3.24,5.09,337.7,5.34,43.3,0,0.0,2,2.59,0,0.51,sintetico
2026-03-13 12:25:59.182982,-0.14,9.62,384.0,4.22,125.4,0,0.0,1,1.06,0,0.52,sintetico
2026-03-13 13:25:59.182982,-3.45,8.48,277.5,11.09,56.0,0,0.0,0,1.79,0,0.714,sintetico
2026-03-13 14:25:59.182982,-3.48,5.26,368.1,7.6,49.3,0,0.0,1,1.72,0,0.861,sintetico
2026-03-13 15:25:59.182982,-0.08,4.31,760.0,30.18,102.0,1,0.0,2,3.53,0,14.577,sintetico
2026-03-13 16:25:59.182982,1.6,5.68,402.8,3.12,23.6,0,0.0,0,0.77,0,0.423,sintetico
2026-03-13 17:25:59.182982,0.23,1.0,402.4,22.04,97.0,0,0.0,0,1.88,0,2.984,sintetico
2026-03-13 18:25:59.182982,2.94,6.5,327.2,9.84,25.9,0,0.0,0,1.08,0,0.88,sintetico
2026-03-13 19:25:59.182982,3.55,5.91,370.6,28.74,37.9,0,0.0,2,1.65,0,3.301,sintetico
2026-03-13 20:25:59.182982,-11.97,16.05,729.6,38.05,187.2,1,0.0,2,7.5,3,16.94,sintetico
2026-03-13 21:25:59.182982,2.86,7.78,366.2,7.51,10.7,0,0.0,0,1.47,0,0.842,sintetico
2026-03-13 22:25:59.182982,1.92,2.55,393.8,2.4,44.5,0,0.0,0,1.09,0,0.4,sintetico
2026-03-13 23:25:59.182982,-19.18,19.37,540.7,18.57,35.2,0,0.0,3,6.89,2,4.541,sintetico
2026-03-14 00:25:59.182982,-0.63,3.93,620.4,10.51,44.3,1,0.0,3,4.71,0,3.382,sintetico
2026-03-14 01:25:59.182982,-15.55,15.73,653.9,11.06,78.7,0,0.0,2,5.76,1,3.956,sintetico
2026-03-14 02:25:59.182982,1.86,4.69,430.9,16.12,77.2,0,0.0,0,1.29,0,2.504,sintetico
2026-03-14 03:25:59.182982,9.02,9.43,342.6,9.43,29.8,0,0.0,0,0.55,0,0.926,sintetico
2026-03-14 04:25:59.182982,-39.89,39.92,623.4,11.27,142.6,0,0.0,2,9.0,5,3.662,sintetico
2026-03-14 05:25:59.182982,-3.26,7.18,383.4,9.69,96.5,0,0.0,0,1.94,0,1.191,sintetico
2026-03-14 06:25:59.182982,-15.98,16.16,504.2,8.36,26.6,1,0.0,3,6.95,2,1.778,sintetico
2026-03-14 07:25:59.182982,5.86,6.94,388.2,4.06,58.9,0,0.0,0,0.09,0,0.512,sintetico
2026-03-14 08:25:59.182982,5.31,6.99,425.8,12.69,110.9,0,0.0,0,0.86,0,1.924,sintetico
2026-03-14 09:25:59.182982,1.63,2.58,425.5,9.62,48.7,0,0.0,0,0.4,0,1.457,sintetico
2026-03-14 10:25:59.182982,2.98,9.21,452.1,6.58,167.7,0,0.0,0,1.84,0,1.124,sintetico
2026-03-14 11:25:59.182982,0.03,6.85,349.1,4.28,45.5,0,0.0,1,1.1,0,0.436,sintetico
2026-03-14 12:25:59.182982,-9.92,9.98,720.1,7.98,74.1,0,0.0,3,6.14,2,3.461,sintetico
2026-03-14 13:25:59.182982,-14.67,15.33,739.8,19.82,53.3,0,0.0,3,7.09,3,9.073,sintetico
2026-03-14 14:25:59.182982,-21.16,22.61,824.9,8.42,36.2,0,0.0,2,8.94,4,4.793,sintetico
2026-03-14 15:25:59.182982,-4.55,8.36,339.2,9.18,61.8,0,0.0,0,2.53,0,0.883,sintetico
2026-03-14 16:25:59.182982,3.56,4.82,366.1,32.71,38.7,0,0.0,1,1.23,0,3.667,sintetico
2026-03-14 17:25:59.182982,2.92,6.48,411.5,24.13,61.1,0,0.0,1,1.79,0,3.417,sintetico
2026-03-14 18:25:59.182982,2.69,10.92,343.6,3.55,55.5,0,0.0,0,0.96,0,0.4,sintetico
2026-03-14 19:25:59.182982,2.78,3.41,403.6,4.37,305.3,0,0.0,0,0.72,0,0.596,sintetico
2026-03-14 20:25:59.182982,0.4,1.7,337.2,13.24,78.3,0,0.0,0,0.63,0,1.259,sintetico
2026-03-14 21:25:59.182982,0.26,4.73,301.9,7.17,32.1,0,0.0,1,2.19,0,0.546,sintetico
2026-03-14 22:25:59.182982,4.46,7.48,288.0,17.35,69.5,0,0.0,1,1.74,0,1.204,sintetico
2026-03-14 23:25:59.182982,6.34,6.47,355.3,15.61,73.0,0,0.0,2,1.59,0,1.647,sintetico
2026-03-15 00:25:59.182982,8.17,8.87,368.1,6.04,40.8,0,0.0,1,0.99,0,0.684,sintetico
2026-03-15 01:25:59.182982,-6.9,7.19,310.7,10.04,53.5,0,0.0,0,3.05,0,0.81,sintetico
2026-03-15 02:25:59.182982,-22.92,23.73,644.7,14.58,164.0,1,0.0,4,9.0,5,5.069,sintetico
2026-03-15 03:25:59.182982,1.24,4.78,393.6,12.21,101.5,0,0.0,0,1.18,0,1.582,sintetico
2026-03-15 04:25:59.182982,-32.61,33.01,692.9,12.53,96.6,0,0.0,3,9.0,5,5.033,sintetico
2026-03-15 05:25:59.182982,5.59,6.93,390.0,12.26,56.9,0,0.0,0,1.37,0,1.559,sintetico
2026-03-15 06:25:59.182982,2.65,3.06,310.7,7.83,107.6,0,0.0,0,1.2,0,0.632,sintetico
2026-03-15 07:25:59.182982,-26.82,27.04,614.6,5.98,168.8,0,0.0,4,9.0,5,1.889,sintetico
2026-03-15 08:25:59.182982,1.29,3.41,339.4,15.66,27.9,0,0.0,1,1.6,0,1.509,sintetico
2026-03-15 09:25:59.182982,-7.36,8.87,599.5,11.05,105.5,1,0.0,3,5.15,1,3.321,sintetico
2026-03-15 10:25:59.182982,-10.1,11.04,585.7,3.21,79.6,0,0.0,4,5.13,1,0.922,sintetico
2026-03-15 11:25:59.182982,-11.82,11.98,676.3,35.0,31.6,0,0.0,3,6.52,2,13.388,sintetico
2026-03-15 12:25:59.182982,8.16,10.18,330.5,5.93,27.0,0,0.0,1,1.27,0,0.541,sintetico
2026-03-15 13:25:59.182982,-8.7,8.72,445.5,19.53,41.9,0,0.0,0,3.21,0,3.241,sintetico
2026-03-15 14:25:59.182982,0.21,1.0,313.7,5.88,112.3,0,0.0,1,0.79,0,0.484,sintetico
2026-03-15 15:25:59.182982,-0.64,2.53,436.7,19.91,147.8,0,0.0,0,1.15,0,3.175,sintetico
2026-03-15 16:25:59.182982,-20.89,21.11,711.1,18.86,189.6,1,0.0,3,9.0,5,7.976,sintetico
2026-03-15 17:25:59.182982,10.27,10.46,280.0,19.92,42.0,0,0.0,0,0.2,0,1.307,sintetico
2026-03-15 18:25:59.182982,-2.72,9.36,341.4,7.59,46.2,0,0.0,0,1.13,0,0.74,sintetico
2026-03-15 19:25:59.182982,6.81,7.74,344.3,33.15,34.9,0,0.0,2,1.64,0,3.286,sintetico
2026-03-15 20:25:59.182982,-3.65,4.42,292.7,18.65,56.7,0,0.0,2,2.48,0,1.337,sintetico
2026-03-15 21:25:59.182982,-15.22,15.92,586.4,58.34,30.2,1,0.0,2,7.26,3,16.779,sintetico
2026-03-15 22:25:59.182982,2.63,3.75,382.8,9.92,25.8,0,0.0,0,1.59,0,1.215,sintetico
2026-03-15 23:25:59.182982,-1.08,7.23,488.1,15.76,28.7,0,0.0,2,3.74,0,3.141,sintetico
2026-03-16 00:25:59.182982,4.25,6.62,401.4,21.99,117.5,0,0.0,0,1.21,0,2.963,sintetico
2026-03-16 01:25:59.182982,-9.13,9.15,635.4,20.34,118.5,0,0.0,3,5.26,1,6.868,sintetico
2026-03-16 02:25:59.182982,-30.84,31.05,554.9,26.04,30.1,1,0.0,2,9.0,5,6.705,sintetico
2026-03-16 03:25:59.182982,3.08,4.81,399.1,2.31,80.7,0,0.0,0,1.52,0,0.4,sintetico
2026-03-16 04:25:59.182982,0.77,3.69,337.7,26.13,75.3,0,0.0,0,1.54,0,2.493,sintetico
2026-03-16 05:25:59.182982,-21.7,22.06,703.7,72.15,350.0,1,0.0,2,8.07,4,29.879,sintetico
2026-03-16 06:25:59.182982,0.98,7.07,416.5,15.72,51.4,0,0.0,0,1.63,0,2.281,sintetico
2026-03-16 07:25:59.182982,6.36,7.29,410.7,1.24,37.1,0,0.0,0,0.87,0,0.4,sintetico
2026-03-16 08:25:59.182982,-4.86,5.39,375.8,21.88,62.0,0,0.0,0,2.3,0,2.584,sintetico
2026-03-16 09:25:59.182982,2.21,5.99,347.2,14.21,164.2,0,0.0,2,1.62,0,1.432,sintetico
2026-03-16 10:25:59.182982,3.97,8.42,289.3,14.28,76.5,0,0.0,0,1.06,0,1.0,sintetico
2026-03-16 11:25:59.182982,0.72,1.58,433.1,18.23,88.5,0,0.0,0,1.82,0,2.86,sintetico
2026-03-16 12:25:59.182982,3.31,6.77,349.2,18.19,67.1,0,0.0,1,1.79,0,1.855,sintetico
2026-03-16 13:25:59.182982,-4.08,6.81,310.0,14.79,45.8,0,0.0,0,2.43,0,1.188,sintetico
2026-03-16 14:25:59.182982,1.61,7.75,368.7,2.25,30.6,0,0.0,2,2.21,0,0.4,sintetico
2026-03-16 15:25:59.182982,4.69,7.36,395.2,9.73,24.4,0,0.0,0,1.95,0,1.27,sintetico
2026-03-16 16:25:59.182982,-21.12,21.22,710.5,24.4,44.6,0,0.0,4,9.0,5,10.302,sintetico
2026-03-16 17:25:59.182982,-18.92,19.2,588.3,16.45,208.2,0,0.0,2,5.98,1,4.761,sintetico
2026-03-16 18:25:59.182982,-0.3,7.79,336.3,8.51,60.4,0,0.0,2,2.78,0,0.805,sintetico
2026-03-16 19:25:59.182982,-6.46,7.83,336.0,24.75,23.7,0,0.0,0,2.13,0,2.336,sintetico
2026-03-16 20:25:59.182982,-8.68,9.04,629.8,67.5,39.6,1,0.0,3,6.2,2,22.387,sintetico
2026-03-16 21:25:59.182982,-25.28,26.57,643.1,14.15,59.8,0,0.0,3,8.24,4,4.893,sintetico
2026-03-16 22:25:59.182982,2.41,5.83,287.5,4.51,81.1,0,0.0,0,1.77,0,0.4,sintetico
2026-03-16 23:25:59.182982,-3.0,6.21,476.5,21.83,243.8,0,0.0,1,2.35,0,4.146,sintetico
2026-03-17 00:25:59.182982,-4.73,6.6,674.5,12.67,30.3,1,0.0,2,5.43,1,4.819,sintetico
2026-03-17 01:25:59.182982,0.88,1.88,410.1,6.52,78.8,0,0.0,0,1.37,0,0.917,sintetico
2026-03-17 02:25:59.182982,-4.4,10.46,729.1,31.9,73.0,0,0.0,4,4.97,0,14.181,sintetico
2026-03-17 03:25:59.182982,2.87,7.56,377.0,2.85,58.6,0,0.0,0,1.36,0,0.4,sintetico
2026-03-17 04:25:59.182982,0.29,9.16,371.8,11.05,61.4,0,0.0,1,1.93,0,1.278,sintetico
2026-03-17 05:25:59.182982,-2.15,5.09,517.2,27.57,53.1,0,0.0,1,3.29,0,6.168,sintetico
2026-03-17 06:25:59.182982,1.76,2.42,397.0,12.02,43.8,0,0.0,0,1.2,0,1.585,sintetico
2026-03-17 07:25:59.182982,-14.22,15.3,463.1,9.57,42.0,0,0.0,2,5.46,1,1.717,sintetico
2026-03-17 08:25:59.182982,3.17,3.32,421.3,20.37,27.1,0,0.0,0,0.65,0,3.024,sintetico
2026-03-17 09:25:59.182982,2.23,6.11,392.5,3.68,77.7,0,0.0,2,1.65,0,0.475,sintetico
2026-03-17 10:25:59.182982,3.86,4.03,434.7,3.9,52.5,0,0.0,0,0.31,0,0.617,sintetico
2026-03-17 11:25:59.182982,-1.14,4.91,399.1,8.22,50.6,0,0.0,0,1.11,0,1.095,sintetico
2026-03-17 12:25:59.182982,-21.01,21.66,494.1,26.39,56.7,0,0.0,4,8.37,4,5.39,sintetico
2026-03-17 13:25:59.182982,-8.65,8.73,711.3,22.28,64.4,0,0.0,4,6.28,2,9.429,sintetico
2026-03-17 14:25:59.182982,-12.05,12.49,610.4,13.27,45.3,0,0.0,3,5.24,1,4.135,sintetico
2026-03-17 15:25:59.182982,-20.2,20.25,659.8,10.91,122.4,1,0.0,2,7.76,3,3.972,sintetico
2026-03-17 16:25:59.182982,-1.53,4.93,394.8,10.59,57.3,0,0.0,0,2.76,0,1.381,sintetico
2026-03-17 17:25:59.182982,-11.81,12.04,636.5,14.93,31.6,0,0.0,2,6.5,2,5.059,sintetico
2026-03-17 18:25:59.182982,4.36,7.11,393.3,6.34,45.6,0,0.0,0,1.08,0,0.821,sintetico
2026-03-17 19:25:59.182982,-1.56,1.91,439.8,11.7,143.7,0,0.0,1,2.03,0,1.893,sintetico
2026-03-17 20:25:59.182982,-17.79,17.87,634.5,21.06,207.8,1,0.0,2,8.13,4,7.09,sintetico
2026-03-17 21:25:59.182982,-16.32,18.5,620.3,9.59,128.4,1,0.0,2,7.7,3,3.088,sintetico
2026-03-17 22:25:59.182982,-1.27,7.64,412.9,8.85,40.1,0,0.0,0,2.46,0,1.262,sintetico
2026-03-17 23:25:59.182982,-16.81,16.86,710.4,10.63,39.5,0,0.0,2,7.29,3,4.485,sintetico
2026-03-18 00:25:59.182982,5.09,5.59,351.7,18.13,73.6,0,0.0,0,0.74,0,1.875,sintetico
2026-03-18 01:25:59.182982,-19.82,19.92,722.7,7.16,45.0,1,0.0,2,8.32,4,3.13,sintetico
2026-03-18 02:25:59.182982,-14.16,14.42,585.1,25.22,74.5,1,0.0,3,7.06,3,7.22,sintetico
2026-03-18 03:25:59.182982,-12.97,13.89,586.5,23.84,33.5,0,0.0,2,6.05,2,6.857,sintetico
2026-03-18 04:25:59.182982,5.67,5.79,356.5,5.13,52.3,0,0.0,1,0.9,0,0.546,sintetico
2026-03-18 05:25:59.182982,-14.31,14.74,654.6,9.19,224.4,1,0.0,2,6.17,2,3.295,sintetico
2026-03-18 06:25:59.182982,3.75,5.9,412.3,4.89,74.7,0,0.0,0,1.83,0,0.695,sintetico
2026-03-18 07:25:59.182982,1.75,1.75,346.1,6.51,83.4,0,0.0,1,1.32,0,0.652,sintetico
2026-03-18 08:25:59.182982,-3.01,3.2,339.3,26.6,74.9,0,0.0,0,1.63,0,2.56,sintetico
2026-03-18 09:25:59.182982,-1.86,3.16,400.4,22.15,34.0,0,0.0,2,2.65,0,2.97,sintetico
2026-03-18 10:25:59.182982,7.49,8.02,416.3,9.7,53.0,0,0.0,0,1.12,0,1.406,sintetico
2026-03-18 11:25:59.182982,-0.03,1.8,397.8,16.69,92.9,0,0.0,0,1.02,0,2.209,sintetico
2026-03-18 12:25:59.182982,-27.94,28.54,506.2,15.16,83.5,1,0.0,3,9.0,5,3.25,sintetico
2026-03-18 13:25:59.182982,-14.54,15.2,694.3,38.69,105.2,0,0.0,2,6.99,2,15.6,sintetico
2026-03-18 14:25:59.182982,3.25,4.91,379.9,18.55,74.2,0,0.0,1,1.67,0,2.238,sintetico
2026-03-18 15:25:59.182982,4.17,8.3,394.8,6.3,110.0,0,0.0,0,0.16,0,0.821,sintetico
2026-03-18 16:25:59.182982,1.74,3.4,420.2,9.65,43.6,0,0.0,1,1.75,0,1.425,sintetico
2026-03-18 17:25:59.182982,-17.97,18.63,494.4,16.61,66.6,0,0.0,4,6.48,2,3.394,sintetico
2026-03-18 18:25:59.182982,-3.97,5.49,376.2,27.67,49.8,0,0.0,0,1.13,0,3.275,sintetico
2026-03-18 19:25:59.182982,-24.04,24.15,642.3,8.91,86.5,1,0.0,4,9.0,5,3.075,sintetico
2026-03-18 20:25:59.182982,-17.89,17.99,638.0,30.28,77.6,1,0.0,3,8.54,4,10.309,sintetico
2026-03-18 21:25:59.182982,-0.46,2.02,366.6,6.14,34.6,0,0.0,0,0.95,0,0.69,sintetico
2026-03-18 22:25:59.182982,2.66,6.54,472.3,3.27,132.0,0,0.0,0,1.14,0,0.61,sintetico
2026-03-18 23:25:59.182982,0.18,4.05,356.6,15.2,69.8,0,0.0,1,1.16,0,1.616,sintetico
2026-03-19 00:25:59.182982,-19.22,20.05,609.9,39.94,33.4,0,0.0,2,7.4,3,12.424,sintetico
2026-03-19 01:25:59.182982,-1.37,8.5,329.2,2.82,79.6,0,0.0,0,0.6,0,0.4,sintetico
2026-03-19 02:25:59.182982,-1.51,3.74,339.2,12.2,27.8,0,0.0,0,1.23,0,1.174,sintetico
2026-03-19 03:25:59.182982,1.22,8.83,360.8,14.96,31.5,0,0.0,0,1.45,0,1.628,sintetico
2026-03-19 04:25:59.182982,-11.28,12.04,736.8,26.2,41.0,1,0.0,4,8.14,4,11.896,sintetico
2026-03-19 05:25:59.182982,0.49,7.38,377.3,8.24,54.9,0,0.0,0,0.54,0,0.981,sintetico
2026-03-19 06:25:59.182982,-17.81,18.03,638.6,52.11,36.1,1,0.0,3,8.66,4,17.771,sintetico
2026-03-19 07:25:59.182982,-11.59,12.66,530.2,10.87,13.2,0,0.0,2,4.6,0,2.555,sintetico
2026-03-19 08:25:59.182982,-4.32,6.83,277.2,14.01,88.1,0,0.0,0,1.95,0,0.9,sintetico
2026-03-19 09:25:59.182982,-19.41,19.51,567.8,28.18,22.2,0,0.0,2,7.38,3,7.598,sintetico
2026-03-19 10:25:59.182982,2.08,6.56,422.3,6.03,51.0,0,0.0,0,1.0,0,0.899,sintetico
2026-03-19 11:25:59.182982,-14.76,15.76,574.5,15.5,29.6,1,0.0,2,5.84,1,4.278,sintetico
2026-03-19 12:25:59.182982,-1.6,3.28,358.0,11.12,116.8,0,0.0,1,2.48,0,1.191,sintetico
2026-03-19 13:25:59.182982,0.67,5.49,389.6,5.59,23.0,0,0.0,0,0.78,0,0.71,sintetico
2026-03-19 14:25:59.182982,-1.79,4.34,346.3,8.17,110.7,0,0.0,0,1.51,0,0.82,sintetico
2026-03-19 15:25:59.182982,5.41,9.03,541.9,26.56,67.6,0,0.0,3,2.74,0,6.522,sintetico
2026-03-19 16:25:59.182982,-11.51,11.52,628.0,49.27,51.0,1,0.0,3,7.35,3,16.25,sintetico
2026-03-19 17:25:59.182982,-1.14,3.46,356.5,12.19,85.1,1,0.0,2,3.89,0,1.295,sintetico
2026-03-19 18:25:59.182982,2.14,2.38,362.9,8.27,73.6,0,0.0,1,1.96,0,0.911,sintetico
2026-03-19 19:25:59.182982,-23.82,24.18,621.4,16.93,16.6,0,0.0,3,8.6,4,5.466,sintetico
2026-03-19 20:25:59.182982,1.83,3.1,379.9,4.97,20.9,0,0.0,0,1.42,0,0.6,sintetico
2026-03-19 21:25:59.182982,-17.92,18.26,634.9,26.53,92.0,1,0.0,3,7.35,3,8.945,sintetico
2026-03-19 22:25:59.182982,0.79,3.17,376.9,10.74,350.0,0,0.0,1,1.36,0,1.276,sintetico
2026-03-19 23:25:59.182982,-4.22,6.02,377.1,19.97,52.6,0,0.0,0,2.32,0,2.374,sintetico
2026-03-20 00:25:59.182982,5.23,7.91,342.3,15.26,61.9,0,0.0,0,0.77,0,1.495,sintetico
2026-03-20 01:25:59.182982,4.15,5.23,389.1,6.56,307.2,0,0.0,0,1.28,0,0.831,sintetico
2026-03-20 02:25:59.182982,-19.42,19.63,619.5,11.01,170.4,1,0.0,3,8.85,4,3.534,sintetico
2026-03-20 03:25:59.182982,-18.06,18.3,608.8,36.62,47.5,1,0.0,2,7.99,3,11.352,sintetico
2026-03-20 04:25:59.182982,1.92,2.27,353.4,7.76,67.7,0,0.0,2,2.13,0,0.81,sintetico
2026-03-20 05:25:59.182982,-26.9,27.29,666.1,19.3,68.1,1,0.0,2,9.0,5,7.162,sintetico
2026-03-20 06:25:59.182982,-0.15,1.29,381.9,7.3,97.9,0,0.0,0,1.69,0,0.891,sintetico
2026-03-20 07:25:59.182982,-4.79,6.02,360.4,7.2,29.0,0,0.0,0,1.73,0,0.782,sintetico
2026-03-20 08:25:59.182982,-0.55,2.3,350.7,23.19,63.3,0,0.0,0,0.37,0,2.385,sintetico
2026-03-20 09:25:59.182982,-22.63,22.68,552.6,23.6,60.7,1,0.0,2,9.0,5,6.028,sintetico
2026-03-20 10:25:59.182982,-11.25,12.32,507.0,20.53,177.4,0,0.0,2,4.65,0,4.413,sintetico
2026-03-20 11:25:59.182982,-15.81,16.28,661.0,11.35,27.0,0,0.0,2,6.09,2,4.147,sintetico
2026-03-20 12:25:59.182982,-8.83,11.34,278.6,16.68,51.8,0,0.0,0,2.42,0,1.083,sintetico
2026-03-20 13:25:59.182982,-28.68,28.98,666.4,37.75,46.3,1,0.0,2,9.0,5,14.018,sintetico
2026-03-20 14:25:59.182982,1.37,5.94,315.9,9.27,77.3,0,0.0,0,1.46,0,0.774,sintetico
2026-03-20 15:25:59.182982,-20.36,20.46,612.0,12.14,152.0,1,0.0,2,8.38,4,3.803,sintetico
2026-03-20 16:25:59.182982,1.48,3.58,353.7,40.63,67.3,0,0.0,2,2.5,0,4.251,sintetico
2026-03-20 17:25:59.182982,-11.44,12.62,588.4,19.84,36.1,1,0.0,3,7.32,3,5.744,sintetico
2026-03-20 18:25:59.182982,-15.27,18.14,551.1,8.47,78.3,1,0.0,3,7.59,3,2.151,sintetico
2026-03-20 19:25:59.182982,-0.29,4.58,340.7,11.69,39.1,0,0.0,0,0.99,0,1.135,sintetico
2026-03-20 20:25:59.182982,0.45,5.84,414.1,7.55,101.4,1,0.0,0,1.8,0,1.082,sintetico
2026-03-20 21:25:59.182982,-14.81,14.84,734.7,16.95,55.6,1,0.0,2,5.74,1,7.654,sintetico
2026-03-20 22:25:59.182982,0.29,1.02,414.9,3.1,12.7,0,0.0,0,1.46,0,0.446,sintetico
2026-03-20 23:25:59.182982,-22.46,25.05,682.6,7.73,25.5,1,0.0,3,9.0,5,3.013,sintetico
2026-03-21 00:25:59.182982,4.06,4.94,430.7,35.77,51.1,0,0.0,0,0.81,0,5.549,sintetico
2026-03-21 01:25:59.182982,-7.52,11.08,420.4,9.27,228.0,0,0.0,0,2.77,0,1.371,sintetico
2026-03-21 02:25:59.182982,1.14,2.12,417.8,5.39,106.5,0,0.0,0,0.13,0,0.787,sintetico
2026-03-21 03:25:59.182982,-0.78,3.27,359.2,7.29,58.1,0,0.0,1,1.5,0,0.787,sintetico
2026-03-21 04:25:59.182982,-3.15,4.95,404.7,5.39,54.1,0,0.0,0,2.12,0,0.738,sintetico
2026-03-21 05:25:59.182982,3.77,7.41,384.7,13.41,47.5,0,0.0,2,3.03,0,1.659,sintetico
2026-03-21 06:25:59.182982,7.12,7.33,376.9,3.5,162.7,0,0.0,1,1.2,0,0.416,sintetico
2026-03-21 07:25:59.182982,-13.03,13.04,649.5,21.55,23.7,0,0.0,2,5.36,1,7.602,sintetico
2026-03-21 08:25:59.182982,6.56,9.23,341.6,5.98,20.5,0,0.0,0,1.4,0,0.583,sintetico
2026-03-21 09:25:59.182982,-11.28,11.33,637.3,12.74,118.2,0,0.0,2,4.74,0,4.328,sintetico
2026-03-21 10:25:59.182982,-11.31,11.38,766.0,30.15,124.1,0,0.0,4,6.73,2,14.796,sintetico
2026-03-21 11:25:59.182982,2.39,2.57,228.1,9.77,232.6,0,0.0,0,0.62,0,0.425,sintetico
2026-03-21 12:25:59.182982,-23.75,24.33,677.5,10.08,73.6,0,0.0,2,8.38,4,3.868,sintetico
2026-03-21 13:25:59.182982,-19.34,20.18,590.8,14.74,73.2,1,0.0,3,8.09,4,4.304,sintetico
2026-03-21 14:25:59.182982,4.96,5.96,339.7,5.83,195.0,0,0.0,0,0.8,0,0.562,sintetico
2026-03-21 15:25:59.182982,-34.52,34.71,551.5,43.46,113.0,1,0.0,2,9.0,5,11.053,sintetico
2026-03-21 16:25:59.182982,-36.79,36.84,712.1,6.57,87.8,0,0.0,4,9.0,5,2.785,sintetico
2026-03-21 17:25:59.182982,-33.73,33.78,684.8,3.58,38.4,1,0.0,3,9.0,5,1.404,sintetico
2026-03-21 18:25:59.182982,-17.07,17.24,662.0,17.16,59.9,1,0.0,3,8.17,4,6.288,sintetico
2026-03-21 19:25:59.182982,0.07,9.42,387.6,11.35,47.2,0,0.0,0,1.89,0,1.426,sintetico
2026-03-21 20:25:59.182982,3.44,5.19,458.3,1.37,27.8,0,0.0,0,1.26,0,0.4,sintetico
2026-03-21 21:25:59.182982,3.54,3.54,324.2,7.14,29.0,0,0.0,0,0.98,0,0.628,sintetico
2026-03-21 22:25:59.182982,-18.83,18.9,705.2,15.8,49.2,0,0.0,2,7.08,3,6.571,sintetico
2026-03-21 23:25:59.182982,3.66,4.93,341.8,7.48,90.3,0,0.0,0,1.26,0,0.731,sintetico
2026-03-22 00:25:59.182982,-17.48,18.24,731.4,14.98,62.3,1,0.0,4,8.62,4,6.702,sintetico
2026-03-22 01:25:59.182982,-13.76,13.96,697.1,11.8,116.7,1,0.0,3,7.75,3,4.797,sintetico
2026-03-22 02:25:59.182982,-3.33,4.58,456.3,6.81,49.2,0,0.0,1,2.04,0,1.187,sintetico
2026-03-22 03:25:59.182982,-31.43,31.68,610.1,28.92,87.3,0,0.0,2,9.0,5,9.004,sintetico
2026-03-22 04:25:59.182982,0.64,7.43,382.6,2.1,47.9,0,0.0,0,0.46,0,0.4,sintetico
2026-03-22 05:25:59.182982,5.1,6.05,395.8,5.31,55.1,0,0.0,1,1.05,0,0.696,sintetico
2026-03-22 06:25:59.182982,0.17,1.0,459.2,6.94,84.4,0,0.0,0,1.43,0,1.223,sintetico
2026-03-22 07:25:59.182982,5.0,8.46,797.6,31.28,71.7,1,0.0,2,4.99,0,16.642,sintetico
2026-03-22 08:25:59.182982,-1.62,2.27,384.1,45.04,81.5,0,0.0,0,1.08,0,5.557,sintetico
2026-03-22 09:25:59.182982,-11.18,11.55,290.5,11.81,43.7,0,0.0,0,2.51,0,0.834,sintetico
2026-03-22 10:25:59.182982,-14.06,14.29,761.9,7.08,83.4,1,0.0,2,7.69,3,3.439,sintetico
2026-03-22 11:25:59.182982,5.52,6.47,390.8,15.99,32.6,0,0.0,1,1.61,0,2.042,sintetico
2026-03-22 12:25:59.182982,0.95,1.88,348.7,8.56,48.0,0,0.0,1,2.43,0,0.871,sintetico
2026-03-22 13:25:59.182982,-4.82,8.7,409.8,7.87,120.3,0,0.0,2,3.52,0,1.105,sintetico
2026-03-22 14:25:59.182982,-2.2,3.8,335.7,24.6,103.2,0,0.0,1,2.97,0,2.318,sintetico
2026-03-22 15:25:59.182982,-10.64,11.34,579.0,21.01,87.8,0,0.0,2,6.08,2,5.889,sintetico
2026-03-22 16:25:59.182982,-24.02,24.25,786.1,15.98,26.6,0,0.0,2,8.78,4,8.26,sintetico
2026-03-22 17:25:59.182982,6.73,7.4,347.5,27.1,38.4,0,0.0,1,1.67,0,2.737,sintetico
2026-03-22 18:25:59.182982,9.56,10.04,326.4,9.7,86.7,0,0.0,0,0.0,0,0.864,sintetico
2026-03-22 19:25:59.182982,0.07,4.0,405.1,6.0,44.0,0,0.0,1,1.98,0,0.823,sintetico
2026-03-22 20:25:59.182982,-0.75,3.25,350.4,4.64,92.4,0,0.0,0,1.37,0,0.477,sintetico
2026-03-22 21:25:59.182982,-6.25,6.98,664.0,17.38,66.0,1,0.0,3,5.67,1,6.411,sintetico
2026-03-22 22:25:59.182982,-0.52,4.91,332.0,13.31,11.4,0,0.0,2,2.41,0,1.227,sintetico
2026-03-22 23:25:59.182982,-17.09,18.37,818.5,11.59,48.1,0,0.0,3,8.18,4,6.496,sintetico
2026-03-23 00:25:59.182982,-25.32,25.39,728.9,21.7,136.1,1,0.0,3,9.0,5,9.64,sintetico
2026-03-23 01:25:59.182982,-22.99,23.27,610.4,23.22,37.7,1,0.0,2,8.76,4,7.236,sintetico
2026-03-23 02:25:59.182982,-28.48,28.61,614.5,14.81,21.1,0,0.0,3,9.0,5,4.676,sintetico
2026-03-23 03:25:59.182982,0.34,2.57,385.3,1.99,104.0,0,0.0,1,1.78,0,0.4,sintetico
2026-03-23 04:25:59.182982,-23.54,23.86,491.4,15.91,51.2,0,0.0,2,7.34,3,3.213,sintetico
2026-03-23 05:25:59.182982,-28.78,28.96,592.8,14.66,132.4,1,0.0,2,9.0,5,4.307,sintetico
2026-03-23 06:25:59.182982,-26.18,26.99,664.8,23.13,54.6,1,0.0,2,9.0,5,8.55,sintetico
2026-03-23 07:25:59.182982,-26.1,26.16,655.3,25.1,196.2,0,0.0,3,9.0,5,9.015,sintetico
2026-03-23 08:25:59.182982,-15.04,17.86,564.5,28.34,57.2,0,0.0,4,7.65,3,7.552,sintetico
2026-03-23 09:25:59.182982,-0.91,2.86,357.9,12.68,65.4,0,0.0,0,0.81,0,1.359,sintetico
2026-03-23 10:25:59.182982,0.8,2.06,479.0,9.12,59.2,0,0.0,0,0.11,0,1.75,sintetico
2026-03-23 11:25:59.182982,-0.4,5.68,380.2,6.31,137.7,0,0.0,0,2.12,0,0.763,sintetico
2026-03-23 12:25:59.182982,-25.13,25.27,570.2,8.99,32.1,0,0.0,3,8.64,4,2.445,sintetico
2026-03-23 13:25:59.182982,-19.27,19.62,673.2,22.75,35.3,1,0.0,2,8.41,4,8.624,sintetico
2026-03-23 14:25:59.182982,-4.05,4.32,785.4,27.14,80.8,0,0.0,3,4.98,0,14.004,sintetico
2026-03-23 15:25:59.182982,8.61,8.83,354.1,4.85,41.5,0,0.0,0,0.0,0,0.508,sintetico
2026-03-23 16:25:59.182982,-8.64,8.7,365.5,5.88,79.3,0,0.0,1,2.95,0,0.657,sintetico
2026-03-23 17:25:59.182982,-0.83,2.76,349.9,12.12,37.9,0,0.0,2,2.55,0,1.24,sintetico
2026-03-23 18:25:59.182982,4.47,8.45,314.8,17.3,59.7,0,0.0,2,1.0,0,1.434,sintetico
2026-03-23 19:25:59.182982,-7.76,8.87,581.9,15.6,41.8,0,0.0,2,4.48,0,4.418,sintetico
2026-03-23 20:25:59.182982,-24.64,25.44,655.5,25.87,65.1,0,0.0,2,8.82,4,9.298,sintetico
2026-03-23 21:25:59.182982,1.29,6.24,403.9,10.05,107.0,0,0.0,0,1.06,0,1.371,sintetico
2026-03-23 22:25:59.182982,-24.99,25.12,617.4,27.83,28.6,1,0.0,2,9.0,5,8.872,sintetico
2026-03-23 23:25:59.182982,2.87,3.13,369.8,10.12,42.6,0,0.0,1,2.1,0,1.157,sintetico
2026-03-24 00:25:59.182982,4.98,6.66,402.7,25.57,58.9,0,0.0,2,2.02,0,3.467,sintetico
2026-03-24 01:25:59.182982,0.39,5.03,383.5,26.7,209.2,0,0.0,0,0.91,0,3.283,sintetico
2026-03-24 02:25:59.182982,2.4,4.32,408.7,2.93,63.3,0,0.0,0,2.22,0,0.409,sintetico
2026-03-24 03:25:59.182982,0.11,2.21,445.5,15.37,53.7,0,0.0,0,1.38,0,2.552,sintetico
2026-03-24 04:25:59.182982,2.87,7.16,381.6,35.39,69.3,0,0.0,0,1.27,0,4.31,sintetico
2026-03-24 05:25:59.182982,-28.02,28.33,623.2,29.73,20.5,0,0.0,3,9.0,5,9.654,sintetico
2026-03-24 06:25:59.182982,-12.67,13.3,511.1,6.12,100.6,0,0.0,2,4.86,0,1.338,sintetico
2026-03-24 07:25:59.182982,-3.96,4.11,343.1,8.29,80.7,0,0.0,1,2.34,0,0.816,sintetico
2026-03-24 08:25:59.182982,-22.16,22.99,575.6,26.05,63.0,0,0.0,3,7.75,3,7.219,sintetico
2026-03-24 09:25:59.182982,-14.51,14.53,651.9,7.45,17.7,1,0.0,2,7.29,3,2.649,sintetico
2026-03-24 10:25:59.182982,-18.61,18.65,733.4,33.44,20.0,0,0.0,2,7.86,3,15.042,sintetico
2026-03-24 11:25:59.182982,6.36,6.76,386.9,6.62,108.9,0,0.0,0,0.49,0,0.829,sintetico
2026-03-24 12:25:59.182982,-16.51,19.55,564.3,5.54,29.8,0,0.0,2,6.55,2,1.475,sintetico
2026-03-24 13:25:59.182982,-3.21,6.21,342.0,5.72,73.3,0,0.0,0,0.86,0,0.559,sintetico
2026-03-24 14:25:59.182982,5.28,6.81,423.0,5.59,69.0,0,0.0,0,0.68,0,0.836,sintetico
2026-03-24 15:25:59.182982,6.27,9.03,378.1,4.45,163.7,0,0.0,0,1.26,0,0.532,sintetico
2026-03-24 16:25:59.182982,-16.74,18.53,517.8,14.61,179.9,0,0.0,3,6.51,2,3.277,sintetico
2026-03-24 17:25:59.182982,2.87,6.3,377.7,14.76,71.7,0,0.0,0,2.12,0,1.761,sintetico
2026-03-24 18:25:59.182982,-17.64,17.78,619.0,20.25,140.8,1,0.0,2,7.82,3,6.49,sintetico
2026-03-24 19:25:59.182982,4.16,7.42,393.5,12.27,66.3,0,0.0,2,1.84,0,1.589,sintetico
2026-03-24 20:25:59.182982,-14.41,15.05,641.1,15.2,122.8,1,0.0,2,6.79,2,5.224,sintetico
2026-03-24 21:25:59.182982,-0.73,1.0,378.5,6.4,48.8,0,0.0,0,1.76,0,0.767,sintetico
2026-03-24 22:25:59.182982,-17.25,17.7,774.5,23.53,169.4,1,0.0,3,9.0,5,11.807,sintetico
2026-03-24 23:25:59.182982,-16.95,16.98,620.0,4.43,167.3,0,0.0,3,7.14,3,1.423,sintetico
2026-03-25 00:25:59.182982,-1.36,3.71,375.2,28.3,71.2,0,0.0,1,1.06,0,3.332,sintetico
2026-03-25 01:25:59.182982,-27.02,28.04,582.0,11.84,21.2,0,0.0,2,7.9,3,3.355,sintetico
2026-03-25 02:25:59.182982,5.27,6.13,444.5,8.83,46.7,0,0.0,0,1.05,0,1.458,sintetico
2026-03-25 03:25:59.182982,-3.23,3.68,369.9,12.53,52.9,0,0.0,2,2.35,0,1.434,sintetico
2026-03-25 04:25:59.182982,4.39,5.63,350.8,10.86,30.3,0,0.0,0,0.55,0,1.117,sintetico
2026-03-25 05:25:59.182982,5.72,9.67,395.8,2.58,43.2,0,0.0,1,0.64,0,0.4,sintetico
2026-03-25 06:25:59.182982,9.68,12.23,398.6,8.04,49.7,0,0.0,2,2.11,0,1.068,sintetico
2026-03-25 07:25:59.182982,-1.4,4.18,458.7,52.95,37.3,0,0.0,0,1.78,0,9.319,sintetico
2026-03-25 08:25:59.182982,-21.23,21.26,630.9,10.98,165.3,1,0.0,3,8.57,4,3.655,sintetico
2026-03-25 09:25:59.182982,-3.21,6.9,293.4,9.91,43.4,0,0.0,0,1.2,0,0.713,sintetico
2026-03-25 10:25:59.182982,2.6,3.29,291.3,13.3,203.0,1,0.0,1,1.38,0,0.944,sintetico
2026-03-25 11:25:59.182982,-6.09,8.35,354.1,2.48,132.5,0,0.0,0,2.53,0,0.4,sintetico
2026-03-25 12:25:59.182982,-6.41,7.15,419.8,7.86,46.5,0,0.0,2,3.02,0,1.159,sintetico
2026-03-25 13:25:59.182982,-10.76,10.9,620.0,12.14,26.6,0,0.0,2,5.89,1,3.903,sintetico
2026-03-25 14:25:59.182982,-0.58,4.32,297.3,13.44,272.4,0,0.0,2,1.43,0,0.993,sintetico
2026-03-25 15:25:59.182982,1.08,6.25,410.4,6.94,93.0,0,0.0,0,1.8,0,0.978,sintetico
2026-03-25 16:25:59.182982,-2.59,3.83,300.0,6.29,49.2,0,0.0,0,1.56,0,0.474,sintetico
2026-03-25 17:25:59.182982,-23.33,23.82,732.7,9.22,25.7,1,0.0,2,9.0,5,4.14,sintetico
2026-03-25 18:25:59.182982,-11.17,11.45,554.9,41.35,32.7,0,0.0,3,5.52,1,10.649,sintetico
2026-03-25 19:25:59.182982,-16.33,16.72,613.1,40.81,15.1,0,0.0,3,7.11,3,12.829,sintetico
2026-03-25 20:25:59.182982,2.42,2.79,381.5,5.17,64.0,0,0.0,0,1.58,0,0.629,sintetico
2026-03-25 21:25:59.182982,4.59,4.72,366.7,4.85,148.7,0,0.0,0,0.12,0,0.545,sintetico
2026-03-25 22:25:59.182982,-2.36,6.54,421.0,8.06,91.6,0,0.0,0,1.84,0,1.194,sintetico
2026-03-25 23:25:59.182982,-23.47,23.71,587.3,29.59,57.3,0,0.0,3,7.69,3,8.536,sintetico
2026-03-26 00:25:59.182982,6.82,8.2,392.8,5.88,24.4,0,0.0,0,0.48,0,0.758,sintetico
2026-03-26 01:25:59.182982,4.59,6.77,343.9,16.61,128.5,0,0.0,1,1.5,0,1.643,sintetico
2026-03-26 02:25:59.182982,-3.15,4.11,331.6,15.77,87.5,0,0.0,0,1.32,0,1.45,sintetico
2026-03-26 03:25:59.182982,0.49,6.84,376.3,19.01,72.2,0,0.0,1,1.42,0,2.252,sintetico
2026-03-26 04:25:59.182982,-4.38,4.74,308.6,9.58,45.0,0,0.0,1,3.36,0,0.763,sintetico
2026-03-26 05:25:59.182982,-13.84,14.06,648.0,17.51,57.5,1,0.0,4,7.96,3,6.148,sintetico
2026-03-26 06:25:59.182982,5.25,7.13,399.7,11.78,31.4,0,0.0,0,0.87,0,1.574,sintetico
2026-03-26 07:25:59.182982,-38.91,39.29,598.9,37.18,34.9,0,0.0,3,9.0,5,11.154,sintetico
2026-03-26 08:25:59.182982,-3.53,4.29,621.9,31.55,28.0,1,0.0,3,5.61,1,10.206,sintetico
2026-03-26 09:25:59.182982,-20.64,20.65,695.3,29.68,26.0,1,0.0,2,8.97,4,12.002,sintetico
2026-03-26 10:25:59.182982,-9.95,10.24,698.2,12.97,146.4,1,0.0,2,5.84,1,5.288,sintetico
2026-03-26 11:25:59.182982,-13.69,13.83,592.4,16.0,151.2,0,0.0,2,6.05,2,4.695,sintetico
2026-03-26 12:25:59.182982,8.15,10.91,398.0,10.31,112.5,0,0.0,1,1.8,0,1.366,sintetico
2026-03-26 13:25:59.182982,-0.17,7.47,421.2,4.41,97.8,0,0.0,1,2.1,0,0.654,sintetico
2026-03-26 14:25:59.182982,-15.58,15.77,858.6,9.18,39.7,0,0.0,2,7.79,3,5.659,sintetico
2026-03-26 15:25:59.182982,-6.41,7.24,793.7,22.49,119.6,1,0.0,4,7.26,3,11.852,sintetico
2026-03-26 16:25:59.182982,-21.99,22.52,593.4,93.17,84.3,0,0.0,2,8.99,4,27.438,sintetico
2026-03-26 17:25:59.182982,-2.89,4.87,391.1,10.89,61.7,0,0.0,1,2.33,0,1.393,sintetico
2026-03-26 18:25:59.182982,-16.14,16.56,648.6,8.53,61.1,0,0.0,2,6.77,2,3.002,sintetico
2026-03-26 19:25:59.182982,-1.33,2.68,399.2,11.44,75.2,0,0.0,1,2.63,0,1.524,sintetico
2026-03-26 20:25:59.182982,-8.0,8.1,450.0,7.24,40.1,0,0.0,2,4.6,0,1.226,sintetico
2026-03-26 21:25:59.182982,-9.89,10.81,568.6,13.81,62.7,1,0.0,2,4.66,0,3.733,sintetico
2026-03-26 22:25:59.182982,5.21,9.61,321.0,6.05,57.7,0,0.0,0,0.42,0,0.521,sintetico
2026-03-26 23:25:59.182982,1.01,5.53,415.9,10.81,37.2,0,0.0,0,1.68,0,1.564,sintetico
2026-03-27 00:25:59.182982,-14.35,14.88,730.4,40.93,85.4,0,0.0,2,7.11,3,18.26,sintetico
2026-03-27 01:25:59.182982,-20.52,20.58,705.4,17.45,48.0,1,0.0,3,9.0,5,7.26,sintetico
2026-03-27 02:25:59.182982,0.85,3.19,295.1,3.71,65.3,0,0.0,0,1.66,0,0.4,sintetico
2026-03-27 03:25:59.182982,7.06,7.18,367.2,6.85,33.6,0,0.0,0,1.42,0,0.772,sintetico
2026-03-27 04:25:59.182982,-4.45,5.94,381.2,10.12,39.4,0,0.0,2,2.4,0,1.229,sintetico
2026-03-27 05:25:59.182982,-19.16,19.34,718.3,24.12,56.4,1,0.0,4,9.0,5,10.408,sintetico
2026-03-27 06:25:59.182982,-6.23,9.87,612.5,34.58,82.3,0,0.0,3,5.33,1,10.849,sintetico
2026-03-27 07:25:59.182982,-1.5,1.81,796.8,6.4,44.6,1,0.0,2,4.0,0,3.397,sintetico
2026-03-27 08:25:59.182982,5.05,10.54,385.8,8.5,71.6,0,0.0,0,1.0,0,1.058,sintetico
2026-03-27 09:25:59.182982,0.35,6.12,390.5,14.55,44.2,0,0.0,0,1.48,0,1.855,sintetico
2026-03-27 10:25:59.182982,6.72,10.02,398.5,9.92,90.1,0,0.0,2,1.64,0,1.318,sintetico
2026-03-27 11:25:59.182982,-17.14,17.81,546.8,28.06,148.9,0,0.0,2,6.83,2,7.015,sintetico
2026-03-27 12:25:59.182982,-7.42,9.41,300.1,19.39,80.5,0,0.0,1,3.34,0,1.461,sintetico
2026-03-27 13:25:59.182982,-13.75,15.61,746.2,10.95,43.5,1,0.0,2,7.17,3,5.098,sintetico
2026-03-27 14:25:59.182982,4.91,5.86,429.5,8.09,40.7,0,0.0,1,0.78,0,1.249,sintetico
2026-03-27 15:25:59.182982,3.61,6.23,442.4,2.91,118.5,0,0.0,0,0.39,0,0.477,sintetico
2026-03-27 16:25:59.182982,3.81,6.68,331.6,7.01,20.8,0,0.0,0,0.96,0,0.644,sintetico
2026-03-27 17:25:59.182982,1.65,7.3,416.9,3.89,35.3,0,0.0,0,2.23,0,0.565,sintetico
2026-03-27 18:25:59.182982,-2.9,7.93,340.7,37.76,29.5,0,0.0,0,2.02,0,3.665,sintetico
2026-03-27 19:25:59.182982,2.37,4.95,351.6,5.37,131.9,0,0.0,1,1.38,0,0.555,sintetico
2026-03-27 20:25:59.182982,-17.41,17.68,715.2,6.63,114.4,1,0.0,3,7.61,3,2.837,sintetico
2026-03-27 21:25:59.182982,-3.43,7.64,325.0,22.27,45.5,0,0.0,0,1.45,0,1.967,sintetico
2026-03-27 22:25:59.182982,5.38,8.83,380.6,14.53,79.1,0,0.0,1,0.94,0,1.76,sintetico
2026-03-27 23:25:59.182982,-3.19,3.99,331.3,4.37,57.0,0,0.0,0,1.25,0,0.401,sintetico
2026-03-28 00:25:59.182982,8.25,9.28,343.3,9.51,24.7,0,0.0,2,2.02,0,0.937,sintetico
2026-03-28 01:25:59.182982,1.12,6.97,324.4,7.45,30.1,0,0.0,0,0.0,0,0.655,sintetico
2026-03-28 02:25:59.182982,2.34,5.97,407.8,3.19,73.2,0,0.0,0,0.0,0,0.443,sintetico
2026-03-28 03:25:59.182982,0.27,3.66,371.2,14.26,43.3,0,0.0,0,0.71,0,1.644,sintetico
2026-03-28 04:25:59.182982,-4.56,8.86,351.2,9.61,95.8,0,0.0,0,2.47,0,0.991,sintetico
2026-03-28 05:25:59.182982,-2.08,2.32,324.8,11.29,81.1,0,0.0,0,1.93,0,0.997,sintetico
2026-03-28 06:25:59.182982,-21.33,21.64,599.0,9.36,87.9,0,0.0,3,7.52,3,2.81,sintetico
2026-03-28 07:25:59.182982,4.6,4.74,386.4,30.74,350.0,0,0.0,0,0.91,0,3.838,sintetico
2026-03-28 08:25:59.182982,1.5,8.06,420.6,7.14,116.9,0,0.0,1,1.17,0,1.056,sintetico
2026-03-28 09:25:59.182982,-0.49,5.98,680.6,11.89,64.6,0,0.0,2,2.63,0,4.605,sintetico
2026-03-28 10:25:59.182982,-27.98,28.23,601.7,16.82,63.4,1,0.0,2,9.0,5,5.091,sintetico
2026-03-28 11:25:59.182982,0.44,8.03,331.7,1.79,22.3,0,0.0,0,1.44,0,0.4,sintetico
2026-03-28 12:25:59.182982,0.77,9.18,323.3,5.81,59.2,0,0.0,0,1.68,0,0.508,sintetico
2026-03-28 13:25:59.182982,-21.33,22.01,576.0,31.62,111.5,0,0.0,3,7.46,3,8.774,sintetico
2026-03-28 14:25:59.182982,-24.46,25.21,569.3,17.4,45.4,1,0.0,2,8.59,4,4.717,sintetico
2026-03-28 15:25:59.182982,2.81,5.91,361.8,11.65,56.3,0,0.0,1,1.51,0,1.275,sintetico
2026-03-28 16:25:59.182982,0.21,4.64,337.3,4.94,35.9,0,0.0,0,1.08,0,0.47,sintetico
2026-03-28 17:25:59.182982,-1.2,5.41,385.2,23.68,32.2,0,0.0,2,2.99,0,2.939,sintetico
2026-03-28 18:25:59.182982,1.07,6.44,321.8,9.61,92.6,0,0.0,1,0.87,0,0.832,sintetico
2026-03-28 19:25:59.182982,-14.68,15.01,585.3,11.99,65.2,1,0.0,2,7.04,3,3.436,sintetico
2026-03-28 20:25:59.182982,-27.12,27.36,704.9,12.25,46.3,1,0.0,2,9.0,5,5.091,sintetico
2026-03-28 21:25:59.182982,-20.43,20.7,482.1,8.94,39.0,1,0.0,2,6.91,2,1.738,sintetico
2026-03-28 22:25:59.182982,4.78,5.06,389.4,30.09,58.9,0,0.0,0,2.04,0,3.815,sintetico
2026-03-28 23:25:59.182982,-19.6,20.08,687.8,14.31,74.8,1,0.0,2,7.4,3,5.661,sintetico
2026-03-29 00:25:59.182982,-17.93,18.35,647.8,20.15,23.5,0,0.0,2,8.19,4,7.072,sintetico
2026-03-29 01:25:59.182982,-12.73,14.2,619.4,16.63,193.0,1,0.0,2,5.33,1,5.335,sintetico
2026-03-29 02:25:59.182982,-0.13,6.81,390.8,4.14,93.7,0,0.0,0,0.0,0,0.529,sintetico
2026-03-29 03:25:59.182982,-19.61,20.1,532.0,15.8,87.1,1,0.0,4,9.0,5,3.74,sintetico
2026-03-29 04:25:59.182982,4.18,8.63,423.6,5.25,104.8,0,0.0,1,0.41,0,0.788,sintetico
2026-03-29 05:25:59.182982,0.05,5.95,471.2,13.56,73.3,1,0.0,2,2.71,0,2.517,sintetico
2026-03-29 06:25:59.182982,-20.68,21.31,656.3,6.05,34.3,0,0.0,3,8.35,4,2.18,sintetico
2026-03-29 07:25:59.182982,4.18,8.9,391.0,6.45,63.9,0,0.0,2,2.28,0,0.825,sintetico
2026-03-29 08:25:59.182982,-12.36,13.99,540.7,28.01,45.9,0,0.0,3,5.97,1,6.85,sintetico
2026-03-29 09:25:59.182982,5.15,7.08,320.6,4.13,71.2,0,0.0,0,1.13,0,0.4,sintetico
2026-03-29 10:25:59.182982,2.42,5.31,441.2,11.43,36.9,0,0.0,0,1.52,0,1.86,sintetico
2026-03-29 11:25:59.182982,-18.15,18.67,602.3,28.0,173.7,0,0.0,3,7.06,3,8.496,sintetico
2026-03-29 12:25:59.182982,-10.6,12.3,622.4,35.88,36.3,0,0.0,2,4.8,0,11.626,sintetico
2026-03-29 13:25:59.182982,-1.2,3.46,388.4,7.52,21.5,0,0.0,0,1.28,0,0.949,sintetico
2026-03-29 14:25:59.182982,5.81,6.62,515.5,11.52,38.9,0,0.0,1,2.31,0,2.561,sintetico
2026-03-29 15:25:59.182982,6.72,10.82,317.9,6.1,137.9,0,0.0,1,1.18,0,0.516,sintetico
2026-03-29 16:25:59.182982,-17.61,17.72,544.7,5.72,51.9,1,0.0,2,7.53,3,1.418,sintetico
2026-03-29 17:25:59.182982,1.65,3.52,276.6,3.27,136.9,0,0.0,1,1.93,0,0.4,sintetico
2026-03-29 18:25:59.182982,1.25,5.57,449.1,7.24,65.3,0,0.0,0,1.21,0,1.22,sintetico
2026-03-29 19:25:59.182982,-3.8,4.16,503.6,20.18,39.3,0,0.0,3,4.97,0,4.28,sintetico
2026-03-29 20:25:59.182982,1.81,2.44,401.0,9.76,32.8,0,0.0,0,1.83,0,1.313,sintetico
2026-03-29 21:25:59.182982,-3.69,6.56,297.2,75.01,105.3,0,0.0,2,3.65,0,5.541,sintetico
2026-03-29 22:25:59.182982,-1.86,7.15,475.8,33.47,33.2,0,0.0,0,1.09,0,6.335,sintetico
2026-03-29 23:25:59.182982,1.02,1.99,347.2,12.5,107.0,0,0.0,1,0.5,0,1.26,sintetico
2026-03-30 00:25:59.182982,4.04,4.58,458.6,11.93,157.4,0,0.0,1,2.76,0,2.099,sintetico
2026-03-30 01:25:59.182982,10.12,10.12,401.2,7.28,71.3,0,0.0,0,1.19,0,0.979,sintetico
2026-03-30 02:25:59.182982,-25.82,26.89,708.4,15.22,33.1,1,0.0,2,9.0,5,6.388,sintetico
2026-03-30 03:25:59.182982,-1.99,3.23,370.6,8.77,54.8,0,0.0,0,1.49,0,1.007,sintetico
2026-03-30 04:25:59.182982,5.93,6.3,321.8,9.56,26.5,0,0.0,0,0.0,0,0.828,sintetico
2026-03-30 05:25:59.182982,-23.74,23.76,615.8,24.36,64.7,1,0.0,4,9.0,5,7.725,sintetico
2026-03-30 06:25:59.182982,1.57,3.4,433.3,11.19,32.4,0,0.0,0,0.77,0,1.756,sintetico
2026-03-30 07:25:59.182982,-20.07,20.46,655.2,18.31,141.6,1,0.0,2,7.79,3,6.572,sintetico
2026-03-30 08:25:59.182982,-0.34,4.03,629.1,14.11,41.2,1,0.0,3,3.7,0,4.672,sintetico
2026-03-30 09:25:59.182982,-5.07,9.27,367.6,9.94,47.4,0,0.0,0,1.41,0,1.123,sintetico
2026-03-30 10:25:59.182982,-2.1,9.11,441.4,5.91,40.3,0,0.0,1,1.01,0,0.963,sintetico
2026-03-30 11:25:59.182982,-0.45,4.75,347.5,3.27,81.4,0,0.0,0,0.93,0,0.4,sintetico
2026-03-30 12:25:59.182982,2.98,5.67,330.9,5.65,115.0,0,0.0,0,1.05,0,0.517,sintetico
2026-03-30 13:25:59.182982,-29.54,29.95,604.9,7.63,111.3,0,0.0,2,8.72,4,2.335,sintetico
2026-03-30 14:25:59.182982,-22.28,22.79,538.6,12.01,166.6,0,0.0,2,6.55,2,2.914,sintetico
2026-03-30 15:25:59.182982,4.42,5.73,329.6,7.05,30.6,0,0.0,0,0.06,0,0.64,sintetico
2026-03-30 16:25:59.182982,-11.45,12.59,562.5,20.28,97.2,1,0.0,2,6.48,2,5.366,sintetico
2026-03-30 17:25:59.182982,0.31,5.14,343.4,3.04,83.4,0,0.0,0,0.23,0,0.4,sintetico
2026-03-30 18:25:59.182982,-4.09,7.85,309.5,9.31,81.2,0,0.0,1,2.05,0,0.746,sintetico
2026-03-30 19:25:59.182982,-43.14,43.17,577.2,6.66,73.6,1,0.0,4,9.0,5,1.855,sintetico
2026-03-30 20:25:59.182982,-19.82,19.92,633.0,8.54,30.4,1,0.0,3,8.76,4,2.86,sintetico
2026-03-30 21:25:59.182982,-19.34,19.55,694.6,12.69,18.8,0,0.0,2,8.4,4,5.118,sintetico
2026-03-30 22:25:59.182982,0.21,3.13,415.9,24.01,72.2,1,0.0,0,1.47,0,3.474,sintetico
2026-03-30 23:25:59.182982,0.02,4.35,411.2,12.61,63.1,0,0.0,0,1.14,0,1.783,sintetico
2026-03-31 00:25:59.182982,-26.7,26.72,734.8,20.32,301.7,1,0.0,2,9.0,5,9.174,sintetico
2026-03-31 01:25:59.182982,8.37,9.19,369.5,9.07,43.4,0,0.0,1,1.0,0,1.035,sintetico
2026-03-31 02:25:59.182982,2.54,2.7,432.2,7.87,108.0,0,0.0,0,1.9,0,1.23,sintetico
2026-03-31 03:25:59.182982,2.54,7.78,349.0,4.18,49.6,0,0.0,1,1.22,0,0.425,sintetico
2026-03-31 04:25:59.182982,0.99,4.2,420.3,14.66,60.6,0,0.0,0,1.56,0,2.165,sintetico
2026-03-31 05:25:59.182982,2.82,5.31,301.9,20.4,73.5,1,0.0,0,1.71,0,1.555,sintetico
2026-03-31 06:25:59.182982,-6.81,7.33,387.4,2.35,77.3,0,0.0,0,2.27,0,0.4,sintetico
2026-03-31 07:25:59.182982,-4.08,4.65,721.6,11.8,161.8,1,0.0,2,4.37,0,5.137,sintetico
2026-03-31 08:25:59.182982,-8.68,9.7,352.5,15.55,67.2,0,0.0,0,3.25,0,1.616,sintetico
2026-03-31 09:25:59.182982,-15.97,16.86,525.6,13.47,98.7,1,0.0,2,7.18,3,3.112,sintetico
2026-03-31 10:25:59.182982,-24.53,27.17,750.0,11.83,129.8,0,0.0,3,9.0,5,5.565,sintetico
2026-03-31 11:25:59.182982,6.54,6.79,367.9,4.0,136.0,0,0.0,0,1.03,0,0.452,sintetico
2026-03-31 12:25:59.182982,0.15,3.34,341.0,4.94,111.0,0,0.0,0,0.69,0,0.481,sintetico
2026-03-31 13:25:59.182982,-14.53,15.63,748.0,33.5,89.2,1,0.0,2,8.1,4,15.675,sintetico
2026-03-31 14:25:59.182982,-21.84,21.94,713.1,13.73,74.0,0,0.0,2,6.87,2,5.838,sintetico
2026-03-31 15:25:59.182982,4.24,10.91,377.4,9.03,83.1,0,0.0,0,0.76,0,1.076,sintetico
2026-03-31 16:25:59.182982,8.64,8.85,428.4,21.73,165.3,0,0.0,0,0.57,0,3.335,sintetico
2026-03-31 17:25:59.182982,-22.64,22.69,640.4,23.39,31.8,0,0.0,2,7.66,3,8.024,sintetico
2026-03-31 18:25:59.182982,-12.87,13.03,707.5,28.74,94.6,0,0.0,4,7.33,3,12.031,sintetico
2026-03-31 19:25:59.182982,-0.44,2.87,347.1,7.0,123.9,0,0.0,1,1.91,0,0.705,sintetico
2026-03-31 20:25:59.182982,-19.74,19.87,543.3,11.77,125.1,0,0.0,2,6.93,2,2.906,sintetico
2026-03-31 21:25:59.182982,-18.36,18.7,613.2,21.37,76.8,1,0.0,2,6.77,2,6.721,sintetico
2026-03-31 22:25:59.182982,-5.09,5.91,411.8,4.44,94.5,0,0.0,1,2.51,0,0.63,sintetico
2026-03-31 23:25:59.182982,-1.22,4.6,283.0,13.56,58.7,0,0.0,0,1.55,0,0.909,sintetico
2026-04-01 00:25:59.182982,2.37,3.07,471.3,5.31,75.9,0,0.0,0,1.7,0,0.987,sintetico
2026-04-01 01:25:59.182982,2.15,3.13,371.8,11.07,135.1,0,0.0,0,0.44,0,1.28,sintetico
2026-04-01 02:25:59.182982,-28.97,29.88,804.0,5.72,242.2,0,0.0,4,9.0,5,3.094,sintetico
2026-04-01 03:25:59.182982,3.2,6.53,437.5,3.12,49.2,0,0.0,0,1.72,0,0.499,sintetico
2026-04-01 04:25:59.182982,-29.87,31.27,672.9,7.39,57.2,0,0.0,2,9.0,5,2.8,sintetico
2026-04-01 05:25:59.182982,0.56,1.63,409.7,40.29,34.5,0,0.0,1,2.42,0,5.655,sintetico
2026-04-01 06:25:59.182982,-13.98,15.01,587.2,8.17,141.2,0,0.0,3,5.04,1,2.357,sintetico
2026-04-01 07:25:59.182982,8.11,8.75,347.3,26.27,59.4,0,0.0,1,2.15,0,2.65,sintetico
2026-04-01 08:25:59.182982,2.92,7.39,281.4,8.85,58.2,0,0.0,0,0.35,0,0.586,sintetico
2026-04-01 09:25:59.182982,-18.55,19.15,675.4,6.44,127.7,0,0.0,3,6.93,2,2.456,sintetico
2026-04-01 10:25:59.182982,6.88,9.92,399.6,15.19,72.8,0,0.0,0,1.88,0,2.029,sintetico
2026-04-01 11:25:59.182982,-19.26,19.38,761.3,20.23,33.6,1,0.0,2,8.73,4,9.806,sintetico
2026-04-01 12:25:59.182982,-13.06,13.29,625.6,15.56,35.4,1,0.0,3,7.33,3,5.094,sintetico
2026-04-01 13:25:59.182982,-13.75,14.17,716.1,23.06,29.0,0,0.0,3,6.8,2,9.888,sintetico
2026-04-01 14:25:59.182982,0.2,4.58,382.7,2.52,5.0,0,0.0,1,2.02,0,0.4,sintetico
2026-04-01 15:25:59.182982,-18.53,19.41,393.9,4.19,36.0,1,0.0,2,6.4,2,0.544,sintetico
2026-04-01 16:25:59.182982,-23.67,23.92,681.4,6.86,110.5,0,0.0,2,8.62,4,2.663,sintetico
2026-04-01 17:25:59.182982,0.65,10.55,397.9,9.58,36.6,0,0.0,0,0.16,0,1.268,sintetico
2026-04-01 18:25:59.182982,6.82,8.61,339.2,21.14,31.1,0,0.0,1,2.48,0,2.035,sintetico
2026-04-01 19:25:59.182982,-1.61,3.39,393.5,12.2,175.4,0,0.0,1,1.48,0,1.58,sintetico
2026-04-01 20:25:59.182982,5.18,9.12,303.7,13.04,39.1,0,0.0,2,2.2,0,1.005,sintetico
2026-04-01 21:25:59.182982,4.99,5.55,387.2,5.88,71.9,0,0.0,1,1.61,0,0.737,sintetico
2026-04-01 22:25:59.182982,-9.57,11.97,350.4,27.74,53.0,0,0.0,0,3.52,0,2.848,sintetico
2026-04-01 23:25:59.182982,-11.4,11.77,354.2,11.92,33.4,0,0.0,2,3.28,0,1.25,sintetico
2026-04-02 00:25:59.182982,-17.43,18.08,714.3,23.4,24.2,1,0.0,2,7.05,3,9.987,sintetico
2026-04-02 01:25:59.182982,-22.73,22.98,607.9,23.33,56.3,1,0.0,2,9.0,5,7.213,sintetico
2026-04-02 02:25:59.182982,-31.35,31.51,641.8,11.4,31.0,0,0.0,2,9.0,5,3.929,sintetico
2026-04-02 03:25:59.182982,-0.81,2.28,428.1,1.78,78.6,0,0.0,0,2.39,0,0.4,sintetico
2026-04-02 04:25:59.182982,3.01,5.5,378.1,22.49,48.5,0,0.0,0,2.04,0,2.688,sintetico
2026-04-02 05:25:59.182982,3.14,4.93,406.2,28.02,107.1,0,0.0,0,1.68,0,3.867,sintetico
2026-04-02 06:25:59.182982,-2.83,4.38,450.0,12.4,50.1,0,0.0,2,2.75,0,2.1,sintetico
2026-04-02 07:25:59.182982,-8.21,11.11,668.7,42.75,18.7,1,0.0,3,5.93,1,15.986,sintetico
2026-04-02 08:25:59.182982,-10.74,10.83,427.0,12.43,86.5,0,0.0,0,3.93,0,1.896,sintetico
2026-04-02 09:25:59.182982,4.66,5.11,298.8,3.07,44.7,0,0.0,0,0.94,0,0.4,sintetico
2026-04-02 10:25:59.182982,-3.59,6.06,344.1,17.25,90.8,0,0.0,1,3.12,0,1.708,sintetico
2026-04-02 11:25:59.182982,-14.22,14.41,649.0,7.35,127.9,0,0.0,3,7.46,3,2.591,sintetico
2026-04-02 12:25:59.182982,8.99,11.96,397.5,9.2,39.9,0,0.0,0,1.16,0,1.216,sintetico
2026-04-02 13:25:59.182982,4.85,5.16,379.2,8.38,65.9,0,0.0,0,0.81,0,1.008,sintetico
2026-04-02 14:25:59.182982,-2.83,6.24,355.3,4.38,47.3,0,0.0,1,0.93,0,0.462,sintetico
2026-04-02 15:25:59.182982,-1.87,10.47,402.8,9.33,42.2,0,0.0,0,0.58,0,1.266,sintetico
2026-04-02 16:25:59.182982,1.16,3.98,432.6,3.95,119.4,0,0.0,0,1.31,0,0.619,sintetico
2026-04-02 17:25:59.182982,-1.43,12.13,388.3,8.34,102.6,0,0.0,0,0.94,0,1.051,sintetico
2026-04-02 18:25:59.182982,-6.55,6.69,370.3,11.37,24.9,0,0.0,0,2.21,0,1.304,sintetico
2026-04-02 19:25:59.182982,-9.92,11.84,812.3,12.93,305.2,0,0.0,3,7.08,3,7.137,sintetico
2026-04-02 20:25:59.182982,-13.13,14.31,664.5,11.56,49.2,1,0.0,2,6.75,2,4.267,sintetico
2026-04-02 21:25:59.182982,2.85,3.57,422.4,5.21,61.2,0,0.0,0,0.55,0,0.778,sintetico
2026-04-02 22:25:59.182982,-2.17,2.28,472.9,5.41,35.2,0,0.0,1,2.34,0,1.013,sintetico
2026-04-02 23:25:59.182982,-5.31,6.59,323.9,36.66,143.6,0,0.0,0,2.94,0,3.217,sintetico
2026-04-03 00:25:59.182982,-4.82,9.84,421.2,9.62,84.6,0,0.0,1,3.48,0,1.428,sintetico
2026-04-03 01:25:59.182982,-4.82,10.92,363.5,3.16,85.8,0,0.0,0,1.09,0,0.4,sintetico
2026-04-03 02:25:59.182982,1.98,6.06,386.3,28.58,131.5,0,0.0,1,2.01,0,3.566,sintetico
2026-04-03 03:25:59.182982,-23.77,24.11,648.4,17.29,74.7,0,0.0,2,9.0,5,6.078,sintetico
2026-04-03 04:25:59.182982,-11.28,12.16,602.7,3.86,101.8,0,0.0,4,5.55,1,1.172,sintetico
2026-04-03 05:25:59.182982,-0.12,3.67,355.1,9.02,158.0,0,0.0,1,1.95,0,0.951,sintetico
2026-04-03 06:25:59.182982,-29.86,30.3,584.5,15.87,42.8,1,0.0,2,9.0,5,4.535,sintetico
2026-04-03 07:25:59.182982,-2.39,2.65,403.0,1.76,26.1,0,0.0,1,2.49,0,0.4,sintetico
2026-04-03 08:25:59.182982,4.61,5.66,412.4,5.17,39.8,1,0.0,1,2.22,0,0.736,sintetico
2026-04-03 09:25:59.182982,1.2,6.56,352.4,15.78,45.3,0,0.0,0,1.61,0,1.639,sintetico
2026-04-03 10:25:59.182982,-5.95,6.54,319.2,6.63,12.0,0,0.0,0,1.5,0,0.565,sintetico
2026-04-03 11:25:59.182982,-29.31,29.83,684.5,10.17,59.3,1,0.0,4,9.0,5,3.984,sintetico
2026-04-03 12:25:59.182982,4.11,7.96,479.5,22.9,44.7,0,0.0,0,1.99,0,4.404,sintetico
2026-04-03 13:25:59.182982,-28.48,28.62,548.6,16.7,100.4,1,0.0,2,9.0,5,4.204,sintetico
2026-04-03 14:25:59.182982,-28.03,28.19,514.3,70.9,96.3,0,0.0,3,9.0,5,15.684,sintetico
2026-04-03 15:25:59.182982,-35.26,35.31,508.9,3.45,13.9,1,0.0,2,9.0,5,0.747,sintetico
2026-04-03 16:25:59.182982,-24.53,24.68,721.7,15.32,19.4,1,0.0,2,9.0,5,6.672,sintetico
2026-04-03 17:25:59.182982,-0.64,11.85,396.9,12.2,62.5,0,0.0,2,2.09,0,1.607,sintetico
2026-04-03 18:25:59.182982,-10.25,10.73,701.0,4.22,104.8,0,0.0,2,5.85,1,1.733,sintetico
2026-04-03 19:25:59.182982,-21.6,21.68,573.7,6.88,70.6,1,0.0,2,8.11,4,1.895,sintetico
2026-04-03 20:25:59.182982,0.14,1.9,362.3,5.84,32.9,0,0.0,0,0.96,0,0.641,sintetico
2026-04-03 21:25:59.182982,-3.41,8.5,374.0,6.59,194.7,0,0.0,0,1.34,0,0.771,sintetico
2026-04-03 22:25:59.182982,1.16,3.73,317.6,14.99,35.3,0,0.0,0,0.79,0,1.265,sintetico
2026-04-03 23:25:59.182982,-31.2,31.3,771.9,11.36,46.1,1,0.0,3,9.0,5,5.663,sintetico
2026-04-04 00:25:59.182982,-3.34,7.38,404.9,7.0,222.7,0,0.0,0,1.84,0,0.959,sintetico
2026-04-04 01:25:59.182982,-20.47,20.62,583.8,6.41,102.1,0,0.0,4,8.5,4,1.827,sintetico
2026-04-04 02:25:59.182982,7.14,12.41,453.3,8.65,62.3,0,0.0,0,0.45,0,1.487,sintetico
2026-04-04 03:25:59.182982,0.95,8.22,566.1,19.79,115.0,1,0.0,2,2.29,0,5.303,sintetico
2026-04-04 04:25:59.182982,-12.87,13.68,628.1,15.2,50.3,1,0.0,2,6.18,2,5.016,sintetico
2026-04-04 05:25:59.182982,0.93,4.85,428.4,16.54,139.3,0,0.0,1,1.64,0,2.539,sintetico
2026-04-04 06:25:59.182982,2.04,3.27,461.7,3.34,94.9,0,0.0,0,0.9,0,0.595,sintetico
2026-04-04 07:25:59.182982,4.77,7.47,342.5,3.5,70.4,0,0.0,0,0.78,0,0.4,sintetico
2026-04-04 08:25:59.182982,6.26,7.59,383.3,17.2,235.5,0,0.0,0,0.0,0,2.113,sintetico
2026-04-04 09:25:59.182982,4.47,4.62,349.0,17.29,54.0,0,0.0,1,1.83,0,1.761,sintetico
2026-04-04 10:25:59.182982,-3.4,4.6,459.0,4.82,27.6,0,0.0,0,2.14,0,0.85,sintetico
2026-04-04 11:25:59.182982,7.17,8.43,328.9,14.29,69.5,1,0.0,0,1.69,0,1.293,sintetico
2026-04-04 12:25:59.182982,0.05,2.57,341.0,25.63,31.7,0,0.0,0,1.52,0,2.492,sintetico
2026-04-04 13:25:59.182982,-1.71,4.31,377.0,11.19,44.4,0,0.0,0,1.84,0,1.33,sintetico
2026-04-04 14:25:59.182982,1.48,5.47,336.2,22.11,16.6,0,0.0,0,1.86,0,2.09,sintetico
2026-04-04 15:25:59.182982,-10.05,10.77,743.5,11.24,81.2,1,0.0,3,5.9,1,5.197,sintetico
2026-04-04 16:25:59.182982,-28.88,29.72,719.4,13.79,27.1,0,0.0,3,9.0,5,5.968,sintetico
2026-04-04 17:25:59.182982,-28.57,28.6,684.3,7.05,29.9,1,0.0,2,9.0,5,2.762,sintetico
2026-04-04 18:25:59.182982,-11.4,13.8,612.7,18.75,40.5,1,0.0,3,6.33,2,5.887,sintetico
2026-04-04 19:25:59.182982,-12.43,12.53,752.1,28.81,87.5,1,0.0,2,6.63,2,13.627,sintetico
2026-04-04 20:25:59.182982,-10.69,13.31,676.7,19.38,43.2,1,0.0,2,6.63,2,7.423,sintetico
2026-04-04 21:25:59.182982,-23.24,23.3,546.9,9.15,45.8,1,0.0,3,8.75,4,2.289,sintetico
2026-04-04 22:25:59.182982,-15.39,17.32,750.6,10.08,66.9,1,0.0,3,7.98,3,4.749,sintetico
2026-04-04 23:25:59.182982,-8.46,8.8,616.5,13.77,19.9,1,0.0,3,5.89,1,4.375,sintetico
2026-04-05 00:25:59.182982,4.16,4.9,384.2,10.09,155.1,0,0.0,0,0.85,0,1.246,sintetico
2026-04-05 01:25:59.182982,-17.99,18.31,808.6,42.65,83.4,0,0.0,3,8.34,4,23.325,sintetico
2026-04-05 02:25:59.182982,-1.34,1.54,295.8,1.79,67.9,0,0.0,0,0.65,0,0.4,sintetico
2026-04-05 03:25:59.182982,2.39,7.05,345.0,6.27,57.7,0,0.0,0,0.33,0,0.624,sintetico
2026-04-05 04:25:59.182982,0.03,3.49,397.5,9.42,257.8,0,0.0,0,0.74,0,1.245,sintetico
2026-04-05 05:25:59.182982,2.64,5.8,489.0,21.11,80.4,0,0.0,0,1.57,0,4.222,sintetico
2026-04-05 06:25:59.182982,-23.6,25.12,657.4,33.75,88.4,0,0.0,3,9.0,5,12.198,sintetico
2026-04-05 07:25:59.182982,-0.58,1.85,342.9,4.56,129.6,0,0.0,0,1.09,0,0.449,sintetico
2026-04-05 08:25:59.182982,-1.93,4.06,450.5,2.39,34.4,0,0.0,0,2.25,0,0.405,sintetico
2026-04-05 09:25:59.182982,6.23,6.31,437.6,11.27,91.9,0,0.0,1,2.16,0,1.805,sintetico
2026-04-05 10:25:59.182982,1.82,9.09,424.3,4.2,23.5,0,0.0,1,1.55,0,0.632,sintetico
2026-04-05 11:25:59.182982,1.53,4.22,491.4,9.5,30.2,0,0.0,0,1.87,0,1.919,sintetico
2026-04-05 12:25:59.182982,-15.82,16.06,502.1,17.64,19.7,1,0.0,2,6.18,2,3.72,sintetico
2026-04-05 13:25:59.182982,0.84,6.88,272.0,15.54,90.3,0,0.0,0,0.4,0,0.962,sintetico
2026-04-05 14:25:59.182982,-47.74,47.84,659.8,18.67,107.6,0,0.0,2,9.0,5,6.795,sintetico
2026-04-05 15:25:59.182982,4.95,8.15,350.4,30.44,17.2,0,0.0,0,0.9,0,3.125,sintetico
2026-04-05 16:25:59.182982,4.57,4.88,402.3,4.54,11.4,0,0.0,1,0.68,0,0.614,sintetico
2026-04-05 17:25:59.182982,-5.36,6.57,316.0,2.39,78.6,0,0.0,0,1.52,0,0.4,sintetico
2026-04-05 18:25:59.182982,0.27,4.56,302.9,2.13,61.6,0,0.0,1,1.68,0,0.4,sintetico
2026-04-05 19:25:59.182982,0.73,2.82,384.3,8.56,210.7,0,0.0,0,0.4,0,1.057,sintetico
2026-04-05 20:25:59.182982,-5.67,8.31,805.3,24.55,158.0,1,0.0,2,5.24,1,13.314,sintetico
2026-04-05 21:25:59.182982,-32.01,32.07,569.6,30.32,168.7,1,0.0,4,9.0,5,8.227,sintetico
2026-04-05 22:25:59.182982,-0.26,5.97,320.5,6.65,111.0,0,0.0,0,0.09,0,0.571,sintetico
2026-04-05 23:25:59.182982,5.37,5.72,385.4,12.65,19.0,0,0.0,0,1.9,0,1.571,sintetico
2026-04-06 00:25:59.182982,1.98,2.1,293.8,4.05,80.5,0,0.0,1,1.14,0,0.4,sintetico
2026-04-06 01:25:59.182982,-20.77,20.95,631.0,18.53,109.4,1,0.0,3,8.72,4,6.172,sintetico
2026-04-06 02:25:59.182982,-0.18,4.48,383.6,4.29,62.4,0,0.0,1,1.12,0,0.528,sintetico
2026-04-06 03:25:59.182982,-26.41,26.93,694.2,24.88,42.4,1,0.0,2,9.0,5,10.026,sintetico
2026-04-06 04:25:59.182982,-19.74,21.06,761.2,53.98,120.0,0,0.0,4,9.0,5,26.158,sintetico
2026-04-06 05:25:59.182982,-26.04,26.47,699.4,14.03,45.0,1,0.0,3,9.0,5,5.742,sintetico
2026-04-06 06:25:59.182982,-1.74,6.77,390.6,31.94,136.1,0,0.0,0,1.3,0,4.075,sintetico
2026-04-06 07:25:59.182982,-3.87,4.8,329.8,4.84,113.9,0,0.0,0,1.66,0,0.44,sintetico
2026-04-06 08:25:59.182982,-2.09,3.83,392.9,21.29,127.3,0,0.0,2,2.32,0,2.749,sintetico
2026-04-06 09:25:59.182982,-16.85,18.06,508.7,41.72,60.8,1,0.0,3,7.68,3,9.027,sintetico
2026-04-06 10:25:59.182982,1.05,9.81,404.3,15.31,48.3,0,0.0,1,1.35,0,2.093,sintetico
2026-04-06 11:25:59.182982,0.44,7.43,338.8,16.05,15.6,0,0.0,0,1.44,0,1.54,sintetico
2026-04-06 12:25:59.182982,-7.62,9.65,686.4,26.77,42.8,0,0.0,3,6.1,2,10.549,sintetico
2026-04-06 13:25:59.182982,3.92,6.01,359.5,2.39,38.9,0,0.0,0,1.65,0,0.4,sintetico
2026-04-06 14:25:59.182982,2.49,7.57,290.5,9.14,35.6,0,0.0,0,0.0,0,0.645,sintetico
2026-04-06 15:25:59.182982,8.61,8.87,401.2,6.86,70.6,0,0.0,0,1.17,0,0.923,sintetico
2026-04-06 16:25:59.182982,3.54,3.57,455.9,9.43,24.9,0,0.0,0,2.35,0,1.639,sintetico
2026-04-06 17:25:59.182982,-21.96,22.19,630.2,9.42,45.2,1,0.0,2,9.0,5,3.13,sintetico
2026-04-06 18:25:59.182982,2.16,3.23,436.1,10.89,69.7,0,0.0,0,0.91,0,1.732,sintetico
2026-04-06 19:25:59.182982,-12.88,14.26,538.9,77.07,43.2,1,0.0,2,6.88,2,18.719,sintetico
2026-04-06 20:25:59.182982,-22.54,23.1,688.1,10.39,18.5,1,0.0,4,8.73,4,4.115,sintetico
2026-04-06 21:25:59.182982,-23.07,24.0,637.4,34.01,72.9,1,0.0,3,9.0,5,11.557,sintetico
2026-04-06 22:25:59.182982,5.02,5.87,367.4,9.63,60.0,0,0.0,0,1.2,0,1.087,sintetico
2026-04-06 23:25:59.182982,-29.48,30.01,607.7,46.59,70.6,1,0.0,2,9.0,5,14.392,sintetico
2026-04-07 00:25:59.182982,-2.96,4.17,719.7,4.38,58.3,1,0.0,2,4.42,0,1.896,sintetico
2026-04-07 01:25:59.182982,8.11,10.65,431.1,2.11,39.0,0,0.0,1,2.06,0,0.4,sintetico
2026-04-07 02:25:59.182982,-29.92,30.86,652.6,19.44,96.7,1,0.0,4,9.0,5,6.924,sintetico
2026-04-07 03:25:59.182982,-15.25,15.61,725.1,47.72,27.1,1,0.0,4,9.0,5,20.985,sintetico
2026-04-07 04:25:59.182982,1.35,6.73,552.8,11.2,10.9,0,0.0,0,1.99,0,2.862,sintetico
2026-04-07 05:25:59.182982,1.46,2.67,267.3,26.81,93.2,0,0.0,0,1.69,0,1.602,sintetico
2026-04-07 06:25:59.182982,-26.57,28.4,676.0,26.07,70.9,1,0.0,2,9.0,5,9.962,sintetico
2026-04-07 07:25:59.182982,-0.19,1.47,397.0,9.15,51.2,0,0.0,1,1.59,0,1.206,sintetico
2026-04-07 08:25:59.182982,-4.02,5.82,298.5,9.1,49.6,0,0.0,0,2.05,0,0.678,sintetico
2026-04-07 09:25:59.182982,-20.81,21.08,693.6,58.15,107.7,1,0.0,2,8.81,4,23.393,sintetico
2026-04-07 10:25:59.182982,3.21,5.29,381.3,19.53,25.2,0,0.0,2,1.69,0,2.374,sintetico
2026-04-07 11:25:59.182982,-20.27,21.15,651.2,36.53,94.2,1,0.0,2,8.93,4,12.954,sintetico
2026-04-07 12:25:59.182982,2.37,4.68,415.3,6.81,35.2,0,0.0,2,1.23,0,0.982,sintetico
2026-04-07 13:25:59.182982,-11.96,11.97,638.7,7.06,35.1,1,0.0,2,6.51,2,2.407,sintetico
2026-04-07 14:25:59.182982,-6.51,7.62,396.8,6.44,67.0,0,0.0,1,2.92,0,0.848,sintetico
2026-04-07 15:25:59.182982,7.29,9.62,402.7,7.09,21.4,0,0.0,0,0.79,0,0.961,sintetico
2026-04-07 16:25:59.182982,-6.31,6.31,470.7,3.79,135.4,0,0.0,2,4.6,0,0.702,sintetico
2026-04-07 17:25:59.182982,3.86,6.82,362.2,6.31,30.3,0,0.0,0,1.06,0,0.692,sintetico
2026-04-07 18:25:59.182982,-9.19,11.57,690.8,17.15,67.1,1,0.0,3,5.54,1,6.844,sintetico
2026-04-07 19:25:59.182982,6.91,13.29,419.4,10.37,96.9,0,0.0,0,1.14,0,1.525,sintetico
2026-04-07 20:25:59.182982,-16.05,16.51,647.6,29.91,97.0,1,0.0,3,7.15,3,10.49,sintetico
2026-04-07 21:25:59.182982,-2.31,3.33,375.5,10.19,36.6,0,0.0,0,1.96,0,1.201,sintetico
2026-04-07 22:25:59.182982,-24.65,24.67,623.6,25.2,44.3,1,0.0,2,8.37,4,8.196,sintetico
2026-04-07 23:25:59.182982,1.19,9.58,399.1,8.4,82.6,0,0.0,1,1.67,0,1.119,sintetico
2026-04-08 00:25:59.182982,6.49,9.32,392.9,5.49,130.6,0,0.0,0,0.9,0,0.709,sintetico
2026-04-08 01:25:59.182982,4.44,6.63,409.5,22.86,16.0,0,0.0,0,1.43,0,3.206,sintetico
2026-04-08 02:25:59.182982,-13.47,14.77,747.0,18.28,90.7,0,0.0,2,5.94,1,8.53,sintetico
2026-04-08 03:25:59.182982,-16.44,17.25,691.6,22.2,60.3,1,0.0,4,9.0,5,8.878,sintetico
2026-04-08 04:25:59.182982,1.71,5.27,382.4,10.09,34.0,0,0.0,2,2.54,0,1.234,sintetico
2026-04-08 05:25:59.182982,-3.38,5.94,363.0,5.99,76.5,0,0.0,2,1.72,0,0.66,sintetico
2026-04-08 06:25:59.182982,-5.05,7.77,420.6,6.97,38.6,0,0.0,0,1.97,0,1.031,sintetico
2026-04-08 07:25:59.182982,-1.47,3.16,370.6,9.35,64.5,0,0.0,1,2.04,0,1.073,sintetico
2026-04-08 08:25:59.182982,-26.98,27.81,612.6,21.68,77.4,1,0.0,3,9.0,5,6.803,sintetico
2026-04-08 09:25:59.182982,-0.01,1.84,427.8,12.39,42.2,0,0.0,0,1.5,0,1.896,sintetico
2026-04-08 10:25:59.182982,-4.33,6.34,345.9,38.24,43.9,0,0.0,0,3.17,0,3.826,sintetico
2026-04-08 11:25:59.182982,-21.1,21.51,679.8,83.32,18.6,1,0.0,2,8.57,4,32.201,sintetico
2026-04-08 12:25:59.182982,0.89,6.08,393.0,5.3,119.8,0,0.0,2,1.6,0,0.684,sintetico
2026-04-08 13:25:59.182982,-7.95,9.96,418.6,5.54,36.6,0,0.0,1,4.23,0,0.812,sintetico
2026-04-08 14:25:59.182982,3.31,9.11,449.4,3.37,73.7,0,0.0,0,1.5,0,0.57,sintetico
2026-04-08 15:25:59.182982,4.38,5.95,421.3,20.76,31.2,0,0.0,1,1.18,0,3.081,sintetico
2026-04-08 16:25:59.182982,-4.17,4.82,670.7,20.59,96.0,0,0.0,3,4.48,0,7.745,sintetico
2026-04-08 17:25:59.182982,-3.73,5.1,388.0,22.37,27.9,0,0.0,0,1.96,0,2.816,sintetico
2026-04-08 18:25:59.182982,-0.65,1.89,389.5,24.06,108.9,0,0.0,1,1.04,0,3.053,sintetico
2026-04-08 19:25:59.182982,4.06,5.81,419.2,25.95,35.4,0,0.0,1,2.09,0,3.814,sintetico
2026-04-08 20:25:59.182982,-15.53,20.16,610.5,11.52,32.3,1,0.0,4,7.98,3,3.592,sintetico
2026-04-08 21:25:59.182982,0.91,6.76,350.4,14.53,170.5,0,0.0,1,2.25,0,1.492,sintetico
2026-04-08 22:25:59.182982,-4.81,10.46,583.1,9.23,44.6,0,0.0,4,5.19,1,2.623,sintetico
2026-04-08 23:25:59.182982,-3.94,6.21,452.5,13.36,72.1,0,0.0,0,2.29,0,2.287,sintetico
2026-04-09 00:25:59.182982,3.72,7.47,331.8,13.29,40.1,0,0.0,0,2.0,0,1.224,sintetico
2026-04-09 01:25:59.182982,-5.28,7.12,378.2,8.36,36.4,0,0.0,0,2.81,0,1.001,sintetico
2026-04-09 02:25:59.182982,-0.2,1.26,402.1,9.36,21.7,0,0.0,1,0.97,0,1.265,sintetico
2026-04-09 03:25:59.182982,-4.69,4.81,524.4,3.06,52.0,1,0.0,2,3.6,0,0.704,sintetico
2026-04-09 04:25:59.182982,2.95,5.85,374.3,2.19,83.6,0,0.0,1,1.63,0,0.4,sintetico
2026-04-09 05:25:59.182982,-0.37,4.57,307.0,47.59,90.0,0,0.0,1,2.23,0,3.751,sintetico
2026-04-09 06:25:59.182982,6.34,8.22,485.3,13.3,116.7,0,0.0,0,1.23,0,2.62,sintetico
2026-04-09 07:25:59.182982,-1.23,7.12,381.1,5.53,148.9,0,0.0,1,2.03,0,0.672,sintetico
2026-04-09 08:25:59.182982,1.87,3.28,404.0,8.99,84.2,0,0.0,0,1.28,0,1.227,sintetico
2026-04-09 09:25:59.182982,-8.45,10.16,732.9,71.7,50.0,1,0.0,4,8.14,4,32.206,sintetico
2026-04-09 10:25:59.182982,3.75,3.79,372.1,9.6,144.1,0,0.0,0,0.54,0,1.112,sintetico
2026-04-09 11:25:59.182982,6.05,10.17,402.5,16.76,61.4,0,0.0,1,0.02,0,2.271,sintetico
2026-04-09 12:25:59.182982,5.47,6.86,501.7,6.11,100.9,0,0.0,0,1.39,0,1.286,sintetico
2026-04-09 13:25:59.182982,-1.1,4.26,340.6,4.83,193.9,0,0.0,1,1.56,0,0.468,sintetico
2026-04-09 14:25:59.182982,5.35,11.0,353.5,8.94,40.5,0,0.0,1,1.64,0,0.934,sintetico
2026-04-09 15:25:59.182982,-17.75,17.89,759.4,8.82,125.4,1,0.0,4,8.94,4,4.253,sintetico
2026-04-09 16:25:59.182982,1.47,3.77,363.8,4.53,28.2,0,0.0,1,1.22,0,0.501,sintetico
2026-04-09 17:25:59.182982,3.11,4.79,369.7,17.06,84.6,0,0.0,0,0.64,0,1.949,sintetico
2026-04-09 18:25:59.182982,-19.38,19.9,727.6,38.1,45.8,1,0.0,2,9.0,5,16.864,sintetico
2026-04-09 19:25:59.182982,1.84,2.14,486.6,15.89,136.2,0,0.0,1,1.66,0,3.147,sintetico
2026-04-09 20:25:59.182982,-1.01,4.99,332.2,9.14,62.1,0,0.0,2,2.48,0,0.844,sintetico
2026-04-09 21:25:59.182982,-1.83,8.01,353.6,6.55,101.8,0,0.0,0,2.37,0,0.685,sintetico
2026-04-09 22:25:59.182982,-37.41,37.42,695.5,53.09,35.9,0,0.0,2,9.0,5,21.479,sintetico
2026-04-09 23:25:59.182982,-6.22,6.34,361.9,7.24,50.9,0,0.0,0,2.35,0,0.792,sintetico
2026-04-10 00:25:59.182982,-7.61,7.74,317.5,13.07,33.8,0,0.0,0,2.62,0,1.102,sintetico
2026-04-10 01:25:59.182982,-0.99,2.89,386.4,10.51,113.0,0,0.0,0,1.83,0,1.313,sintetico
2026-04-10 02:25:59.182982,-16.67,16.71,636.0,22.52,95.5,0,0.0,4,7.5,3,7.617,sintetico
2026-04-10 03:25:59.182982,-19.95,20.18,534.1,8.41,24.4,0,0.0,2,7.02,3,2.008,sintetico
2026-04-10 04:25:59.182982,-2.9,3.37,355.2,3.47,35.6,0,0.0,0,1.27,0,0.4,sintetico
2026-04-10 05:25:59.182982,-3.14,6.07,397.4,12.03,16.0,0,0.0,0,2.03,0,1.588,sintetico
2026-04-10 06:25:59.182982,-3.72,10.11,331.3,13.49,33.5,0,0.0,0,2.49,0,1.239,sintetico
2026-04-10 07:25:59.182982,-20.89,20.93,635.8,8.69,33.1,0,0.0,2,7.19,3,2.938,sintetico
2026-04-10 08:25:59.182982,3.25,3.92,384.2,4.91,37.4,0,0.0,0,0.59,0,0.606,sintetico
2026-04-10 09:25:59.182982,-17.77,19.45,727.3,14.81,22.2,1,0.0,4,9.0,5,6.551,sintetico
2026-04-10 10:25:59.182982,-25.39,26.4,598.4,21.2,96.6,1,0.0,3,9.0,5,6.348,sintetico
2026-04-10 11:25:59.182982,0.3,2.96,361.8,7.42,53.6,0,0.0,0,0.99,0,0.813,sintetico
2026-04-10 12:25:59.182982,-11.5,12.13,642.4,32.23,55.1,0,0.0,4,5.99,1,11.12,sintetico
2026-04-10 13:25:59.182982,-11.45,16.21,679.1,27.19,41.7,0,0.0,3,4.98,0,10.487,sintetico
2026-04-10 14:25:59.182982,4.56,6.1,430.2,16.73,62.4,0,0.0,0,1.19,0,2.589,sintetico
2026-04-10 15:25:59.182982,7.0,8.33,402.8,9.08,21.1,0,0.0,0,0.11,0,1.231,sintetico
2026-04-10 16:25:59.182982,1.62,3.48,348.7,18.84,97.5,0,0.0,0,1.89,0,1.916,sintetico
2026-04-10 17:25:59.182982,-3.83,5.73,351.0,8.86,202.9,0,0.0,0,1.28,0,0.913,sintetico
2026-04-10 18:25:59.182982,-21.56,22.37,574.1,12.57,63.3,0,0.0,2,7.4,3,3.466,sintetico
2026-04-10 19:25:59.182982,-41.91,41.92,601.9,14.87,39.0,0,0.0,2,9.0,5,4.505,sintetico
2026-04-10 20:25:59.182982,2.24,4.05,291.5,14.96,26.0,0,0.0,0,0.59,0,1.064,sintetico
2026-04-10 21:25:59.182982,1.38,3.23,319.1,7.53,34.8,0,0.0,0,0.03,0,0.641,sintetico
2026-04-10 22:25:59.182982,-24.91,25.2,608.3,17.7,86.8,1,0.0,2,8.51,4,5.477,sintetico
2026-04-10 23:25:59.182982,-4.85,5.47,653.6,5.9,49.6,0,0.0,2,3.26,0,2.106,sintetico
2026-04-11 00:25:59.182982,-12.8,15.59,641.7,22.25,56.0,1,0.0,2,6.63,2,7.661,sintetico
2026-04-11 01:25:59.182982,-3.28,12.23,364.5,19.97,41.5,0,0.0,0,1.55,0,2.22,sintetico
2026-04-11 02:25:59.182982,-6.8,8.49,524.8,18.0,134.9,0,0.0,2,4.36,0,4.147,sintetico
2026-04-11 03:25:59.182982,7.9,12.58,400.9,10.72,23.4,0,0.0,1,1.39,0,1.441,sintetico
2026-04-11 04:25:59.182982,-23.36,24.95,644.5,76.77,28.5,1,0.0,2,9.0,5,26.667,sintetico
2026-04-11 05:25:59.182982,-26.01,27.71,656.3,12.72,86.4,0,0.0,4,9.0,5,4.584,sintetico
2026-04-11 06:25:59.182982,1.75,10.37,445.0,5.79,214.3,0,0.0,1,0.8,0,0.959,sintetico
2026-04-11 07:25:59.182982,3.37,3.39,418.3,6.79,55.7,0,0.0,0,2.0,0,0.994,sintetico
2026-04-11 08:25:59.182982,2.69,5.59,468.2,19.04,38.8,0,0.0,0,1.22,0,3.49,sintetico
2026-04-11 09:25:59.182982,-3.39,8.55,379.3,12.99,13.9,0,0.0,1,1.85,0,1.563,sintetico
2026-04-11 10:25:59.182982,5.31,6.04,397.6,11.86,60.5,0,0.0,1,1.87,0,1.568,sintetico
2026-04-11 11:25:59.182982,-3.62,4.76,423.9,4.81,90.7,0,0.0,1,2.68,0,0.723,sintetico
2026-04-11 12:25:59.182982,0.99,1.72,308.7,20.68,99.4,0,0.0,1,2.29,0,1.648,sintetico
2026-04-11 13:25:59.182982,1.35,10.28,352.4,14.65,136.3,0,0.0,0,1.64,0,1.521,sintetico
2026-04-11 14:25:59.182982,-21.25,21.69,715.5,15.95,50.7,0,0.0,2,8.24,4,6.828,sintetico
2026-04-11 15:25:59.182982,7.31,7.76,337.1,12.28,54.8,0,0.0,0,1.55,0,1.167,sintetico
2026-04-11 16:25:59.182982,0.71,3.15,406.5,4.49,61.9,0,0.0,0,0.0,0,0.621,sintetico
2026-04-11 17:25:59.182982,-20.48,21.22,507.5,10.15,57.1,1,0.0,3,8.29,4,2.186,sintetico
2026-04-11 18:25:59.182982,3.58,7.45,411.5,30.72,29.9,0,0.0,1,3.17,0,4.349,sintetico
2026-04-11 19:25:59.182982,-3.4,4.12,376.4,2.9,72.4,0,0.0,0,1.48,0,0.4,sintetico
2026-04-11 20:25:59.182982,8.16,8.96,358.7,4.7,28.3,0,0.0,0,1.0,0,0.506,sintetico
2026-04-11 21:25:59.182982,-1.75,7.21,230.5,11.2,15.3,0,0.0,0,1.75,0,0.498,sintetico
2026-04-11 22:25:59.182982,-24.89,25.52,644.6,7.1,19.1,1,0.0,2,9.0,5,2.467,sintetico
2026-04-11 23:25:59.182982,-13.44,14.27,614.2,30.72,317.0,1,0.0,2,6.54,2,9.691,sintetico
2026-04-12 00:25:59.182982,-14.73,15.69,618.5,11.06,42.6,1,0.0,3,6.78,2,3.54,sintetico
2026-04-12 01:25:59.182982,-17.09,17.71,609.4,4.15,46.6,1,0.0,3,7.47,3,1.288,sintetico
2026-04-12 02:25:59.182982,-10.32,10.33,653.5,19.07,51.5,1,0.0,2,6.34,2,6.811,sintetico
2026-04-12 03:25:59.182982,1.76,4.07,419.3,16.46,29.6,1,0.0,0,2.03,0,2.42,sintetico
2026-04-12 04:25:59.182982,7.12,7.48,423.8,7.68,40.1,0,0.0,2,1.71,0,1.154,sintetico
2026-04-12 05:25:59.182982,-12.54,13.7,559.1,24.29,145.3,1,0.0,3,7.01,3,6.349,sintetico
2026-04-12 06:25:59.182982,2.15,5.3,381.0,12.43,93.6,0,0.0,1,1.66,0,1.51,sintetico
2026-04-12 07:25:59.182982,5.06,6.45,294.4,2.58,67.4,0,0.0,0,0.74,0,0.4,sintetico
2026-04-12 08:25:59.182982,-0.75,3.63,395.1,9.85,85.4,0,0.0,1,1.49,0,1.287,sintetico
2026-04-12 09:25:59.182982,-3.04,5.02,477.8,10.84,13.0,1,0.0,3,4.15,0,2.07,sintetico
2026-04-12 10:25:59.182982,-4.61,5.29,415.2,4.67,133.0,0,0.0,0,2.85,0,0.673,sintetico
2026-04-12 11:25:59.182982,-14.18,15.35,635.8,6.97,37.0,0,0.0,2,4.81,0,2.356,sintetico
2026-04-12 12:25:59.182982,-22.53,23.23,634.9,18.05,120.0,1,0.0,3,9.0,5,6.085,sintetico
2026-04-12 13:25:59.182982,-18.43,18.77,770.1,31.61,39.6,1,0.0,4,8.64,4,15.682,sintetico
2026-04-12 14:25:59.182982,-3.3,9.84,336.3,9.71,38.5,0,0.0,2,1.71,0,0.918,sintetico
2026-04-12 15:25:59.182982,-24.8,25.01,568.4,52.9,45.8,1,0.0,2,8.7,4,14.292,sintetico
2026-04-12 16:25:59.182982,-14.53,14.59,673.0,41.19,30.4,1,0.0,2,6.54,2,15.603,sintetico
2026-04-12 17:25:59.182982,1.72,7.7,399.5,4.59,74.9,0,0.0,0,0.81,0,0.613,sintetico
2026-04-12 18:25:59.182982,1.41,2.35,265.7,7.04,82.9,0,0.0,1,1.64,0,0.416,sintetico
2026-04-12 19:25:59.182982,1.19,1.19,402.3,9.91,225.1,0,0.0,1,0.49,0,1.341,sintetico
2026-04-12 20:25:59.182982,-24.09,25.1,768.7,29.84,43.1,1,0.0,4,9.0,5,14.748,sintetico
2026-04-12 21:25:59.182982,-3.22,5.97,409.7,2.86,31.5,0,0.0,1,0.83,0,0.402,sintetico
2026-04-12 22:25:59.182982,-11.27,12.41,591.8,14.25,75.4,1,0.0,2,5.63,1,4.172,sintetico
2026-04-12 23:25:59.182982,1.91,6.51,374.9,7.27,35.7,0,0.0,0,0.44,0,0.854,sintetico
2026-04-13 00:25:59.182982,-4.62,5.45,517.8,29.15,68.8,0,0.0,2,3.65,0,6.536,sintetico
2026-04-13 01:25:59.182982,7.68,9.18,389.9,11.54,118.8,0,0.0,0,0.83,0,1.467,sintetico
2026-04-13 02:25:59.182982,-2.58,4.6,299.1,13.66,100.1,0,0.0,0,2.14,0,1.022,sintetico
2026-04-13 03:25:59.182982,-7.49,9.44,664.8,3.85,73.3,1,0.0,3,6.14,2,1.421,sintetico
2026-04-13 04:25:59.182982,-2.45,4.98,463.7,7.8,68.4,0,0.0,2,2.8,0,1.402,sintetico
2026-04-13 05:25:59.182982,5.96,6.34,361.6,1.59,62.4,0,0.0,1,1.08,0,0.4,sintetico
2026-04-13 06:25:59.182982,-3.71,3.94,407.8,31.22,43.3,0,0.0,0,2.2,0,4.341,sintetico
2026-04-13 07:25:59.182982,-20.22,20.56,867.5,29.84,45.8,1,0.0,2,6.81,2,18.782,sintetico
2026-04-13 08:25:59.182982,3.19,7.05,401.1,7.6,51.1,0,0.0,2,1.48,0,1.022,sintetico
2026-04-13 09:25:59.182982,-23.85,23.92,644.2,120.0,148.6,1,0.0,2,9.0,5,41.647,sintetico
2026-04-13 10:25:59.182982,-3.61,4.18,446.3,3.89,40.6,0,0.0,0,2.15,0,0.649,sintetico
2026-04-13 11:25:59.182982,-4.29,7.18,411.8,4.89,54.7,0,0.0,0,3.21,0,0.693,sintetico
2026-04-13 12:25:59.182982,-17.69,17.83,706.8,12.36,54.7,0,0.0,2,7.48,3,5.164,sintetico
2026-04-13 13:25:59.182982,0.75,6.56,379.1,2.94,72.2,0,0.0,1,1.98,0,0.4,sintetico
2026-04-13 14:25:59.182982,-26.21,26.25,496.1,42.01,58.2,0,0.0,3,8.75,4,8.645,sintetico
2026-04-13 15:25:59.182982,4.1,6.27,288.5,3.92,60.8,0,0.0,1,2.3,0,0.4,sintetico
2026-04-13 16:25:59.182982,-10.67,13.18,702.8,8.61,26.4,1,0.0,2,6.61,2,3.555,sintetico
2026-04-13 17:25:59.182982,-0.25,3.4,398.0,23.85,37.1,0,0.0,0,0.87,0,3.16,sintetico
2026-04-13 18:25:59.182982,-9.54,11.3,638.4,15.27,52.7,1,0.0,2,4.95,0,5.206,sintetico
2026-04-13 19:25:59.182982,-0.26,1.84,385.5,13.95,46.5,0,0.0,0,0.81,0,1.734,sintetico
2026-04-13 20:25:59.182982,0.57,5.55,326.7,15.57,53.8,0,0.0,1,1.67,0,1.389,sintetico
2026-04-13 21:25:59.182982,0.45,4.02,395.0,5.39,72.8,0,0.0,0,0.96,0,0.703,sintetico
2026-04-13 22:25:59.182982,0.28,3.17,341.7,5.94,181.9,0,0.0,0,1.05,0,0.58,sintetico
2026-04-13 23:25:59.182982,0.92,2.78,347.5,7.97,35.4,0,0.0,1,1.23,0,0.804,sintetico
2026-04-14 00:25:59.182982,-9.01,11.33,649.2,12.13,49.8,1,0.0,3,6.54,2,4.275,sintetico
2026-04-14 01:25:59.182982,-10.9,11.11,706.3,7.36,60.0,0,0.0,4,6.66,2,3.071,sintetico
2026-04-14 02:25:59.182982,2.36,5.47,420.9,20.08,64.5,0,0.0,1,1.76,0,2.975,sintetico
2026-04-14 03:25:59.182982,-0.97,2.97,350.6,13.92,64.2,0,0.0,1,1.57,0,1.431,sintetico
2026-04-14 04:25:59.182982,2.55,3.49,385.6,25.25,36.3,0,0.0,0,1.64,0,3.14,sintetico
2026-04-14 05:25:59.182982,-4.18,8.69,363.3,6.95,39.2,0,0.0,1,2.39,0,0.768,sintetico
2026-04-14 06:25:59.182982,2.07,5.49,373.8,4.34,19.8,0,0.0,2,2.48,0,0.507,sintetico
2026-04-14 07:25:59.182982,-17.0,17.56,627.2,34.01,69.7,1,0.0,2,7.06,3,11.19,sintetico
2026-04-14 08:25:59.182982,1.69,4.98,471.3,6.11,30.7,0,0.0,0,0.72,0,1.136,sintetico
2026-04-14 09:25:59.182982,4.15,5.62,351.2,16.2,85.0,0,0.0,1,2.58,0,1.671,sintetico
2026-04-14 10:25:59.182982,-19.99,20.29,662.2,18.11,82.2,1,0.0,3,9.0,5,6.641,sintetico
2026-04-14 11:25:59.182982,1.38,5.22,363.3,19.64,41.0,0,0.0,0,1.42,0,2.168,sintetico
2026-04-14 12:25:59.182982,-28.26,29.13,744.9,9.86,112.7,0,0.0,2,8.51,4,4.573,sintetico
2026-04-14 13:25:59.182982,-2.56,6.35,398.5,8.8,38.5,0,0.0,0,0.91,0,1.168,sintetico
2026-04-14 14:25:59.182982,-17.38,17.71,708.2,14.75,132.4,1,0.0,2,8.07,4,6.186,sintetico
2026-04-14 15:25:59.182982,-16.33,17.13,506.6,23.52,41.9,0,0.0,2,5.86,1,5.049,sintetico
2026-04-14 16:25:59.182982,-26.38,28.13,663.3,34.17,26.1,1,0.0,3,9.0,5,12.576,sintetico
2026-04-14 17:25:59.182982,-25.58,25.83,585.5,13.6,143.9,1,0.0,3,8.88,4,3.898,sintetico
2026-04-14 18:25:59.182982,2.8,8.28,353.4,13.56,57.5,0,0.0,0,0.68,0,1.417,sintetico
2026-04-14 19:25:59.182982,4.78,5.79,401.7,11.45,61.2,0,0.0,1,1.68,0,1.546,sintetico
2026-04-14 20:25:59.182982,-9.03,10.25,458.1,25.36,18.2,0,0.0,2,4.05,0,4.452,sintetico
2026-04-14 21:25:59.182982,-14.38,17.35,557.3,9.52,57.1,0,0.0,2,5.42,1,2.473,sintetico
2026-04-14 22:25:59.182982,-0.65,1.3,384.5,6.89,30.4,0,0.0,1,2.15,0,0.851,sintetico
2026-04-14 23:25:59.182982,-29.64,29.69,607.1,8.23,39.7,1,0.0,3,9.0,5,2.538,sintetico
2026-04-15 00:25:59.182982,-3.46,3.83,378.2,4.55,43.7,0,0.0,2,2.6,0,0.544,sintetico
2026-04-15 01:25:59.182982,0.29,5.7,385.2,8.23,100.3,0,0.0,0,1.29,0,1.021,sintetico
2026-04-15 02:25:59.182982,6.5,9.24,436.2,6.02,79.5,0,0.0,0,0.85,0,0.959,sintetico
2026-04-15 03:25:59.182982,-3.65,3.66,454.9,7.93,59.6,0,0.0,0,2.62,0,1.373,sintetico
2026-04-15 04:25:59.182982,0.34,10.66,335.1,2.01,40.1,0,0.0,0,1.56,0,0.4,sintetico
2026-04-15 05:25:59.182982,-13.03,14.26,725.9,20.7,43.0,1,0.0,3,8.3,4,9.122,sintetico
2026-04-15 06:25:59.182982,-20.86,21.5,675.0,12.92,78.4,1,0.0,2,8.68,4,4.923,sintetico
2026-04-15 07:25:59.182982,-21.73,23.57,545.1,11.4,37.4,1,0.0,3,7.98,3,2.833,sintetico
2026-04-15 08:25:59.182982,5.64,5.9,371.6,42.06,144.8,0,0.0,1,2.03,0,4.858,sintetico
2026-04-15 09:25:59.182982,-33.21,33.29,740.6,12.16,13.5,1,0.0,2,9.0,5,5.575,sintetico
2026-04-15 10:25:59.182982,-5.95,9.05,429.1,14.86,62.8,0,0.0,0,2.85,0,2.288,sintetico
2026-04-15 11:25:59.182982,1.42,4.25,432.9,4.25,56.9,0,0.0,0,0.4,0,0.666,sintetico
2026-04-15 12:25:59.182982,-21.74,22.06,637.3,8.24,110.3,1,0.0,3,8.86,4,2.798,sintetico
2026-04-15 13:25:59.182982,-4.26,5.4,369.0,6.78,43.4,0,0.0,2,2.43,0,0.771,sintetico
2026-04-15 14:25:59.182982,9.26,9.74,432.3,43.81,75.1,0,0.0,1,1.97,0,6.847,sintetico
2026-04-15 15:25:59.182982,-4.83,6.51,355.1,2.67,29.0,0,0.0,1,2.09,0,0.4,sintetico
2026-04-15 16:25:59.182982,-2.05,5.88,429.6,7.73,71.8,0,0.0,2,3.18,0,1.194,sintetico
2026-04-15 17:25:59.182982,-3.42,4.78,363.1,23.87,17.2,0,0.0,0,1.15,0,2.632,sintetico
2026-04-15 18:25:59.182982,-19.78,20.52,641.4,14.1,76.8,1,0.0,2,7.1,3,4.85,sintetico
2026-04-15 19:25:59.182982,0.01,1.39,408.4,10.67,102.3,0,0.0,0,1.08,0,1.488,sintetico
2026-04-15 20:25:59.182982,2.28,6.09,364.4,19.74,35.5,0,0.0,0,1.61,0,2.193,sintetico
2026-04-15 21:25:59.182982,-29.09,29.1,660.3,16.97,120.4,1,0.0,2,9.0,5,6.187,sintetico
2026-04-15 22:25:59.182982,-8.45,9.31,475.8,9.45,45.0,0,0.0,3,4.65,0,1.789,sintetico
2026-04-15 23:25:59.182982,-19.33,19.68,703.6,23.03,68.9,0,0.0,3,7.89,3,9.533,sintetico
2026-04-16 00:25:59.182982,-0.75,5.9,396.1,3.72,65.2,0,0.0,0,1.56,0,0.488,sintetico
2026-04-16 01:25:59.182982,0.63,1.31,426.9,4.7,33.8,0,0.0,1,2.72,0,0.716,sintetico
2026-04-16 02:25:59.182982,-2.24,3.75,308.2,13.01,42.7,0,0.0,0,2.13,0,1.034,sintetico
2026-04-16 03:25:59.182982,1.41,4.77,459.2,2.61,183.0,0,0.0,1,1.17,0,0.461,sintetico
2026-04-16 04:25:59.182982,-18.2,18.32,778.9,10.75,29.5,0,0.0,2,7.74,3,5.455,sintetico
2026-04-16 05:25:59.182982,1.69,1.93,391.9,4.09,174.5,0,0.0,1,2.24,0,0.526,sintetico
2026-04-16 06:25:59.182982,-36.94,37.49,664.8,18.61,60.7,1,0.0,3,9.0,5,6.879,sintetico
2026-04-16 07:25:59.182982,3.58,6.81,450.8,7.72,52.7,0,0.0,1,1.4,0,1.312,sintetico
2026-04-16 08:25:59.182982,-7.43,7.47,827.7,21.32,20.7,1,0.0,2,6.69,2,12.214,sintetico
2026-04-16 09:25:59.182982,5.73,6.14,312.6,18.74,95.7,0,0.0,1,0.81,0,1.532,sintetico
2026-04-16 10:25:59.182982,-0.68,6.06,435.7,8.62,116.6,0,0.0,1,1.81,0,1.368,sintetico
2026-04-16 11:25:59.182982,-3.0,4.24,344.6,6.45,34.3,0,0.0,1,2.33,0,0.641,sintetico
2026-04-16 12:25:59.182982,-0.63,4.0,321.7,5.2,90.3,0,0.0,1,2.52,0,0.45,sintetico
2026-04-16 13:25:59.182982,9.55,9.76,301.2,1.6,94.2,0,0.0,0,0.98,0,0.4,sintetico
2026-04-16 14:25:59.182982,-22.76,23.12,678.8,6.53,87.3,1,0.0,3,9.0,5,2.517,sintetico
2026-04-16 15:25:59.182982,-20.85,20.95,595.6,5.49,35.9,1,0.0,3,7.4,3,1.629,sintetico
2026-04-16 16:25:59.182982,8.04,8.11,405.1,14.03,83.6,0,0.0,0,1.38,0,1.925,sintetico
2026-04-16 17:25:59.182982,8.15,8.2,421.0,5.32,76.6,0,0.0,0,0.77,0,0.788,sintetico
2026-04-16 18:25:59.182982,-35.67,35.83,571.3,31.68,54.5,0,0.0,4,9.0,5,8.648,sintetico
2026-04-16 19:25:59.182982,0.75,5.01,410.1,4.46,31.0,0,0.0,0,1.68,0,0.627,sintetico
2026-04-16 20:25:59.182982,5.86,6.06,441.9,10.21,20.8,0,0.0,0,1.26,0,1.667,sintetico
2026-04-16 21:25:59.182982,-3.19,3.85,328.2,13.01,23.1,0,0.0,1,1.93,0,1.172,sintetico
2026-04-16 22:25:59.182982,-10.53,12.24,623.8,14.79,100.7,1,0.0,2,6.63,2,4.812,sintetico
2026-04-16 23:25:59.182982,1.53,2.37,454.8,6.81,15.6,0,0.0,1,1.19,0,1.177,sintetico
2026-04-17 00:25:59.182982,11.42,12.19,298.9,9.04,92.8,0,0.0,1,1.13,0,0.675,sintetico
2026-04-17 01:25:59.182982,-21.35,21.76,613.0,10.86,22.5,1,0.0,2,8.66,4,3.413,sintetico
2026-04-17 02:25:59.182982,3.41,4.85,460.6,5.96,40.7,0,0.0,0,1.6,0,1.058,sintetico
2026-04-17 03:25:59.182982,6.12,6.33,317.1,15.16,17.4,0,0.0,1,0.44,0,1.275,sintetico
2026-04-17 04:25:59.182982,0.18,2.65,427.1,14.2,86.4,0,0.0,0,1.17,0,2.167,sintetico
2026-04-17 05:25:59.182982,-2.6,3.67,432.2,42.75,93.2,0,0.0,1,2.85,0,6.677,sintetico
2026-04-17 06:25:59.182982,6.81,9.19,417.5,2.98,178.6,0,0.0,1,1.27,0,0.435,sintetico
2026-04-17 07:25:59.182982,4.7,4.75,332.8,5.09,29.7,0,0.0,2,1.27,0,0.471,sintetico
2026-04-17 08:25:59.182982,-26.13,26.16,629.6,14.52,27.2,0,0.0,2,8.91,4,4.814,sintetico
2026-04-17 09:25:59.182982,5.06,6.46,468.4,8.31,30.5,0,0.0,1,1.38,0,1.524,sintetico
2026-04-17 10:25:59.182982,-4.84,6.69,604.0,17.03,42.3,1,0.0,4,4.87,0,5.196,sintetico
2026-04-17 11:25:59.182982,3.92,7.92,334.2,16.66,135.3,0,0.0,0,0.72,0,1.556,sintetico
2026-04-17 12:25:59.182982,-22.25,22.47,627.2,14.06,117.2,0,0.0,2,6.63,2,4.627,sintetico
2026-04-17 13:25:59.182982,-31.09,31.13,589.0,9.46,92.6,0,0.0,4,9.0,5,2.743,sintetico
2026-04-17 14:25:59.182982,-10.33,11.82,673.1,3.46,252.6,1,0.0,2,6.53,2,1.312,sintetico
2026-04-17 15:25:59.182982,2.08,8.44,326.9,9.67,130.7,1,0.0,0,1.68,0,0.864,sintetico
2026-04-17 16:25:59.182982,-18.33,21.48,683.4,28.21,144.8,0,0.0,2,6.84,2,11.017,sintetico
2026-04-17 17:25:59.182982,2.09,10.94,328.0,20.56,69.3,0,0.0,1,0.94,0,1.85,sintetico
2026-04-17 18:25:59.182982,2.02,9.16,383.6,26.64,90.8,0,0.0,1,1.88,0,3.278,sintetico
2026-04-17 19:25:59.182982,-8.85,9.13,688.1,8.71,31.0,1,0.0,2,6.36,2,3.448,sintetico
2026-04-17 20:25:59.182982,5.43,5.65,314.9,3.19,44.0,0,0.0,0,1.05,0,0.4,sintetico
2026-04-17 21:25:59.182982,-21.55,22.11,709.0,19.7,53.9,1,0.0,3,7.31,3,8.28,sintetico
2026-04-17 22:25:59.182982,-16.23,16.71,609.7,3.65,16.3,1,0.0,3,6.86,2,1.134,sintetico
2026-04-17 23:25:59.182982,-11.68,14.63,855.1,23.31,30.7,1,0.0,2,6.42,2,14.256,sintetico
2026-04-18 00:25:59.182982,1.08,8.18,315.8,22.9,51.2,0,0.0,0,2.35,0,1.91,sintetico
2026-04-18 01:25:59.182982,-23.05,24.11,523.9,38.24,25.6,1,0.0,2,9.0,5,8.78,sintetico
2026-04-18 02:25:59.182982,-7.77,9.14,606.6,14.55,248.3,1,0.0,2,5.94,1,4.478,sintetico
2026-04-18 03:25:59.182982,10.39,10.87,403.8,24.62,70.7,0,0.0,0,1.77,0,3.357,sintetico
2026-04-18 04:25:59.182982,1.49,6.99,412.1,3.17,35.1,0,0.0,0,0.47,0,0.451,sintetico
2026-04-18 05:25:59.182982,1.94,4.81,361.1,2.97,65.1,0,0.0,0,1.37,0,0.4,sintetico
2026-04-18 06:25:59.182982,-27.26,27.48,604.9,11.05,28.2,1,0.0,2,9.0,5,3.38,sintetico
2026-04-18 07:25:59.182982,-20.12,20.34,692.9,65.54,131.3,1,0.0,3,8.86,4,26.318,sintetico
2026-04-18 08:25:59.182982,5.43,8.86,282.2,7.47,76.0,0,0.0,0,1.32,0,0.497,sintetico
2026-04-18 09:25:59.182982,-32.92,32.93,638.6,4.41,19.4,1,0.0,3,9.0,5,1.505,sintetico
2026-04-18 10:25:59.182982,-20.62,21.75,747.3,10.55,34.6,0,0.0,3,8.42,4,4.928,sintetico
2026-04-18 11:25:59.182982,0.66,13.29,383.1,13.18,20.5,0,0.0,0,0.07,0,1.617,sintetico
2026-04-18 12:25:59.182982,-3.6,4.53,350.4,15.56,81.4,0,0.0,0,1.89,0,1.598,sintetico
2026-04-18 13:25:59.182982,3.04,4.42,368.8,7.28,80.9,0,0.0,1,2.43,0,0.828,sintetico
2026-04-18 14:25:59.182982,3.99,8.49,391.3,7.68,190.6,0,0.0,0,0.83,0,0.984,sintetico
2026-04-18 15:25:59.182982,-14.57,14.83,639.1,27.43,121.7,1,0.0,4,7.27,3,9.369,sintetico
2026-04-18 16:25:59.182982,-0.48,6.49,322.3,12.19,38.4,0,0.0,0,1.72,0,1.059,sintetico
2026-04-18 17:25:59.182982,2.93,9.7,404.5,22.57,30.5,0,0.0,0,2.28,0,3.088,sintetico
2026-04-18 18:25:59.182982,-27.54,27.6,625.2,54.62,155.6,1,0.0,3,9.0,5,17.854,sintetico
2026-04-18 19:25:59.182982,-1.46,10.02,384.5,7.99,38.8,0,0.0,2,3.26,0,0.988,sintetico
2026-04-18 20:25:59.182982,2.71,4.89,500.7,4.78,92.2,0,0.0,0,1.41,0,1.001,sintetico
2026-04-18 21:25:59.182982,-13.63,13.72,691.4,12.05,45.1,1,0.0,4,7.62,3,4.817,sintetico
2026-04-18 22:25:59.182982,-2.71,8.29,284.7,16.09,99.4,0,0.0,1,1.88,0,1.091,sintetico
2026-04-18 23:25:59.182982,4.68,4.79,346.6,26.52,74.1,0,0.0,0,0.98,0,2.665,sintetico
2026-04-19 00:25:59.182982,-30.96,31.16,751.8,14.25,66.4,1,0.0,3,9.0,5,6.733,sintetico
2026-04-19 01:25:59.182982,-2.86,3.08,310.8,10.83,34.2,0,0.0,0,2.66,0,0.875,sintetico
2026-04-19 02:25:59.182982,5.06,7.19,290.8,12.71,187.9,0,0.0,0,1.13,0,0.899,sintetico
2026-04-19 03:25:59.182982,-0.09,9.89,348.9,10.23,39.2,0,0.0,1,1.03,0,1.041,sintetico
2026-04-19 04:25:59.182982,2.52,4.69,354.0,19.76,54.8,0,0.0,0,1.09,0,2.072,sintetico
2026-04-19 05:25:59.182982,2.24,4.65,389.5,47.74,184.5,0,0.0,2,3.01,0,6.056,sintetico
2026-04-19 06:25:59.182982,4.75,6.37,325.6,21.78,97.6,0,0.0,1,1.87,0,1.931,sintetico
2026-04-19 07:25:59.182982,-1.82,2.62,409.1,2.76,32.4,0,0.0,2,2.93,0,0.4,sintetico
2026-04-19 08:25:59.182982,-5.94,6.18,363.8,7.14,66.8,0,0.0,1,2.27,0,0.791,sintetico
2026-04-19 09:25:59.182982,-2.29,10.36,428.5,7.54,81.1,0,0.0,0,1.43,0,1.158,sintetico
2026-04-19 10:25:59.182982,1.71,1.82,417.5,11.8,46.7,1,0.0,0,1.78,0,1.719,sintetico
2026-04-19 11:25:59.182982,-8.72,9.04,662.6,52.49,204.2,1,0.0,3,5.51,1,19.271,sintetico
2026-04-19 12:25:59.182982,3.77,5.31,435.2,10.59,69.4,0,0.0,1,1.87,0,1.677,sintetico
2026-04-19 13:25:59.182982,-6.75,7.14,669.7,22.13,44.6,1,0.0,3,5.71,1,8.3,sintetico
2026-04-19 14:25:59.182982,6.69,9.27,360.4,11.99,36.8,0,0.0,1,1.11,0,1.302,sintetico
2026-04-19 15:25:59.182982,2.47,3.72,364.2,8.03,16.5,0,0.0,2,2.21,0,0.891,sintetico
2026-04-19 16:25:59.182982,-16.1,17.53,727.4,18.91,179.8,1,0.0,3,7.97,3,8.368,sintetico
2026-04-19 17:25:59.182982,-6.0,6.1,360.9,9.52,74.5,0,0.0,2,4.15,0,1.037,sintetico
2026-04-19 18:25:59.182982,-12.7,15.09,769.4,8.73,71.6,0,0.0,3,7.15,3,4.323,sintetico
2026-04-19 19:25:59.182982,-10.87,10.94,644.9,39.3,14.0,1,0.0,3,7.27,3,13.67,sintetico
2026-04-19 20:25:59.182982,6.5,10.05,311.4,4.48,244.9,0,0.0,0,0.84,0,0.4,sintetico
2026-04-19 21:25:59.182982,0.43,4.1,394.4,2.19,29.4,0,0.0,2,2.07,0,0.4,sintetico
2026-04-19 22:25:59.182982,-11.21,11.73,796.0,9.12,85.6,0,0.0,2,6.52,2,4.834,sintetico
2026-04-19 23:25:59.182982,-2.16,5.17,652.2,13.41,33.7,1,0.0,3,4.21,0,4.77,sintetico
2026-04-20 00:25:59.182982,-16.54,16.97,641.3,12.21,114.9,0,0.0,2,6.42,2,4.199,sintetico
2026-04-20 01:25:59.182982,-18.5,19.18,731.9,29.66,117.7,1,0.0,2,7.75,3,13.288,sintetico
2026-04-20 02:25:59.182982,-3.42,11.42,291.9,18.6,47.8,0,0.0,0,1.07,0,1.326,sintetico
2026-04-20 03:25:59.182982,-9.12,11.06,588.5,19.88,80.6,1,0.0,2,6.02,2,5.758,sintetico
2026-04-20 04:25:59.182982,-11.26,11.35,487.7,71.72,107.4,1,0.0,2,6.29,2,14.266,sintetico
2026-04-20 05:25:59.182982,-25.87,25.92,688.4,18.56,46.3,0,0.0,2,9.0,5,7.354,sintetico
2026-04-20 06:25:59.182982,-21.75,22.64,532.9,12.18,46.6,1,0.0,4,8.53,4,2.893,sintetico
2026-04-20 07:25:59.182982,-3.2,3.54,438.4,14.57,27.2,0,0.0,0,1.68,0,2.342,sintetico
2026-04-20 08:25:59.182982,0.73,1.9,338.0,23.04,152.2,0,0.0,1,1.56,0,2.201,sintetico
2026-04-20 09:25:59.182982,8.6,10.95,420.3,15.46,147.5,0,0.0,1,1.56,0,2.284,sintetico
2026-04-20 10:25:59.182982,4.41,6.45,299.1,1.94,70.4,0,0.0,0,0.21,0,0.4,sintetico
2026-04-20 11:25:59.182982,-4.42,5.88,377.1,6.1,54.2,0,0.0,1,2.68,0,0.725,sintetico
2026-04-20 12:25:59.182982,-0.12,5.24,324.4,10.51,28.0,0,0.0,0,1.34,0,0.925,sintetico
2026-04-20 13:25:59.182982,-0.9,6.5,524.3,9.76,96.6,0,0.0,0,2.68,0,2.244,sintetico
2026-04-20 14:25:59.182982,-18.49,18.68,686.5,44.77,180.3,0,0.0,2,7.27,3,17.648,sintetico
2026-04-20 15:25:59.182982,2.54,6.52,383.9,9.11,52.3,0,0.0,0,0.03,0,1.123,sintetico
2026-04-20 16:25:59.182982,-17.81,19.12,568.6,4.34,64.8,1,0.0,2,6.43,2,1.173,sintetico
2026-04-20 17:25:59.182982,7.72,7.91,499.8,12.45,179.3,0,0.0,0,1.81,0,2.601,sintetico
2026-04-20 18:25:59.182982,7.17,8.25,347.8,11.33,25.2,0,0.0,0,0.37,0,1.146,sintetico
2026-04-20 19:25:59.182982,-5.28,5.39,388.2,44.07,63.4,0,0.0,0,2.89,0,5.555,sintetico
2026-04-20 20:25:59.182982,4.0,9.71,319.8,24.56,29.9,0,0.0,1,0.48,0,2.1,sintetico
2026-04-20 21:25:59.182982,1.17,4.33,320.7,7.14,106.6,0,0.0,0,0.09,0,0.614,sintetico
2026-04-20 22:25:59.182982,0.02,1.52,409.9,5.51,46.9,0,0.0,1,1.55,0,0.775,sintetico
2026-04-20 23:25:59.182982,8.76,10.19,428.0,5.73,32.5,0,0.0,1,1.8,0,0.878,sintetico
2026-04-21 00:25:59.182982,-15.32,16.08,666.2,21.41,108.9,1,0.0,2,7.14,3,7.945,sintetico
2026-04-21 01:25:59.182982,-26.0,26.32,770.6,24.45,73.7,1,0.0,4,9.0,5,12.145,sintetico
2026-04-21 02:25:59.182982,2.16,2.59,393.9,6.08,179.0,0,0.0,2,1.51,0,0.789,sintetico
2026-04-21 03:25:59.182982,3.15,3.53,372.7,14.15,27.3,0,0.0,1,1.36,0,1.643,sintetico
2026-04-21 04:25:59.182982,-5.23,6.94,380.7,2.86,27.2,0,0.0,1,2.11,0,0.4,sintetico
2026-04-21 05:25:59.182982,-0.79,7.93,482.0,5.18,25.5,0,0.0,1,1.76,0,1.007,sintetico
2026-04-21 06:25:59.182982,0.7,10.22,403.8,10.8,67.4,0,0.0,0,1.5,0,1.473,sintetico
2026-04-21 07:25:59.182982,-21.24,22.8,561.8,9.64,26.9,1,0.0,4,9.0,5,2.545,sintetico
2026-04-21 08:25:59.182982,-5.92,6.64,264.7,8.13,35.6,1,0.0,0,3.1,0,0.477,sintetico
2026-04-21 09:25:59.182982,-12.76,12.95,530.8,49.02,269.7,1,0.0,4,8.13,4,11.552,sintetico
2026-04-21 10:25:59.182982,-17.05,17.5,721.9,9.97,89.0,1,0.0,3,8.75,4,4.343,sintetico
2026-04-21 11:25:59.182982,2.88,5.97,415.6,16.86,134.0,0,0.0,0,1.9,0,2.436,sintetico
2026-04-21 12:25:59.182982,-26.64,26.79,563.6,45.67,144.8,0,0.0,4,9.0,5,12.131,sintetico
2026-04-21 13:25:59.182982,-4.5,4.77,305.8,6.45,74.6,0,0.0,1,2.14,0,0.504,sintetico
2026-04-21 14:25:59.182982,-4.35,6.65,368.2,18.89,68.4,0,0.0,0,2.3,0,2.143,sintetico
2026-04-21 15:25:59.182982,-9.95,10.56,675.3,17.08,121.5,1,0.0,2,6.56,2,6.514,sintetico
2026-04-21 16:25:59.182982,-13.73,14.02,662.8,8.28,112.0,1,0.0,2,6.99,2,3.042,sintetico
2026-04-21 17:25:59.182982,6.19,6.4,421.0,10.56,21.3,0,0.0,0,0.7,0,1.565,sintetico
2026-04-21 18:25:59.182982,-11.39,11.97,776.7,10.3,22.3,1,0.0,3,6.9,2,5.195,sintetico
2026-04-21 19:25:59.182982,-15.27,15.34,495.6,6.43,61.0,1,0.0,2,6.99,2,1.321,sintetico
2026-04-21 20:25:59.182982,11.84,12.57,358.9,4.03,153.4,0,0.0,0,1.16,0,0.434,sintetico
2026-04-21 21:25:59.182982,-7.72,9.04,763.5,17.59,144.1,1,0.0,3,7.7,3,8.573,sintetico
2026-04-21 22:25:59.182982,-15.91,17.81,756.0,33.13,54.6,1,0.0,4,9.0,5,15.837,sintetico
2026-04-21 23:25:59.182982,-10.6,12.31,531.3,19.21,39.5,0,0.0,4,5.68,1,4.535,sintetico
2026-04-22 00:25:59.182982,-10.42,10.98,708.8,12.04,268.0,0,0.0,2,5.3,1,5.057,sintetico
2026-04-22 01:25:59.182982,5.77,6.19,446.7,6.72,82.1,0,0.0,0,2.78,0,1.122,sintetico
2026-04-22 02:25:59.182982,-16.49,18.28,643.8,14.31,54.8,1,0.0,3,8.51,4,4.961,sintetico
2026-04-22 03:25:59.182982,-4.86,5.02,336.2,2.79,108.1,0,0.0,1,1.92,0,0.4,sintetico
2026-04-22 04:25:59.182982,-11.99,12.17,641.9,16.43,41.5,0,0.0,2,6.05,2,5.661,sintetico
2026-04-22 05:25:59.182982,-10.5,11.91,861.6,23.71,158.4,1,0.0,3,7.22,3,14.718,sintetico
2026-04-22 06:25:59.182982,-2.93,4.69,470.5,9.42,76.8,0,0.0,2,2.67,0,1.744,sintetico
2026-04-22 07:25:59.182982,7.79,8.08,304.5,4.49,18.8,0,0.0,1,0.74,0,0.4,sintetico
2026-04-22 08:25:59.182982,-15.43,16.61,688.7,30.67,35.6,0,0.0,2,7.35,3,12.166,sintetico
2026-04-22 09:25:59.182982,3.88,5.78,449.6,6.84,67.6,0,0.0,0,0.64,0,1.156,sintetico
2026-04-22 10:25:59.182982,-25.63,25.97,678.0,12.87,36.7,1,0.0,2,9.0,5,4.947,sintetico
2026-04-22 11:25:59.182982,1.18,5.76,275.6,7.55,79.8,0,0.0,0,0.49,0,0.479,sintetico
2026-04-22 12:25:59.182982,-21.38,22.57,739.9,11.29,111.0,1,0.0,3,9.0,5,5.169,sintetico
2026-04-22 13:25:59.182982,0.61,6.68,360.7,18.94,39.5,0,0.0,0,0.79,0,2.061,sintetico
2026-04-22 14:25:59.182982,1.25,6.78,407.3,9.05,31.7,0,0.0,0,0.26,0,1.256,sintetico
2026-04-22 15:25:59.182982,-3.15,6.53,339.9,5.44,34.3,0,0.0,0,2.16,0,0.526,sintetico
2026-04-22 16:25:59.182982,-9.49,10.62,496.0,11.36,49.9,0,0.0,3,5.55,1,2.337,sintetico
2026-04-22 17:25:59.182982,0.94,4.74,335.3,4.47,38.8,0,0.0,0,0.36,0,0.421,sintetico
2026-04-22 18:25:59.182982,-9.65,12.47,780.8,25.16,16.3,0,0.0,4,7.03,3,12.829,sintetico
2026-04-22 19:25:59.182982,-0.26,2.73,349.2,7.28,44.3,0,0.0,0,0.49,0,0.742,sintetico
2026-04-22 20:25:59.182982,-1.0,6.77,331.6,6.91,37.5,0,0.0,0,2.14,0,0.636,sintetico
2026-04-22 21:25:59.182982,-14.7,15.87,673.1,9.17,183.0,1,0.0,3,7.88,3,3.473,sintetico
2026-04-22 22:25:59.182982,0.74,2.69,394.1,6.61,58.9,0,0.0,2,1.9,0,0.859,sintetico
2026-04-22 23:25:59.182982,-0.9,2.18,421.2,6.59,21.6,0,0.0,1,1.54,0,0.977,sintetico
2026-04-23 00:25:59.182982,-11.07,11.41,738.1,36.8,79.8,0,0.0,2,5.41,1,16.767,sintetico
2026-04-23 01:25:59.182982,-4.57,6.94,411.8,13.11,49.3,0,0.0,0,3.22,0,1.86,sintetico
2026-04-23 02:25:59.182982,-4.09,4.25,393.4,4.49,16.1,1,0.0,1,3.31,0,0.581,sintetico
2026-04-23 03:25:59.182982,0.69,2.8,381.8,14.02,36.1,0,0.0,0,1.17,0,1.709,sintetico
2026-04-23 04:25:59.182982,-6.87,7.68,716.9,26.71,55.6,1,0.0,4,7.29,3,11.477,sintetico
2026-04-23 05:25:59.182982,-19.49,20.24,689.2,13.15,16.3,1,0.0,2,8.01,4,5.224,sintetico
2026-04-23 06:25:59.182982,-26.97,27.94,626.3,11.71,29.5,0,0.0,2,8.39,4,3.842,sintetico
2026-04-23 07:25:59.182982,-12.66,12.72,695.6,9.41,52.1,1,0.0,3,7.04,3,3.809,sintetico
2026-04-23 08:25:59.182982,7.48,11.87,404.3,6.09,198.2,0,0.0,1,1.63,0,0.832,sintetico
2026-04-23 09:25:59.182982,-15.73,15.84,666.0,34.26,30.4,1,0.0,3,8.11,4,12.71,sintetico
2026-04-23 10:25:59.182982,-28.58,28.7,798.3,19.58,48.5,0,0.0,2,9.0,5,10.433,sintetico
2026-04-23 11:25:59.182982,-3.04,4.39,451.2,28.65,123.4,0,0.0,2,3.01,0,4.877,sintetico
2026-04-23 12:25:59.182982,1.23,8.48,374.8,13.23,21.8,0,0.0,0,1.1,0,1.554,sintetico
2026-04-23 13:25:59.182982,-21.62,22.14,680.2,10.02,78.8,0,0.0,2,6.16,2,3.879,sintetico
2026-04-23 14:25:59.182982,1.19,4.36,400.1,1.97,21.1,0,0.0,0,0.85,0,0.4,sintetico
2026-04-23 15:25:59.182982,-0.36,4.11,426.7,9.28,38.9,0,0.0,0,1.11,0,1.413,sintetico
2026-04-23 16:25:59.182982,-13.86,14.26,645.5,21.81,38.2,0,0.0,3,6.49,2,7.599,sintetico
2026-04-23 17:25:59.182982,4.2,6.65,412.5,15.7,13.7,0,0.0,0,1.35,0,2.234,sintetico
2026-04-23 18:25:59.182982,-12.26,12.35,700.3,32.66,94.6,1,0.0,2,7.38,3,13.397,sintetico
2026-04-23 19:25:59.182982,-11.98,12.87,694.6,58.49,70.4,0,0.0,2,5.92,1,23.598,sintetico
2026-04-23 20:25:59.182982,3.54,3.94,407.7,9.3,32.8,0,0.0,1,1.48,0,1.292,sintetico
2026-04-23 21:25:59.182982,3.74,4.04,315.3,6.93,29.0,0,0.0,0,1.57,0,0.576,sintetico
2026-04-23 22:25:59.182982,3.06,6.28,395.7,9.66,42.3,0,0.0,0,1.62,0,1.265,sintetico
2026-04-23 23:25:59.182982,-18.19,18.4,755.0,5.69,83.2,1,0.0,2,7.85,3,2.713,sintetico
2026-04-24 00:25:59.182982,4.47,5.95,378.8,14.97,146.7,0,0.0,0,1.07,0,1.796,sintetico
2026-04-24 01:25:59.182982,-2.84,3.09,400.5,2.58,8.0,0,0.0,0,1.63,0,0.4,sintetico
2026-04-24 02:25:59.182982,1.07,2.01,410.2,24.86,101.4,0,0.0,0,1.36,0,3.497,sintetico
2026-04-24 03:25:59.182982,-1.13,3.64,392.2,6.6,36.3,0,0.0,0,1.33,0,0.849,sintetico
2026-04-24 04:25:59.182982,4.42,7.26,417.1,9.34,62.1,0,0.0,0,2.06,0,1.359,sintetico
2026-04-24 05:25:59.182982,-7.05,9.51,651.0,31.97,30.7,1,0.0,2,4.75,0,11.33,sintetico
2026-04-24 06:25:59.182982,-5.78,7.31,360.3,5.77,38.0,0,0.0,1,2.77,0,0.626,sintetico
2026-04-24 07:25:59.182982,-27.73,28.45,679.8,8.76,50.3,1,0.0,2,9.0,5,3.387,sintetico
2026-04-24 08:25:59.182982,-17.27,17.45,551.6,15.17,13.0,1,0.0,2,7.4,3,3.861,sintetico
2026-04-24 09:25:59.182982,-5.63,5.84,364.5,26.69,142.1,0,0.0,2,3.15,0,2.966,sintetico
2026-04-24 10:25:59.182982,-8.77,11.45,783.1,26.52,42.9,0,0.0,4,5.75,1,13.6,sintetico
2026-04-24 11:25:59.182982,-3.92,5.25,353.5,14.24,113.5,0,0.0,0,1.93,0,1.489,sintetico
2026-04-24 12:25:59.182982,6.39,7.72,426.4,9.75,98.2,0,0.0,0,1.65,0,1.483,sintetico
2026-04-24 13:25:59.182982,-2.27,4.55,413.0,26.78,37.0,0,0.0,2,2.13,0,3.82,sintetico
2026-04-24 14:25:59.182982,-0.21,3.48,421.9,11.95,48.5,0,0.0,0,1.89,0,1.779,sintetico
2026-04-24 15:25:59.182982,-20.1,20.55,800.5,23.02,280.4,1,0.0,2,9.0,5,12.338,sintetico
2026-04-24 16:25:59.182982,-0.46,1.78,446.6,3.16,86.5,0,0.0,0,0.99,0,0.527,sintetico
2026-04-24 17:25:59.182982,-14.31,14.89,567.7,24.19,61.6,1,0.0,3,7.47,3,6.52,sintetico
2026-04-24 18:25:59.182982,-10.22,10.6,790.1,12.64,27.6,0,0.0,2,6.04,2,6.598,sintetico
2026-04-24 19:25:59.182982,-10.63,11.41,695.1,10.79,23.4,0,0.0,3,5.64,1,4.359,sintetico
2026-04-24 20:25:59.182982,-20.69,21.46,606.3,31.82,55.7,0,0.0,2,7.54,3,9.782,sintetico
2026-04-24 21:25:59.182982,1.32,2.89,413.9,10.42,23.1,0,0.0,1,1.19,0,1.493,sintetico
2026-04-24 22:25:59.182982,5.43,5.9,320.8,21.07,74.8,0,0.0,0,1.4,0,1.814,sintetico
2026-04-24 23:25:59.182982,-5.06,6.03,540.0,19.34,61.3,1,0.0,3,4.31,0,4.716,sintetico
2026-04-25 00:25:59.182982,-26.21,26.74,574.0,16.32,89.9,0,0.0,2,8.13,4,4.497,sintetico
2026-04-25 01:25:59.182982,2.3,3.9,390.9,5.12,18.0,0,0.0,0,0.99,0,0.654,sintetico
2026-04-25 02:25:59.182982,-0.01,1.25,252.6,1.34,65.0,0,0.0,1,1.66,0,0.4,sintetico
2026-04-25 03:25:59.182982,-7.11,9.23,747.8,89.72,106.2,1,0.0,2,5.84,1,41.955,sintetico
2026-04-25 04:25:59.182982,-14.34,14.64,662.8,11.09,118.6,1,0.0,2,6.33,2,4.076,sintetico
2026-04-25 05:25:59.182982,-27.59,27.59,635.8,12.39,23.7,1,0.0,2,9.0,5,4.188,sintetico
2026-04-25 06:25:59.182982,0.17,3.8,357.3,4.78,39.9,0,0.0,1,1.47,0,0.511,sintetico
2026-04-25 07:25:59.182982,-20.06,20.27,559.2,11.0,53.9,0,0.0,3,8.44,4,2.876,sintetico
2026-04-25 08:25:59.182982,1.49,2.52,399.5,9.73,69.9,0,0.0,0,1.39,0,1.299,sintetico
2026-04-25 09:25:59.182982,-35.12,35.23,614.7,37.61,44.9,0,0.0,3,9.0,5,11.882,sintetico
2026-04-25 10:25:59.182982,3.73,4.29,398.3,9.79,89.3,0,0.0,0,1.83,0,1.299,sintetico
2026-04-25 11:25:59.182982,-32.4,32.42,547.9,9.72,37.2,0,0.0,2,9.0,5,2.441,sintetico
2026-04-25 12:25:59.182982,1.11,6.24,377.8,7.39,60.8,0,0.0,0,1.18,0,0.882,sintetico
2026-04-25 13:25:59.182982,-4.42,9.58,356.8,18.0,68.7,0,0.0,0,1.23,0,1.916,sintetico
2026-04-25 14:25:59.182982,-18.85,19.52,752.6,7.49,43.8,0,0.0,3,8.13,4,3.546,sintetico
2026-04-25 15:25:59.182982,-3.78,7.43,363.7,7.95,69.6,0,0.0,0,2.18,0,0.879,sintetico
2026-04-25 16:25:59.182982,-4.27,7.7,448.4,5.0,54.7,0,0.0,0,2.49,0,0.841,sintetico
2026-04-25 17:25:59.182982,-11.16,12.35,860.2,15.91,60.7,0,0.0,2,6.86,2,9.846,sintetico
2026-04-25 18:25:59.182982,-6.67,6.76,336.7,4.59,68.5,0,0.0,0,1.73,0,0.435,sintetico
2026-04-25 19:25:59.182982,2.65,5.41,303.3,2.86,48.0,0,0.0,1,1.04,0,0.4,sintetico
2026-04-25 20:25:59.182982,4.34,7.92,364.3,7.79,47.0,0,0.0,0,1.13,0,0.865,sintetico
2026-04-25 21:25:59.182982,-14.55,15.08,629.2,16.08,45.3,1,0.0,2,6.49,2,5.324,sintetico
2026-04-25 22:25:59.182982,4.63,6.06,361.2,4.98,61.5,0,0.0,0,0.53,0,0.544,sintetico
2026-04-25 23:25:59.182982,5.71,8.05,447.0,19.89,66.0,0,0.0,0,1.92,0,3.324,sintetico
2026-04-26 00:25:59.182982,-11.23,11.52,571.4,6.7,80.6,0,0.0,2,5.46,1,1.829,sintetico
2026-04-26 01:25:59.182982,-7.7,9.01,755.7,27.75,28.7,1,0.0,3,6.26,2,13.253,sintetico
2026-04-26 02:25:59.182982,-17.13,17.6,673.0,30.01,37.0,0,0.0,2,6.81,2,11.37,sintetico
2026-04-26 03:25:59.182982,4.12,5.24,449.3,70.95,123.2,0,0.0,0,2.22,0,11.979,sintetico
2026-04-26 04:25:59.182982,-21.11,22.47,731.2,8.24,90.7,0,0.0,4,7.99,3,3.687,sintetico
2026-04-26 05:25:59.182982,9.04,9.33,418.3,4.31,28.1,0,0.0,2,2.86,0,0.63,sintetico
2026-04-26 06:25:59.182982,-3.03,5.04,402.0,4.44,56.8,1,0.0,1,2.87,0,0.6,sintetico
2026-04-26 07:25:59.182982,-24.6,26.02,638.3,18.51,335.5,1,0.0,3,9.0,5,6.305,sintetico
2026-04-26 08:25:59.182982,4.6,6.27,411.2,8.22,99.8,0,0.0,1,2.38,0,1.162,sintetico
2026-04-26 09:25:59.182982,-3.24,3.61,346.7,14.27,39.1,0,0.0,0,2.06,0,1.434,sintetico
2026-04-26 10:25:59.182982,0.52,1.61,421.1,10.81,30.0,0,0.0,0,1.17,0,1.604,sintetico
2026-04-26 11:25:59.182982,-10.57,10.8,514.0,23.88,169.6,0,0.0,4,5.72,1,5.277,sintetico
2026-04-26 12:25:59.182982,3.25,3.93,381.4,9.2,134.2,0,0.0,0,1.31,0,1.119,sintetico
2026-04-26 13:25:59.182982,-13.03,13.21,571.7,8.86,58.4,1,0.0,3,7.62,3,2.421,sintetico
2026-04-26 14:25:59.182982,2.95,3.52,355.3,16.83,17.9,0,0.0,0,1.09,0,1.776,sintetico
2026-04-26 15:25:59.182982,4.6,6.78,355.0,10.44,119.4,0,0.0,0,0.0,0,1.1,sintetico
2026-04-26 16:25:59.182982,3.02,3.56,363.1,24.47,54.5,0,0.0,0,1.24,0,2.698,sintetico
2026-04-26 17:25:59.182982,1.22,7.27,409.9,19.21,93.0,0,0.0,0,1.48,0,2.699,sintetico
2026-04-26 18:25:59.182982,-22.61,23.8,745.9,31.32,38.6,1,0.0,2,9.0,5,14.569,sintetico
2026-04-26 19:25:59.182982,1.42,2.24,385.4,6.01,66.4,0,0.0,0,0.0,0,0.746,sintetico
2026-04-26 20:25:59.182982,0.1,8.98,389.7,3.49,222.6,1,0.0,1,3.48,0,0.444,sintetico
2026-04-26 21:25:59.182982,0.39,7.06,395.0,67.7,19.1,0,0.0,1,2.75,0,8.834,sintetico
2026-04-26 22:25:59.182982,-27.79,28.04,635.3,10.83,61.0,0,0.0,2,8.67,4,3.656,sintetico
2026-04-26 23:25:59.182982,-17.97,18.98,490.3,30.42,167.4,1,0.0,4,8.12,4,6.116,sintetico
2026-04-27 00:25:59.182982,4.25,4.85,232.5,4.14,45.2,0,0.0,0,1.81,0,0.4,sintetico
2026-04-27 01:25:59.182982,5.4,7.94,386.6,5.5,24.6,0,0.0,0,1.43,0,0.687,sintetico
2026-04-27 02:25:59.182982,0.41,1.68,343.9,6.82,114.9,0,0.0,0,1.3,0,0.674,sintetico
2026-04-27 03:25:59.182982,1.73,7.9,252.0,13.9,75.3,0,0.0,2,1.02,0,0.738,sintetico
2026-04-27 04:25:59.182982,-22.76,23.35,426.2,28.67,120.2,0,0.0,3,7.33,3,4.355,sintetico
2026-04-27 05:25:59.182982,-2.82,5.35,404.0,12.46,45.5,0,0.0,1,1.71,0,1.701,sintetico
2026-04-27 06:25:59.182982,3.52,10.8,338.2,9.73,59.1,0,0.0,0,1.13,0,0.93,sintetico
2026-04-27 07:25:59.182982,1.92,2.98,322.1,1.13,69.0,0,0.0,1,0.16,0,0.4,sintetico
2026-04-27 08:25:59.182982,-27.51,28.56,655.1,7.18,210.6,0,0.0,3,9.0,5,2.575,sintetico
2026-04-27 09:25:59.182982,-22.71,23.25,709.8,11.26,51.5,0,0.0,2,7.87,3,4.744,sintetico
2026-04-27 10:25:59.182982,9.15,9.35,345.9,23.94,51.3,0,0.0,2,2.71,0,2.396,sintetico
2026-04-27 11:25:59.182982,-5.89,7.39,376.1,2.05,140.2,0,0.0,0,2.54,0,0.4,sintetico
2026-04-27 12:25:59.182982,-2.87,6.07,284.6,6.31,61.1,0,0.0,0,1.29,0,0.427,sintetico
2026-04-27 13:25:59.182982,-15.16,18.86,716.0,16.98,53.8,1,0.0,2,6.73,2,7.283,sintetico
2026-04-27 14:25:59.182982,0.47,7.15,353.9,7.36,41.3,0,0.0,0,0.2,0,0.771,sintetico
2026-04-27 15:25:59.182982,8.25,8.33,358.8,10.62,53.1,0,0.0,1,1.85,0,1.144,sintetico
2026-04-27 16:25:59.182982,-15.63,16.06,618.0,14.94,54.9,0,0.0,2,5.4,1,4.772,sintetico
2026-04-27 17:25:59.182982,-8.56,9.42,657.1,45.36,55.8,1,0.0,2,6.21,2,16.376,sintetico
2026-04-27 18:25:59.182982,2.9,3.64,387.8,9.36,47.9,0,0.0,0,1.11,0,1.177,sintetico
2026-04-27 19:25:59.182982,-8.51,9.95,720.0,14.57,109.3,0,0.0,2,6.5,2,6.315,sintetico
2026-04-27 20:25:59.182982,-6.33,8.17,736.5,30.61,74.7,1,0.0,2,6.09,2,13.886,sintetico
2026-04-27 21:25:59.182982,-4.98,7.16,323.8,7.43,33.5,0,0.0,1,1.58,0,0.651,sintetico
2026-04-27 22:25:59.182982,-2.69,6.58,353.2,5.06,34.9,0,0.0,0,1.43,0,0.528,sintetico
2026-04-27 23:25:59.182982,-11.03,11.46,583.1,18.57,102.2,0,0.0,3,5.26,1,5.28,sintetico
2026-04-28 00:25:59.182982,-20.51,20.59,705.5,28.5,323.9,1,0.0,2,9.0,5,11.862,sintetico
2026-04-28 01:25:59.182982,1.2,1.3,351.1,20.23,109.2,0,0.0,2,2.15,0,2.085,sintetico
2026-04-28 02:25:59.182982,1.15,4.33,420.4,5.63,28.1,0,0.0,1,1.32,0,0.832,sintetico
2026-04-28 03:25:59.182982,-29.96,30.13,658.5,8.01,62.5,0,0.0,2,9.0,5,2.903,sintetico
2026-04-28 04:25:59.182982,-19.62,20.42,664.5,23.37,28.6,0,0.0,2,8.41,4,8.63,sintetico
2026-04-28 05:25:59.182982,-1.27,3.36,400.1,13.11,55.9,0,0.0,0,0.95,0,1.755,sintetico
2026-04-28 06:25:59.182982,-2.59,5.28,405.2,11.57,37.5,0,0.0,0,1.94,0,1.589,sintetico
2026-04-28 07:25:59.182982,-0.99,6.14,308.1,9.98,65.8,0,0.0,2,2.18,0,0.793,sintetico
2026-04-28 08:25:59.182982,-0.78,9.29,400.3,5.6,74.8,0,0.0,2,2.43,0,0.75,sintetico
2026-04-28 09:25:59.182982,-14.97,15.02,667.4,18.0,49.9,1,0.0,4,8.55,4,6.706,sintetico
2026-04-28 10:25:59.182982,-10.44,10.62,665.7,21.67,51.3,0,0.0,2,5.3,1,8.033,sintetico
2026-04-28 11:25:59.182982,3.18,3.26,331.7,7.9,52.6,0,0.0,0,0.99,0,0.727,sintetico
2026-04-28 12:25:59.182982,-8.14,8.53,341.9,6.59,117.7,0,0.0,0,2.45,0,0.644,sintetico
2026-04-28 13:25:59.182982,1.71,9.5,331.3,11.23,35.5,0,0.0,0,1.3,0,1.03,sintetico
2026-04-28 14:25:59.182982,-7.55,9.5,533.7,28.86,60.7,1,0.0,2,4.69,0,6.876,sintetico
2026-04-28 15:25:59.182982,3.33,3.7,335.4,6.77,29.9,0,0.0,2,2.32,0,0.637,sintetico
2026-04-28 16:25:59.182982,-15.28,15.57,709.0,10.35,19.0,1,0.0,2,6.66,2,4.349,sintetico
2026-04-28 17:25:59.182982,6.47,7.31,332.9,1.89,33.3,0,0.0,0,1.13,0,0.4,sintetico
2026-04-28 18:25:59.182982,-15.8,16.35,488.4,8.73,72.7,1,0.0,2,5.57,1,1.742,sintetico
2026-04-28 19:25:59.182982,-0.37,1.0,344.5,9.89,29.2,0,0.0,2,0.96,0,0.981,sintetico
2026-04-28 20:25:59.182982,-7.34,7.56,420.5,15.35,94.4,0,0.0,0,1.57,0,2.27,sintetico
2026-04-28 21:25:59.182982,-2.92,3.9,439.8,7.37,34.0,0,0.0,1,2.65,0,1.191,sintetico
2026-04-28 22:25:59.182982,1.75,6.03,361.2,4.88,18.1,0,0.0,0,1.04,0,0.532,sintetico
2026-04-28 23:25:59.182982,-14.87,16.12,641.1,10.88,29.2,0,0.0,4,7.64,3,3.741,sintetico
2026-04-29 00:25:59.182982,-21.58,22.03,698.6,23.22,37.0,0,0.0,4,9.0,5,9.476,sintetico
2026-04-29 01:25:59.182982,-6.87,8.88,655.4,7.98,27.9,1,0.0,4,5.72,1,2.865,sintetico
2026-04-29 02:25:59.182982,-2.25,4.81,372.8,18.7,54.2,0,0.0,0,2.26,0,2.174,sintetico
2026-04-29 03:25:59.182982,-11.92,12.33,774.9,17.33,16.8,1,0.0,2,7.59,3,8.701,sintetico
2026-04-29 04:25:59.182982,5.15,5.91,386.8,5.05,57.3,0,0.0,0,0.94,0,0.631,sintetico
2026-04-29 05:25:59.182982,-26.01,26.66,619.2,15.62,201.7,1,0.0,4,9.0,5,5.009,sintetico
2026-04-29 06:25:59.182982,-3.46,8.75,405.2,12.08,183.2,1,0.0,1,3.0,0,1.658,sintetico
2026-04-29 07:25:59.182982,-4.17,5.29,368.2,5.61,144.7,0,0.0,2,2.97,0,0.636,sintetico
2026-04-29 08:25:59.182982,2.97,3.18,397.0,61.62,32.9,0,0.0,0,1.97,0,8.12,sintetico
2026-04-29 09:25:59.182982,1.34,4.47,373.6,5.1,21.1,0,0.0,2,1.45,0,0.596,sintetico
2026-04-29 10:25:59.182982,0.32,4.34,673.4,15.36,159.0,1,0.0,3,4.4,0,5.826,sintetico
2026-04-29 11:25:59.182982,-18.86,19.35,687.7,22.02,156.4,1,0.0,3,7.86,3,8.709,sintetico
2026-04-29 12:25:59.182982,-2.4,3.7,324.8,10.59,33.0,0,0.0,0,1.9,0,0.935,sintetico
2026-04-29 13:25:59.182982,2.39,8.67,413.2,4.32,26.0,0,0.0,0,1.24,0,0.617,sintetico
2026-04-29 14:25:59.182982,-15.6,15.91,534.9,36.75,47.4,1,0.0,2,6.2,2,8.794,sintetico
2026-04-29 15:25:59.182982,-20.49,20.81,656.6,9.26,106.8,0,0.0,2,6.55,2,3.339,sintetico
2026-04-29 16:25:59.182982,-3.45,7.09,358.0,9.85,67.6,0,0.0,0,2.07,0,1.056,sintetico
2026-04-29 17:25:59.182982,0.83,3.13,576.4,15.57,162.0,1,0.0,2,2.89,0,4.326,sintetico
2026-04-29 18:25:59.182982,-0.34,1.53,350.0,4.48,75.0,1,0.0,1,1.81,0,0.459,sintetico
2026-04-29 19:25:59.182982,4.46,4.46,354.1,13.99,27.5,0,0.0,0,2.0,0,1.468,sintetico
2026-04-29 20:25:59.182982,-32.75,32.83,587.8,12.06,32.4,1,0.0,2,9.0,5,3.484,sintetico
2026-04-29 21:25:59.182982,-0.04,2.97,286.6,26.21,82.8,0,0.0,2,2.14,0,1.8,sintetico
2026-04-29 22:25:59.182982,-15.83,16.09,714.8,8.97,37.5,1,0.0,2,8.3,4,3.833,sintetico
2026-04-29 23:25:59.182982,0.89,9.25,536.3,14.08,34.1,0,0.0,1,1.3,0,3.387,sintetico
2026-04-30 00:25:59.182982,-0.26,4.87,404.3,17.57,27.6,0,0.0,0,1.85,0,2.401,sintetico
2026-04-30 01:25:59.182982,2.45,3.91,347.4,25.13,48.7,0,0.0,0,1.88,0,2.536,sintetico
2026-04-30 02:25:59.182982,3.24,3.94,363.5,19.13,90.2,0,0.0,0,1.88,0,2.114,sintetico
2026-04-30 03:25:59.182982,9.93,11.13,471.0,3.03,62.3,1,0.0,2,3.77,0,0.563,sintetico
2026-04-30 04:25:59.182982,-8.63,11.07,565.7,10.11,86.5,1,0.0,2,4.13,0,2.706,sintetico
2026-04-30 05:25:59.182982,-2.38,4.21,460.0,4.39,15.7,0,0.0,0,2.02,0,0.777,sintetico
2026-04-30 06:25:59.182982,2.13,4.47,417.6,21.86,35.5,0,0.0,0,1.22,0,3.189,sintetico
2026-04-30 07:25:59.182982,6.82,8.05,435.8,7.08,255.7,0,0.0,0,0.58,0,1.124,sintetico
2026-04-30 08:25:59.182982,5.07,5.86,375.4,43.83,58.8,0,0.0,0,1.35,0,5.165,sintetico
2026-04-30 09:25:59.182982,-26.49,27.4,608.1,22.54,88.5,1,0.0,3,9.0,5,6.973,sintetico
2026-04-30 10:25:59.182982,-22.08,22.35,683.7,20.96,70.7,1,0.0,3,9.0,5,8.195,sintetico
2026-04-30 11:25:59.182982,-28.22,28.64,696.2,9.05,117.1,0,0.0,2,9.0,5,3.669,sintetico
2026-04-30 12:25:59.182982,-12.97,14.39,577.3,25.99,36.5,1,0.0,3,6.3,2,7.243,sintetico
2026-04-30 13:25:59.182982,3.92,7.21,437.2,34.55,36.3,0,0.0,2,1.81,0,5.524,sintetico
2026-04-30 14:25:59.182982,4.97,5.29,278.8,11.03,105.2,0,0.0,0,0.59,0,0.717,sintetico
2026-04-30 15:25:59.182982,0.89,3.61,345.4,3.66,65.2,0,0.0,1,1.05,0,0.4,sintetico
2026-04-30 16:25:59.182982,-30.76,32.05,595.3,34.27,108.9,0,0.0,3,9.0,5,10.156,sintetico
2026-04-30 17:25:59.182982,-6.46,6.88,307.9,5.73,92.7,0,0.0,0,1.56,0,0.455,sintetico
2026-04-30 18:25:59.182982,-29.23,29.99,588.1,9.07,34.2,1,0.0,3,9.0,5,2.624,sintetico
2026-04-30 19:25:59.182982,-12.17,12.58,604.9,19.12,60.0,0,0.0,3,6.16,2,5.852,sintetico
2026-04-30 20:25:59.182982,-34.71,35.1,486.1,18.21,103.9,0,0.0,2,9.0,5,3.599,sintetico
2026-04-30 21:25:59.182982,2.86,3.44,303.8,25.9,40.9,0,0.0,0,1.41,0,1.999,sintetico
2026-04-30 22:25:59.182982,-0.65,3.6,410.1,8.91,45.0,0,0.0,0,1.4,0,1.253,sintetico
2026-04-30 23:25:59.182982,7.82,10.16,415.7,13.02,12.5,0,0.0,0,0.48,0,1.882,sintetico
2026-05-01 00:25:59.182982,-5.29,6.29,396.4,3.48,83.8,0,0.0,2,2.93,0,0.457,sintetico
2026-05-01 01:25:59.182982,-6.9,7.33,712.1,8.08,56.6,1,0.0,4,6.06,2,3.426,sintetico
2026-05-01 02:25:59.182982,-28.4,28.48,720.1,10.65,93.5,0,0.0,2,9.0,5,4.62,sintetico
2026-05-01 03:25:59.182982,-15.87,15.98,620.0,28.75,131.3,1,0.0,3,7.8,3,9.245,sintetico
2026-05-01 04:25:59.182982,-9.9,11.0,512.5,21.13,48.2,1,0.0,2,5.87,1,4.643,sintetico
2026-05-01 05:25:59.182982,6.63,7.77,351.4,19.62,129.0,1,0.0,1,2.76,0,2.026,sintetico
2026-05-01 06:25:59.182982,6.4,6.42,350.7,27.27,117.4,0,0.0,2,1.97,0,2.804,sintetico
2026-05-01 07:25:59.182982,-13.05,13.57,541.0,16.01,59.9,0,0.0,3,6.62,2,3.919,sintetico
2026-05-01 08:25:59.182982,4.94,7.92,297.0,25.84,74.5,0,0.0,0,1.14,0,1.907,sintetico
2026-05-01 09:25:59.182982,6.83,6.98,337.5,12.93,61.1,0,0.0,0,0.55,0,1.232,sintetico
2026-05-01 10:25:59.182982,2.31,2.75,287.4,7.48,38.5,0,0.0,2,2.43,0,0.517,sintetico
2026-05-01 11:25:59.182982,-25.85,26.13,625.4,7.15,64.9,1,0.0,3,8.68,4,2.34,sintetico
2026-05-01 12:25:59.182982,-8.5,9.41,662.5,19.73,21.6,1,0.0,3,7.36,3,7.243,sintetico
2026-05-01 13:25:59.182982,-9.79,11.98,488.7,33.93,51.0,1,0.0,2,5.66,1,6.778,sintetico
2026-05-01 14:25:59.182982,1.72,4.49,363.9,7.01,58.7,0,0.0,1,1.86,0,0.777,sintetico
2026-05-01 15:25:59.182982,-5.58,8.9,648.1,15.32,124.1,1,0.0,3,5.52,1,5.38,sintetico
2026-05-01 16:25:59.182982,-21.69,22.77,706.5,18.4,36.6,0,0.0,2,7.34,3,7.681,sintetico
2026-05-01 17:25:59.182982,-10.9,11.43,754.5,41.89,24.2,0,0.0,3,6.57,2,19.942,sintetico
2026-05-01 18:25:59.182982,-0.36,5.98,413.3,5.36,65.8,0,0.0,0,0.5,0,0.766,sintetico
2026-05-01 19:25:59.182982,-11.52,12.55,526.6,23.7,29.7,1,0.0,4,6.52,2,5.496,sintetico
2026-05-01 20:25:59.182982,-19.09,19.16,769.9,28.57,36.6,1,0.0,2,9.0,5,14.163,sintetico
2026-05-01 21:25:59.182982,3.85,5.81,465.9,4.04,28.8,0,0.0,2,1.94,0,0.733,sintetico
2026-05-01 22:25:59.182982,0.92,4.84,381.8,8.65,204.4,0,0.0,1,1.76,0,1.055,sintetico
2026-05-01 23:25:59.182982,-9.29,10.5,669.9,9.36,76.9,0,0.0,3,6.0,1,3.515,sintetico
2026-05-02 00:25:59.182982,-32.19,32.43,648.4,17.95,81.3,1,0.0,2,9.0,5,6.31,sintetico
2026-05-02 01:25:59.182982,7.45,8.96,347.7,2.32,50.5,0,0.0,0,0.64,0,0.4,sintetico
2026-05-02 02:25:59.182982,-0.76,5.82,390.1,5.12,112.7,0,0.0,0,1.49,0,0.652,sintetico
2026-05-02 03:25:59.182982,-25.07,25.14,719.8,5.1,36.2,0,0.0,3,9.0,4,2.208,sintetico
2026-05-02 04:25:59.182982,-22.38,23.02,694.5,18.15,18.8,1,0.0,2,8.91,4,7.32,sintetico
2026-05-02 05:25:59.182982,-18.99,19.14,756.5,11.71,35.9,1,0.0,2,7.98,3,5.603,sintetico
2026-05-02 06:25:59.182982,-0.21,3.75,417.1,3.0,36.9,0,0.0,0,1.82,0,0.437,sintetico
2026-05-02 07:25:59.182982,-0.42,7.22,368.0,12.23,89.5,0,0.0,0,1.83,0,1.385,sintetico
2026-05-02 08:25:59.182982,-16.56,16.66,530.4,8.68,133.5,1,0.0,2,6.92,2,2.042,sintetico
2026-05-02 09:25:59.182982,-13.76,14.27,608.7,18.77,58.7,1,0.0,3,7.49,3,5.818,sintetico
2026-05-02 10:25:59.182982,2.8,4.82,324.8,3.89,85.4,0,0.0,0,0.21,0,0.4,sintetico
2026-05-02 11:25:59.182982,3.18,6.08,369.6,6.31,84.2,0,0.0,1,1.27,0,0.721,sintetico
2026-05-02 12:25:59.182982,-12.49,13.33,487.9,24.07,38.2,0,0.0,2,5.11,1,4.792,sintetico
2026-05-02 13:25:59.182982,-13.71,13.76,532.0,10.74,63.5,1,0.0,2,6.74,2,2.543,sintetico
2026-05-02 14:25:59.182982,-3.89,3.99,361.6,6.35,45.8,0,0.0,1,2.14,0,0.694,sintetico
2026-05-02 15:25:59.182982,5.21,8.8,309.0,4.22,81.8,0,0.0,0,1.27,0,0.4,sintetico
2026-05-02 16:25:59.182982,6.59,7.1,410.7,3.64,48.4,0,0.0,0,1.22,0,0.514,sintetico
2026-05-02 17:25:59.182982,-1.14,5.52,353.0,7.54,36.2,0,0.0,0,2.03,0,0.786,sintetico
2026-05-02 18:25:59.182982,-10.48,13.43,679.0,26.46,99.4,0,0.0,2,5.21,1,10.203,sintetico
2026-05-02 19:25:59.182982,-22.19,22.52,785.7,20.44,86.9,1,0.0,2,9.0,5,10.55,sintetico
2026-05-02 20:25:59.182982,2.02,6.3,392.4,11.64,36.6,0,0.0,1,2.13,0,1.499,sintetico
2026-05-02 21:25:59.182982,-2.68,6.29,359.8,4.22,38.7,0,0.0,1,1.85,0,0.457,sintetico
2026-05-02 22:25:59.182982,-12.8,13.94,589.2,7.95,106.1,1,0.0,3,6.53,2,2.308,sintetico
2026-05-02 23:25:59.182982,-1.07,3.82,440.4,11.79,196.2,0,0.0,0,1.34,0,1.913,sintetico
2026-05-03 00:25:59.182982,-4.53,5.99,441.9,9.75,325.9,0,0.0,0,2.41,0,1.593,sintetico
2026-05-03 01:25:59.182982,0.84,1.23,347.7,7.6,24.9,0,0.0,1,2.32,0,0.768,sintetico
2026-05-03 02:25:59.182982,-15.39,16.94,521.1,2.95,20.4,1,0.0,2,6.97,2,0.67,sintetico
2026-05-03 03:25:59.182982,-7.44,7.62,457.7,20.65,19.8,0,0.0,0,3.02,0,3.618,sintetico
2026-05-03 04:25:59.182982,-1.29,3.04,308.2,16.2,66.9,0,0.0,0,1.56,0,1.287,sintetico
2026-05-03 05:25:59.182982,-6.38,9.2,270.8,8.64,189.2,0,0.0,0,2.58,0,0.53,sintetico
2026-05-03 06:25:59.182982,3.86,4.01,406.4,14.4,30.9,0,0.0,1,1.5,0,1.989,sintetico
2026-05-03 07:25:59.182982,-15.91,16.71,778.6,21.54,74.0,0,0.0,4,7.16,3,10.921,sintetico
2026-05-03 08:25:59.182982,-13.58,14.17,839.1,10.87,39.1,1,0.0,2,8.21,4,6.4,sintetico
2026-05-03 09:25:59.182982,1.7,2.32,375.2,8.41,208.5,0,0.0,1,1.56,0,0.991,sintetico
2026-05-03 10:25:59.182982,-12.15,14.03,693.4,11.94,32.9,1,0.0,4,7.14,3,4.799,sintetico
2026-05-03 11:25:59.182982,-1.5,4.16,321.9,4.06,43.4,0,0.0,0,0.94,0,0.4,sintetico
2026-05-03 12:25:59.182982,-24.01,25.05,684.3,16.85,47.8,1,0.0,2,9.0,5,6.6,sintetico
2026-05-03 13:25:59.182982,8.46,8.84,358.6,3.4,38.5,0,0.0,0,1.16,0,0.4,sintetico
2026-05-03 14:25:59.182982,1.48,4.58,365.2,5.2,93.8,0,0.0,0,0.56,0,0.58,sintetico
2026-05-03 15:25:59.182982,-4.1,5.73,427.1,35.88,46.9,0,0.0,0,1.68,0,5.475,sintetico
2026-05-03 16:25:59.182982,-19.75,20.81,741.3,11.39,32.9,1,0.0,2,8.94,4,5.232,sintetico
2026-05-03 17:25:59.182982,5.48,6.69,358.8,6.52,40.2,0,0.0,0,0.99,0,0.702,sintetico
2026-05-03 18:25:59.182982,1.43,4.06,441.3,6.0,69.1,0,0.0,0,1.69,0,0.978,sintetico
2026-05-03 19:25:59.182982,-6.35,7.44,453.3,7.46,125.0,0,0.0,0,2.24,0,1.282,sintetico
2026-05-03 20:25:59.182982,0.01,5.0,302.3,27.47,46.2,0,0.0,0,1.2,0,2.099,sintetico
2026-05-03 21:25:59.182982,3.3,5.49,329.7,5.89,75.3,0,0.0,1,2.0,0,0.535,sintetico
2026-05-03 22:25:59.182982,2.09,9.97,406.3,2.26,27.9,0,0.0,1,2.66,0,0.4,sintetico
2026-05-03 23:25:59.182982,11.29,16.21,382.0,19.27,97.0,0,0.0,0,1.02,0,2.351,sintetico
2026-05-04 00:25:59.182982,-16.96,16.98,608.1,23.85,15.7,0,0.0,4,7.1,3,7.375,sintetico
2026-05-04 01:25:59.182982,-33.95,34.23,678.8,5.53,89.3,0,0.0,4,9.0,5,2.13,sintetico
2026-05-04 02:25:59.182982,-24.96,25.45,719.0,15.34,43.5,1,0.0,3,9.0,5,6.63,sintetico
2026-05-04 03:25:59.182982,-3.61,5.51,265.4,17.15,20.4,1,0.0,0,2.44,0,1.011,sintetico
2026-05-04 04:25:59.182982,-25.0,25.57,591.1,11.56,158.6,0,0.0,4,9.0,5,3.377,sintetico
2026-05-04 05:25:59.182982,5.07,5.36,527.3,10.36,102.1,0,0.0,1,1.74,0,2.408,sintetico
2026-05-04 06:25:59.182982,-16.53,16.97,447.0,25.4,40.9,1,0.0,2,7.1,3,4.246,sintetico
2026-05-04 07:25:59.182982,-19.13,19.49,708.8,43.57,241.1,0,0.0,3,7.98,3,18.305,sintetico
2026-05-04 08:25:59.182982,-29.24,29.37,679.5,13.16,58.9,0,0.0,4,9.0,5,5.081,sintetico
2026-05-04 09:25:59.182982,-20.14,20.68,663.8,35.08,171.7,1,0.0,3,7.92,3,12.928,sintetico
2026-05-04 10:25:59.182982,2.87,4.38,358.9,10.84,33.6,0,0.0,0,1.68,0,1.168,sintetico
2026-05-04 11:25:59.182982,-1.2,4.46,334.0,4.78,50.0,0,0.0,0,2.38,0,0.446,sintetico
2026-05-04 12:25:59.182982,1.77,2.58,370.3,8.97,67.8,0,0.0,0,1.46,0,1.028,sintetico
2026-05-04 13:25:59.182982,-0.13,3.88,404.5,6.49,126.0,0,0.0,0,0.74,0,0.888,sintetico
2026-05-04 14:25:59.182982,-21.96,23.61,612.2,20.34,44.9,0,0.0,4,7.82,3,6.374,sintetico
2026-05-04 15:25:59.182982,-3.34,4.58,300.0,25.4,213.0,0,0.0,0,1.54,0,1.912,sintetico
2026-05-04 16:25:59.182982,0.44,5.26,362.5,7.13,58.4,0,0.0,1,0.99,0,0.784,sintetico
2026-05-04 17:25:59.182982,-0.72,7.08,392.3,5.72,20.0,1,0.0,0,2.25,0,0.736,sintetico
2026-05-04 18:25:59.182982,-26.26,27.29,802.8,29.82,42.3,1,0.0,2,9.0,5,16.07,sintetico
2026-05-04 19:25:59.182982,-24.88,25.21,430.3,34.69,34.5,0,0.0,4,8.04,4,5.372,sintetico
2026-05-04 20:25:59.182982,5.01,5.45,324.5,24.14,59.2,0,0.0,0,2.19,0,2.126,sintetico
2026-05-04 21:25:59.182982,-1.78,4.76,387.7,10.7,68.7,0,0.0,1,1.63,0,1.345,sintetico
2026-05-04 22:25:59.182982,-16.94,16.94,646.2,21.45,43.9,1,0.0,2,8.45,4,7.49,sintetico
2026-05-04 23:25:59.182982,7.62,8.55,360.9,3.06,67.3,0,0.0,1,1.33,0,0.4,sintetico
2026-05-05 00:25:59.182982,-8.32,9.3,625.0,13.66,35.4,1,0.0,3,5.98,1,4.461,sintetico
2026-05-05 01:25:59.182982,-2.43,4.17,423.2,17.82,110.8,0,0.0,1,1.32,0,2.67,sintetico
2026-05-05 02:25:59.182982,-0.7,4.69,349.9,16.97,65.5,0,0.0,0,0.88,0,1.737,sintetico
2026-05-05 03:25:59.182982,7.55,8.02,390.5,4.3,30.4,0,0.0,0,1.28,0,0.549,sintetico
2026-05-05 04:25:59.182982,5.68,6.75,378.3,32.19,59.8,0,0.0,0,2.31,0,3.852,sintetico
2026-05-05 05:25:59.182982,1.83,2.76,404.5,14.85,29.8,0,0.0,0,1.07,0,2.032,sintetico
2026-05-05 06:25:59.182982,-29.38,29.98,623.5,3.89,108.5,1,0.0,3,9.0,5,1.265,sintetico
2026-05-05 07:25:59.182982,-0.38,1.95,349.6,3.77,41.2,0,0.0,0,1.52,0,0.4,sintetico
2026-05-05 08:25:59.182982,0.48,1.8,409.2,8.05,41.9,0,0.0,0,1.59,0,1.127,sintetico
2026-05-05 09:25:59.182982,-26.7,27.43,483.7,15.14,81.2,1,0.0,3,8.52,4,2.963,sintetico
2026-05-05 10:25:59.182982,6.6,6.95,323.8,6.13,40.6,0,0.0,0,1.28,0,0.537,sintetico
2026-05-05 11:25:59.182982,4.05,5.45,383.8,5.99,39.2,0,0.0,0,0.37,0,0.738,sintetico
2026-05-05 12:25:59.182982,-8.1,8.59,688.7,13.34,101.9,1,0.0,2,6.9,2,5.29,sintetico
2026-05-05 13:25:59.182982,-15.68,15.78,632.3,34.88,33.2,1,0.0,2,7.64,3,11.665,sintetico
2026-05-05 14:25:59.182982,4.66,9.38,362.5,5.47,65.4,1,0.0,0,2.57,0,0.601,sintetico
2026-05-05 15:25:59.182982,6.7,6.82,377.3,12.12,96.6,0,0.0,0,1.02,0,1.443,sintetico
2026-05-05 16:25:59.182982,-5.51,6.51,643.4,12.52,47.2,1,0.0,2,4.71,0,4.334,sintetico
2026-05-05 17:25:59.182982,4.54,4.8,421.5,5.47,56.9,0,0.0,0,0.66,0,0.813,sintetico
2026-05-05 18:25:59.182982,-3.93,4.64,499.6,2.89,80.1,0,0.0,0,2.21,0,0.602,sintetico
2026-05-05 19:25:59.182982,5.01,5.7,362.6,15.55,25.1,0,0.0,1,2.18,0,1.709,sintetico
2026-05-05 20:25:59.182982,-17.89,18.04,664.6,18.45,131.9,0,0.0,2,7.32,3,6.816,sintetico
2026-05-05 21:25:59.182982,-16.8,16.92,572.9,30.02,17.3,1,0.0,4,8.23,4,8.241,sintetico
2026-05-05 22:25:59.182982,-5.35,7.34,443.4,7.05,188.4,0,0.0,1,3.0,0,1.16,sintetico
2026-05-05 23:25:59.182982,3.85,7.08,342.4,27.32,77.9,0,0.0,0,1.83,0,2.678,sintetico
2026-05-06 00:25:59.182982,-18.39,19.17,656.9,45.16,26.8,1,0.0,2,8.15,4,16.297,sintetico
2026-05-06 01:25:59.182982,1.18,6.64,383.8,10.73,31.4,0,0.0,0,1.67,0,1.322,sintetico
2026-05-06 02:25:59.182982,4.35,8.66,340.9,6.84,68.5,0,0.0,0,0.48,0,0.665,sintetico
2026-05-06 03:25:59.182982,-24.3,24.95,777.5,27.84,27.7,0,0.0,2,9.0,5,14.071,sintetico
2026-05-06 04:25:59.182982,-6.03,10.29,366.6,8.11,37.8,0,0.0,0,2.45,0,0.912,sintetico
2026-05-06 05:25:59.182982,-3.31,3.41,361.2,8.42,68.5,0,0.0,0,1.41,0,0.918,sintetico
2026-05-06 06:25:59.182982,5.26,5.42,415.4,1.56,100.1,0,0.0,0,0.96,0,0.4,sintetico
2026-05-06 07:25:59.182982,-1.85,3.92,355.2,8.9,109.2,0,0.0,2,2.92,0,0.94,sintetico
2026-05-06 08:25:59.182982,-0.31,2.62,390.9,9.75,120.9,0,0.0,1,3.27,0,1.246,sintetico
2026-05-06 09:25:59.182982,8.65,10.48,312.4,6.51,104.6,0,0.0,0,1.05,0,0.531,sintetico
2026-05-06 10:25:59.182982,2.58,6.68,479.9,2.49,350.0,0,0.0,0,1.34,0,0.479,sintetico
2026-05-06 11:25:59.182982,0.38,1.59,260.2,21.77,218.6,0,0.0,0,1.29,0,1.232,sintetico
2026-05-06 12:25:59.182982,-5.34,8.82,431.6,19.12,22.9,0,0.0,1,2.53,0,2.978,sintetico
2026-05-06 13:25:59.182982,-1.71,7.35,334.7,20.78,44.5,0,0.0,2,3.24,0,1.946,sintetico
2026-05-06 14:25:59.182982,1.87,4.38,416.7,9.64,74.8,1,0.0,0,0.45,0,1.4,sintetico
2026-05-06 15:25:59.182982,-19.81,20.38,822.0,11.74,25.2,1,0.0,4,9.0,5,6.635,sintetico
2026-05-06 16:25:59.182982,-24.87,25.6,667.4,33.02,37.5,1,0.0,3,9.0,5,12.299,sintetico
2026-05-06 17:25:59.182982,6.36,8.61,413.7,17.93,33.6,0,0.0,0,0.96,0,2.567,sintetico
2026-05-06 18:25:59.182982,5.88,6.23,381.5,4.47,39.3,0,0.0,0,1.11,0,0.544,sintetico
2026-05-06 19:25:59.182982,1.17,7.41,384.3,12.0,41.8,0,0.0,0,1.22,0,1.483,sintetico
2026-05-06 20:25:59.182982,-0.93,8.14,345.3,8.32,53.6,1,0.0,0,1.95,0,0.829,sintetico
2026-05-06 21:25:59.182982,1.62,5.4,387.6,24.42,109.0,0,0.0,1,1.97,0,3.067,sintetico
2026-05-06 22:25:59.182982,-4.24,5.1,458.0,20.84,77.5,0,0.0,0,2.91,0,3.656,sintetico
2026-05-06 23:25:59.182982,-17.97,18.0,691.2,17.7,71.2,1,0.0,2,7.73,3,7.069,sintetico
2026-05-07 00:25:59.182982,-23.55,23.97,591.5,10.14,35.2,1,0.0,2,8.4,4,2.967,sintetico
2026-05-07 01:25:59.182982,-3.82,12.98,411.2,26.09,81.7,0,0.0,1,2.39,0,3.688,sintetico
2026-05-07 02:25:59.182982,-13.65,13.74,678.4,14.25,18.5,1,0.0,3,7.35,3,5.485,sintetico
2026-05-07 03:25:59.182982,-3.03,3.21,379.9,22.8,59.9,0,0.0,0,2.3,0,2.752,sintetico
2026-05-07 04:25:59.182982,-0.93,5.51,384.9,3.16,69.8,0,0.0,0,1.64,0,0.4,sintetico
2026-05-07 05:25:59.182982,-26.8,28.07,695.7,50.57,236.5,1,0.0,2,9.0,5,20.469,sintetico
2026-05-07 06:25:59.182982,3.78,7.63,400.9,6.47,89.5,0,0.0,0,0.42,0,0.87,sintetico
2026-05-07 07:25:59.182982,-2.8,9.13,416.6,12.99,20.2,0,0.0,0,2.26,0,1.885,sintetico
2026-05-07 08:25:59.182982,0.35,1.56,409.6,24.18,108.9,0,0.0,0,0.68,0,3.392,sintetico
2026-05-07 09:25:59.182982,-10.15,11.03,681.0,17.13,27.8,0,0.0,2,5.61,1,6.644,sintetico
2026-05-07 10:25:59.182982,2.85,3.71,384.2,7.25,78.5,1,0.0,0,1.38,0,0.895,sintetico
2026-05-07 11:25:59.182982,-21.62,21.9,617.5,44.14,82.8,1,0.0,3,9.0,5,14.078,sintetico
2026-05-07 12:25:59.182982,-27.96,27.99,702.7,17.43,80.2,1,0.0,3,9.0,5,7.198,sintetico
2026-05-07 13:25:59.182982,-2.2,2.85,433.4,20.04,73.6,0,0.0,0,1.9,0,3.149,sintetico
2026-05-07 14:25:59.182982,-26.67,27.74,550.8,7.11,39.7,1,0.0,3,9.0,5,1.804,sintetico
2026-05-07 15:25:59.182982,3.37,4.8,434.2,4.51,108.2,1,0.0,1,3.57,0,0.711,sintetico
2026-05-07 16:25:59.182982,1.25,7.63,368.7,15.39,74.3,0,0.0,1,1.68,0,1.75,sintetico
2026-05-07 17:25:59.182982,0.94,4.76,345.0,12.15,99.7,0,0.0,1,3.0,0,1.209,sintetico
2026-05-07 18:25:59.182982,0.77,3.03,318.1,21.59,89.7,0,0.0,1,1.77,0,1.826,sintetico
2026-05-07 19:25:59.182982,-3.32,5.41,453.4,5.16,57.4,0,0.0,0,1.63,0,0.887,sintetico
2026-05-07 20:25:59.182982,-10.12,10.12,758.5,22.77,49.2,0,0.0,3,5.72,1,10.956,sintetico
2026-05-07 21:25:59.182982,-17.17,17.39,779.7,8.11,21.2,1,0.0,4,9.0,5,4.121,sintetico
2026-05-07 22:25:59.182982,-0.26,2.77,298.2,10.01,29.2,0,0.0,0,1.29,0,0.745,sintetico
2026-05-07 23:25:59.182982,-2.67,2.91,335.4,17.82,49.9,0,0.0,0,1.87,0,1.677,sintetico
2026-05-08 00:25:59.182982,-20.47,20.48,619.8,45.9,87.9,1,0.0,2,8.22,4,14.748,sintetico
2026-05-08 01:25:59.182982,1.54,3.37,383.6,8.71,108.9,0,0.0,0,0.97,0,1.072,sintetico
2026-05-08 02:25:59.182982,-0.75,3.17,383.0,10.45,45.4,0,0.0,0,1.04,0,1.282,sintetico
2026-05-08 03:25:59.182982,-8.69,8.76,682.4,13.69,16.4,1,0.0,2,4.93,0,5.333,sintetico
2026-05-08 04:25:59.182982,-6.37,7.31,739.0,19.08,19.0,1,0.0,3,6.65,2,8.713,sintetico
2026-05-08 05:25:59.182982,0.83,5.86,389.3,6.42,111.3,0,0.0,1,1.3,0,0.814,sintetico
2026-05-08 06:25:59.182982,-19.46,19.64,705.6,17.3,77.6,0,0.0,3,8.89,4,7.204,sintetico
2026-05-08 07:25:59.182982,-16.25,17.02,772.6,22.12,27.7,1,0.0,2,7.79,3,11.043,sintetico
2026-05-08 08:25:59.182982,2.69,3.19,350.2,11.62,141.6,0,0.0,1,0.0,0,1.192,sintetico
2026-05-08 09:25:59.182982,-0.68,5.27,366.0,2.87,222.9,0,0.0,2,2.71,0,0.4,sintetico
2026-05-08 10:25:59.182982,-11.0,11.23,766.4,21.65,66.1,0,0.0,2,6.55,2,10.632,sintetico
2026-05-08 11:25:59.182982,2.41,3.09,406.3,6.73,58.3,0,0.0,1,1.64,0,0.929,sintetico
2026-05-08 12:25:59.182982,2.55,8.57,406.1,14.17,24.2,1,0.0,1,2.35,0,1.954,sintetico
2026-05-08 13:25:59.182982,-19.14,20.08,726.6,19.65,18.5,0,0.0,2,6.74,2,8.676,sintetico
2026-05-08 14:25:59.182982,-14.85,16.38,674.4,17.7,59.0,0,0.0,2,5.95,1,6.731,sintetico
2026-05-08 15:25:59.182982,4.68,7.03,495.7,8.56,76.8,0,0.0,0,2.24,0,1.759,sintetico
2026-05-08 16:25:59.182982,5.59,5.62,388.9,7.94,80.8,0,0.0,1,0.97,0,1.005,sintetico
2026-05-08 17:25:59.182982,4.97,8.18,347.0,6.85,281.9,0,0.0,2,1.73,0,0.689,sintetico
2026-05-08 18:25:59.182982,-9.31,13.55,595.6,21.12,67.2,0,0.0,3,5.43,1,6.267,sintetico
2026-05-08 19:25:59.182982,-21.19,22.0,653.3,22.21,37.1,1,0.0,3,9.0,5,7.925,sintetico
2026-05-08 20:25:59.182982,-22.68,23.4,548.1,16.7,32.7,1,0.0,3,9.0,5,4.195,sintetico
2026-05-08 21:25:59.182982,0.67,6.98,321.1,10.24,39.9,0,0.0,0,1.15,0,0.883,sintetico
2026-05-08 22:25:59.182982,2.53,5.31,484.6,6.64,69.7,0,0.0,0,0.83,0,1.305,sintetico
2026-05-08 23:25:59.182982,0.02,6.65,433.4,12.18,123.4,0,0.0,0,1.53,0,1.913,sintetico
2026-05-09 00:25:59.182982,-9.84,10.48,640.4,23.0,89.6,0,0.0,4,6.93,2,7.89,sintetico
2026-05-09 01:25:59.182982,-5.31,6.62,310.4,23.08,23.9,0,0.0,2,3.91,0,1.86,sintetico
2026-05-09 02:25:59.182982,4.78,7.19,380.6,9.6,73.7,0,0.0,0,0.99,0,1.164,sintetico
2026-05-09 03:25:59.182982,-25.47,25.93,684.5,22.4,58.3,1,0.0,2,9.0,5,8.776,sintetico
2026-05-09 04:25:59.182982,-3.32,6.27,744.5,11.04,50.7,0,0.0,2,4.98,0,5.119,sintetico
2026-05-09 05:25:59.182982,-8.17,11.22,616.5,47.49,98.7,1,0.0,4,6.69,2,15.091,sintetico
2026-05-09 06:25:59.182982,-1.19,1.62,350.9,12.62,32.5,0,0.0,2,1.3,0,1.3,sintetico
2026-05-09 07:25:59.182982,3.61,6.22,342.4,8.1,178.0,0,0.0,0,1.76,0,0.794,sintetico
2026-05-09 08:25:59.182982,-0.35,5.49,329.2,12.88,65.8,0,0.0,0,0.32,0,1.167,sintetico
2026-05-09 09:25:59.182982,3.88,5.35,438.2,11.81,54.5,0,0.0,0,1.08,0,1.896,sintetico
2026-05-09 10:25:59.182982,-1.79,6.51,401.2,5.35,180.0,0,0.0,1,1.07,0,0.72,sintetico
2026-05-09 11:25:59.182982,-14.09,14.26,554.1,8.69,108.2,1,0.0,3,7.46,3,2.232,sintetico
2026-05-09 12:25:59.182982,-23.87,24.01,582.9,15.62,20.0,1,0.0,4,9.0,5,4.437,sintetico
2026-05-09 13:25:59.182982,0.93,1.54,360.6,6.35,11.1,0,0.0,0,1.39,0,0.691,sintetico
2026-05-09 14:25:59.182982,-15.53,15.67,480.9,17.56,24.5,1,0.0,2,6.78,2,3.396,sintetico
2026-05-09 15:25:59.182982,0.85,5.51,337.0,32.52,84.7,0,0.0,0,1.26,0,3.089,sintetico
2026-05-09 16:25:59.182982,-0.61,4.25,327.8,10.18,177.9,0,0.0,0,0.49,0,0.914,sintetico
2026-05-09 17:25:59.182982,-10.59,11.72,633.4,36.07,93.3,1,0.0,2,5.92,1,12.102,sintetico
2026-05-09 18:25:59.182982,1.26,10.99,316.9,12.24,34.5,0,0.0,1,1.82,0,1.028,sintetico
2026-05-09 19:25:59.182982,-21.69,22.65,651.9,5.58,55.1,1,0.0,2,7.85,3,1.984,sintetico
2026-05-09 20:25:59.182982,7.43,8.44,368.2,3.9,55.5,0,0.0,1,1.68,0,0.442,sintetico
2026-05-09 21:25:59.182982,1.56,5.2,390.8,9.9,115.1,0,0.0,0,1.89,0,1.264,sintetico
2026-05-09 22:25:59.182982,6.49,8.89,309.9,13.12,143.4,0,0.0,1,1.31,0,1.053,sintetico
2026-05-09 23:25:59.182982,4.31,4.62,392.9,20.62,33.4,0,0.0,0,0.93,0,2.663,sintetico
2026-05-10 00:25:59.182982,-2.04,2.59,450.1,1.14,53.5,0,0.0,0,2.63,0,0.4,sintetico
2026-05-10 01:25:59.182982,-5.76,6.28,459.1,7.15,63.1,0,0.0,2,3.98,0,1.261,sintetico
2026-05-10 02:25:59.182982,-12.52,12.57,716.8,37.53,38.4,1,0.0,2,6.59,2,16.127,sintetico
2026-05-10 03:25:59.182982,-6.55,6.79,340.9,7.96,144.3,0,0.0,1,3.8,0,0.774,sintetico
2026-05-10 04:25:59.182982,2.0,3.4,477.3,11.1,46.8,0,0.0,0,2.27,0,2.114,sintetico
2026-05-10 05:25:59.182982,-17.58,17.66,701.5,24.99,89.8,0,0.0,2,6.85,2,10.282,sintetico
2026-05-10 06:25:59.182982,-2.1,4.47,321.7,8.9,48.8,0,0.0,0,2.21,0,0.771,sintetico
2026-05-10 07:25:59.182982,-20.26,20.41,646.7,10.9,53.3,0,0.0,2,7.34,3,3.811,sintetico
2026-05-10 08:25:59.182982,-2.45,4.82,423.5,16.78,122.5,0,0.0,2,3.16,0,2.517,sintetico
2026-05-10 09:25:59.182982,-0.29,7.58,369.6,4.32,33.1,0,0.0,0,0.21,0,0.493,sintetico
2026-05-10 10:25:59.182982,1.12,2.78,439.3,15.62,21.2,0,0.0,0,1.71,0,2.522,sintetico
2026-05-10 11:25:59.182982,-2.74,7.01,428.2,30.28,87.5,0,0.0,0,3.27,0,4.642,sintetico
2026-05-10 12:25:59.182982,-3.23,4.73,629.1,36.26,93.1,1,0.0,3,5.79,1,12.003,sintetico
2026-05-10 13:25:59.182982,-0.32,2.82,327.4,11.0,53.0,0,0.0,0,1.52,0,0.986,sintetico
2026-05-10 14:25:59.182982,0.92,9.44,344.0,8.82,105.6,0,0.0,0,0.74,0,0.873,sintetico
2026-05-10 15:25:59.182982,-0.2,8.4,368.5,6.23,83.0,0,0.0,0,1.28,0,0.708,sintetico
2026-05-10 16:25:59.182982,-0.17,2.24,402.7,10.71,33.1,1,0.0,0,2.99,0,1.452,sintetico
2026-05-10 17:25:59.182982,-22.23,22.33,757.3,43.1,72.3,1,0.0,2,9.0,5,20.672,sintetico
2026-05-10 18:25:59.182982,-10.99,12.68,644.2,26.67,193.2,1,0.0,2,5.96,1,9.255,sintetico
2026-05-10 19:25:59.182982,0.51,4.97,309.3,27.68,69.0,0,0.0,0,1.75,0,2.215,sintetico
2026-05-10 20:25:59.182982,6.42,9.22,387.6,7.41,34.5,0,0.0,0,1.94,0,0.931,sintetico
2026-05-10 21:25:59.182982,-25.32,25.57,567.4,4.9,159.2,1,0.0,2,9.0,5,1.319,sintetico
2026-05-10 22:25:59.182982,-5.89,9.77,347.7,7.96,81.0,0,0.0,1,2.66,0,0.804,sintetico
2026-05-10 23:25:59.182982,8.94,9.09,415.8,12.58,38.0,0,0.0,0,1.57,0,1.819,sintetico
2026-05-11 00:25:59.182982,-0.82,3.97,371.5,5.73,31.5,1,0.0,0,1.85,0,0.662,sintetico
2026-05-11 01:25:59.182982,-0.57,4.49,355.7,14.75,36.5,0,0.0,0,1.36,0,1.56,sintetico
2026-05-11 02:25:59.182982,-20.65,21.56,620.0,14.57,57.8,1,0.0,3,9.0,5,4.686,sintetico
2026-05-11 03:25:59.182982,3.51,6.21,364.7,16.44,95.9,0,0.0,0,1.93,0,1.829,sintetico
2026-05-11 04:25:59.182982,-27.13,27.29,671.5,9.05,53.5,1,0.0,2,9.0,5,3.413,sintetico
2026-05-11 05:25:59.182982,2.24,5.8,303.0,7.33,141.1,0,0.0,0,0.34,0,0.563,sintetico
2026-05-11 06:25:59.182982,0.46,1.52,303.1,26.8,33.2,0,0.0,0,1.49,0,2.059,sintetico
2026-05-11 07:25:59.182982,11.35,12.73,720.7,11.89,39.3,0,0.0,2,3.51,0,5.163,sintetico
2026-05-11 08:25:59.182982,-23.48,23.54,602.0,49.23,40.9,0,0.0,4,9.0,5,14.919,sintetico
2026-05-11 09:25:59.182982,-11.53,13.16,517.9,45.34,45.7,0,0.0,2,5.5,1,10.169,sintetico
2026-05-11 10:25:59.182982,1.06,8.8,452.4,12.69,34.9,0,0.0,0,0.89,0,2.172,sintetico
2026-05-11 11:25:59.182982,2.57,7.01,430.3,7.94,170.8,0,0.0,1,1.74,0,1.23,sintetico
2026-05-11 12:25:59.182982,-1.39,1.43,427.0,4.49,77.8,0,0.0,0,1.1,0,0.685,sintetico
2026-05-11 13:25:59.182982,-1.44,3.78,323.9,5.29,23.9,1,0.0,0,1.66,0,0.465,sintetico
2026-05-11 14:25:59.182982,2.36,5.44,385.8,4.16,168.6,0,0.0,0,1.99,0,0.517,sintetico
2026-05-11 15:25:59.182982,-20.73,21.03,670.3,11.17,168.8,1,0.0,2,8.28,4,4.199,sintetico
2026-05-11 16:25:59.182982,-6.46,6.54,623.4,6.53,36.9,0,0.0,2,4.45,0,2.121,sintetico
2026-05-11 17:25:59.182982,-0.83,1.36,358.7,6.36,44.1,0,0.0,0,1.25,0,0.684,sintetico
2026-05-11 18:25:59.182982,-20.57,20.58,641.3,29.36,96.7,1,0.0,4,9.0,5,10.099,sintetico
2026-05-11 19:25:59.182982,-9.83,10.07,571.0,24.44,60.0,0,0.0,3,5.05,1,6.665,sintetico
2026-05-11 20:25:59.182982,-9.95,10.92,648.2,17.75,51.1,0,0.0,3,4.83,0,6.238,sintetico
2026-05-11 21:25:59.182982,-1.42,6.3,389.9,10.87,26.0,0,0.0,1,1.79,0,1.382,sintetico
2026-05-11 22:25:59.182982,-17.74,19.25,684.1,22.15,69.3,1,0.0,2,8.07,4,8.67,sintetico
2026-05-11 23:25:59.182982,-11.26,11.33,560.9,19.49,71.0,1,0.0,3,7.16,3,5.13,sintetico
2026-05-12 00:25:59.182982,-0.06,4.88,378.2,16.17,184.2,0,0.0,0,0.81,0,1.934,sintetico
2026-05-12 01:25:59.182982,-2.53,5.03,383.3,2.61,93.3,0,0.0,0,1.36,0,0.4,sintetico
2026-05-12 02:25:59.182982,-2.43,3.89,361.6,5.35,109.7,0,0.0,0,2.14,0,0.585,sintetico
2026-05-12 03:25:59.182982,-6.64,9.18,359.3,2.71,59.8,0,0.0,0,3.31,0,0.4,sintetico
2026-05-12 04:25:59.182982,5.89,6.06,373.2,56.93,26.6,0,0.0,0,0.92,0,6.632,sintetico
2026-05-12 05:25:59.182982,-1.04,8.57,422.2,4.62,136.0,0,0.0,0,1.48,0,0.689,sintetico
2026-05-12 06:25:59.182982,-20.99,21.2,635.3,14.56,26.8,0,0.0,3,7.86,3,4.914,sintetico
2026-05-12 07:25:59.182982,-0.18,2.92,440.0,104.54,130.2,0,0.0,0,2.95,0,16.928,sintetico
2026-05-12 08:25:59.182982,2.21,3.16,323.2,6.21,83.3,0,0.0,0,1.47,0,0.543,sintetico
2026-05-12 09:25:59.182982,1.8,11.91,385.8,6.49,30.6,0,0.0,0,1.5,0,0.808,sintetico
2026-05-12 10:25:59.182982,4.44,7.25,397.3,2.01,13.2,0,0.0,0,0.95,0,0.4,sintetico
2026-05-12 11:25:59.182982,-1.49,2.34,386.6,2.48,26.7,1,0.0,0,0.94,0,0.4,sintetico
2026-05-12 12:25:59.182982,-15.49,15.55,594.5,27.13,223.8,1,0.0,3,7.82,3,8.019,sintetico
2026-05-12 13:25:59.182982,-19.43,21.2,559.0,15.19,26.1,1,0.0,4,7.93,3,3.97,sintetico
2026-05-12 14:25:59.182982,-23.81,23.91,691.6,8.07,23.5,1,0.0,2,8.9,4,3.228,sintetico
2026-05-12 15:25:59.182982,-6.74,8.44,679.2,9.43,16.9,1,0.0,3,5.95,1,3.638,sintetico
2026-05-12 16:25:59.182982,-14.96,15.28,584.2,22.9,39.9,0,0.0,2,6.66,2,6.538,sintetico
2026-05-12 17:25:59.182982,3.94,6.95,333.8,3.42,63.1,0,0.0,1,1.07,0,0.4,sintetico
2026-05-12 18:25:59.182982,-13.76,14.24,596.2,8.3,122.3,0,0.0,2,5.0,0,2.468,sintetico
2026-05-12 19:25:59.182982,2.45,5.94,327.7,2.23,105.4,0,0.0,0,0.81,0,0.4,sintetico
2026-05-12 20:25:59.182982,1.26,1.72,455.7,17.46,68.9,0,0.0,2,2.26,0,3.032,sintetico
2026-05-12 21:25:59.182982,-38.28,38.33,675.6,2.04,101.4,1,0.0,2,9.0,5,0.778,sintetico
2026-05-12 22:25:59.182982,6.42,9.49,379.2,5.08,54.3,0,0.0,1,0.26,0,0.611,sintetico
2026-05-12 23:25:59.182982,-0.77,4.29,427.7,6.57,54.5,0,0.0,1,0.99,0,1.005,sintetico
2026-05-13 00:25:59.182982,-0.99,1.39,492.0,3.28,77.7,0,0.0,2,3.09,0,0.663,sintetico
2026-05-13 01:25:59.182982,-14.04,14.1,553.7,19.26,91.4,1,0.0,3,7.55,3,4.938,sintetico
2026-05-13 02:25:59.182982,-11.66,12.61,673.0,55.32,33.6,1,0.0,2,7.43,3,20.955,sintetico
2026-05-13 03:25:59.182982,3.71,4.98,418.6,18.91,126.1,0,0.0,0,1.68,0,2.771,sintetico
2026-05-13 04:25:59.182982,-22.53,22.92,689.0,17.56,10.0,0,0.0,2,8.62,4,6.972,sintetico
2026-05-13 05:25:59.182982,-12.65,13.19,683.5,6.29,63.0,1,0.0,2,6.88,2,2.456,sintetico
2026-05-13 06:25:59.182982,-25.75,25.9,780.1,17.04,56.0,1,0.0,2,9.0,5,8.672,sintetico
2026-05-13 07:25:59.182982,-0.57,4.37,313.3,12.93,350.0,0,0.0,1,0.38,0,1.061,sintetico
2026-05-13 08:25:59.182982,1.05,3.86,350.0,26.58,44.7,0,0.0,2,2.11,0,2.724,sintetico
2026-05-13 09:25:59.182982,-14.31,14.33,667.6,9.92,99.2,0,0.0,4,7.64,3,3.699,sintetico
2026-05-13 10:25:59.182982,-0.84,4.68,460.1,16.92,204.4,0,0.0,0,1.27,0,2.994,sintetico
2026-05-13 11:25:59.182982,-2.8,8.1,353.1,17.14,146.5,0,0.0,0,1.63,0,1.787,sintetico
2026-05-13 12:25:59.182982,-31.08,31.35,764.1,3.8,33.1,1,0.0,2,9.0,5,1.855,sintetico
2026-05-13 13:25:59.182982,1.64,6.83,398.0,10.68,31.5,0,0.0,0,1.28,0,1.416,sintetico
2026-05-13 14:25:59.182982,-14.95,16.17,530.3,18.73,33.8,1,0.0,2,6.42,2,4.405,sintetico
2026-05-13 15:25:59.182982,-5.64,7.11,411.3,15.78,46.5,0,0.0,0,2.19,0,2.232,sintetico
2026-05-13 16:25:59.182982,-1.73,2.84,429.8,14.15,166.7,0,0.0,0,2.66,0,2.186,sintetico
2026-05-13 17:25:59.182982,-19.52,19.88,563.5,18.34,74.5,0,0.0,3,7.14,3,4.869,sintetico
2026-05-13 18:25:59.182982,-28.38,28.51,492.7,6.83,38.2,1,0.0,3,8.8,4,1.387,sintetico
2026-05-13 19:25:59.182982,-13.01,14.56,646.7,27.98,65.6,1,0.0,2,5.86,1,9.786,sintetico
2026-05-13 20:25:59.182982,0.62,3.82,431.4,6.49,37.8,0,0.0,0,0.0,0,1.01,sintetico
2026-05-13 21:25:59.182982,-1.07,7.03,342.3,8.86,182.9,0,0.0,0,0.82,0,0.868,sintetico
2026-05-13 22:25:59.182982,7.06,8.88,410.3,20.07,107.9,0,0.0,1,1.92,0,2.826,sintetico
2026-05-13 23:25:59.182982,-7.07,7.83,649.6,18.3,37.8,1,0.0,4,6.53,2,6.46,sintetico
2026-05-14 00:25:59.182982,2.87,6.94,389.4,9.54,48.9,0,0.0,1,2.14,0,1.209,sintetico
2026-05-14 01:25:59.182982,6.19,7.19,436.5,7.25,166.1,0,0.0,1,0.82,0,1.155,sintetico
2026-05-14 02:25:59.182982,9.85,12.1,392.1,23.62,71.9,0,0.0,0,1.1,0,3.037,sintetico
2026-05-14 03:25:59.182982,3.65,7.64,363.0,10.51,23.9,0,0.0,0,0.99,0,1.158,sintetico
2026-05-14 04:25:59.182982,-6.54,7.83,383.6,7.01,49.0,0,0.0,0,2.96,0,0.863,sintetico
2026-05-14 05:25:59.182982,6.76,8.54,399.6,11.86,33.0,0,0.0,0,0.0,0,1.583,sintetico
2026-05-14 06:25:59.182982,2.24,5.03,382.2,5.47,134.6,0,0.0,0,0.62,0,0.669,sintetico
2026-05-14 07:25:59.182982,8.4,9.77,391.9,12.97,143.6,0,0.0,0,1.4,0,1.666,sintetico
2026-05-14 08:25:59.182982,-22.62,22.78,574.2,16.96,62.7,1,0.0,2,9.0,5,4.678,sintetico
2026-05-14 09:25:59.182982,0.37,7.12,271.3,26.26,190.0,0,0.0,0,0.0,0,1.616,sintetico
2026-05-14 10:25:59.182982,-28.31,28.44,735.2,35.51,43.6,0,0.0,3,9.0,5,16.052,sintetico
2026-05-14 11:25:59.182982,-11.43,13.77,719.0,37.37,21.9,0,0.0,3,6.27,2,16.156,sintetico
2026-05-14 12:25:59.182982,0.89,7.55,289.9,11.86,189.9,0,0.0,1,0.64,0,0.833,sintetico
2026-05-14 13:25:59.182982,8.24,9.17,369.1,3.93,101.3,0,0.0,0,0.93,0,0.447,sintetico
2026-05-14 14:25:59.182982,-0.47,5.89,351.6,3.68,13.2,0,0.0,1,2.02,0,0.4,sintetico
2026-05-14 15:25:59.182982,-13.1,16.99,776.6,27.63,277.0,1,0.0,3,8.05,4,13.934,sintetico
2026-05-14 16:25:59.182982,-9.85,10.21,647.5,33.29,25.3,0,0.0,2,5.99,1,11.671,sintetico
2026-05-14 17:25:59.182982,-3.93,6.77,426.6,10.82,81.1,0,0.0,1,3.64,0,1.647,sintetico
2026-05-14 18:25:59.182982,-0.46,6.02,415.7,22.27,50.5,0,0.0,1,1.27,0,3.219,sintetico
2026-05-14 19:25:59.182982,10.45,10.51,291.7,4.98,64.1,0,0.0,0,0.37,0,0.4,sintetico
2026-05-14 20:25:59.182982,0.47,6.72,444.3,8.58,15.0,0,0.0,0,1.61,0,1.416,sintetico
2026-05-14 21:25:59.182982,-1.5,4.84,336.2,3.53,115.9,0,0.0,0,1.12,0,0.4,sintetico
2026-05-14 22:25:59.182982,0.28,2.14,353.8,6.95,71.9,0,0.0,0,0.78,0,0.728,sintetico
2026-05-14 23:25:59.182982,1.23,5.0,416.2,16.69,246.2,0,0.0,1,2.0,0,2.418,sintetico
2026-05-15 00:25:59.182982,-23.83,24.6,690.9,9.49,230.1,1,0.0,2,8.05,4,3.79,sintetico
2026-05-15 01:25:59.182982,-4.02,4.98,414.2,5.54,40.1,0,0.0,0,1.38,0,0.795,sintetico
2026-05-15 02:25:59.182982,9.19,10.19,454.1,18.64,55.8,0,0.0,0,1.49,0,3.215,sintetico
2026-05-15 03:25:59.182982,-0.39,2.51,312.9,9.26,31.1,0,0.0,0,1.31,0,0.758,sintetico
2026-05-15 04:25:59.182982,1.09,1.36,429.3,16.65,58.3,0,0.0,0,0.65,0,2.566,sintetico
2026-05-15 05:25:59.182982,-4.12,6.32,402.4,6.65,28.1,0,0.0,0,2.19,0,0.901,sintetico
2026-05-15 06:25:59.182982,0.69,7.07,323.2,13.78,273.7,0,0.0,1,0.22,0,1.204,sintetico
2026-05-15 07:25:59.182982,0.03,1.35,384.3,5.3,113.0,0,0.0,0,0.89,0,0.655,sintetico
2026-05-15 08:25:59.182982,-5.23,5.97,368.9,12.02,215.5,0,0.0,1,2.64,0,1.367,sintetico
2026-05-15 09:25:59.182982,-16.29,17.98,739.2,10.96,76.5,1,0.0,2,7.39,3,5.007,sintetico
2026-05-15 10:25:59.182982,-0.65,2.45,403.4,9.31,18.9,0,0.0,1,1.92,0,1.267,sintetico
2026-05-15 11:25:59.182982,-2.18,2.37,330.0,16.33,34.8,0,0.0,0,1.54,0,1.488,sintetico
2026-05-15 12:25:59.182982,5.39,5.48,348.3,12.35,22.9,0,0.0,0,0.91,0,1.253,sintetico
2026-05-15 13:25:59.182982,-23.77,24.29,638.6,28.97,198.0,0,0.0,2,7.57,3,9.88,sintetico
2026-05-15 14:25:59.182982,-18.28,19.41,623.2,12.38,77.7,0,0.0,2,7.27,3,4.023,sintetico
2026-05-15 15:25:59.182982,-3.33,4.75,399.9,9.14,86.6,0,0.0,1,3.04,0,1.222,sintetico
2026-05-15 16:25:59.182982,3.03,8.66,297.7,10.14,43.3,0,0.0,2,1.47,0,0.752,sintetico
2026-05-15 17:25:59.182982,-6.54,8.3,648.5,19.37,274.2,1,0.0,2,5.77,1,6.811,sintetico
2026-05-15 18:25:59.182982,0.09,7.07,603.1,20.67,59.6,1,0.0,3,4.15,0,6.289,sintetico
2026-05-15 19:25:59.182982,-1.09,6.81,381.8,17.93,84.8,0,0.0,0,1.64,0,2.185,sintetico
2026-05-15 20:25:59.182982,-0.33,1.05,370.0,17.41,88.4,0,0.0,1,0.85,0,1.992,sintetico
2026-05-15 21:25:59.182982,-3.61,7.41,388.3,14.11,60.6,0,0.0,1,2.68,0,1.779,sintetico
2026-05-15 22:25:59.182982,-27.32,27.91,739.2,10.91,98.6,1,0.0,3,9.0,5,4.985,sintetico
2026-05-15 23:25:59.182982,-0.23,4.99,446.5,12.71,55.5,0,0.0,0,1.4,0,2.119,sintetico
2026-05-16 00:25:59.182982,-25.66,25.72,640.3,39.51,50.0,1,0.0,3,9.0,5,13.544,sintetico
2026-05-16 01:25:59.182982,-13.63,13.81,837.3,22.03,64.1,0,0.0,3,7.3,3,12.917,sintetico
2026-05-16 02:25:59.182982,4.33,6.58,398.8,4.29,197.5,0,0.0,1,1.2,0,0.57,sintetico
2026-05-16 03:25:59.182982,3.79,3.99,384.4,10.97,110.4,0,0.0,0,1.05,0,1.356,sintetico
2026-05-16 04:25:59.182982,7.04,7.43,352.2,8.09,42.6,0,0.0,0,1.4,0,0.839,sintetico
2026-05-16 05:25:59.182982,-28.66,28.89,660.5,16.92,247.0,0,0.0,4,9.0,5,6.171,sintetico
2026-05-16 06:25:59.182982,-2.07,3.72,374.9,9.22,139.6,0,0.0,0,1.09,0,1.084,sintetico
2026-05-16 07:25:59.182982,-12.29,12.87,638.9,28.94,143.1,1,0.0,4,7.77,3,9.88,sintetico
2026-05-16 08:25:59.182982,0.26,3.85,324.8,3.87,35.0,0,0.0,2,1.53,0,0.4,sintetico
2026-05-16 09:25:59.182982,3.69,6.25,370.7,12.91,32.4,0,0.0,0,0.35,0,1.484,sintetico
2026-05-16 10:25:59.182982,-14.14,14.71,587.7,28.52,67.9,0,0.0,2,5.92,1,8.238,sintetico
2026-05-16 11:25:59.182982,-15.89,16.29,406.8,16.66,65.1,0,0.0,1,4.8,0,2.305,sintetico
2026-05-16 12:25:59.182982,0.7,4.39,466.9,12.06,72.6,0,0.0,0,1.45,0,2.198,sintetico
2026-05-16 13:25:59.182982,-9.95,10.76,678.9,7.33,84.0,0,0.0,2,5.66,1,2.826,sintetico
2026-05-16 14:25:59.182982,-3.34,6.69,418.6,8.74,68.4,0,0.0,0,2.83,0,1.28,sintetico
2026-05-16 15:25:59.182982,0.53,10.33,385.0,7.42,71.0,0,0.0,0,1.2,0,0.92,sintetico
2026-05-16 16:25:59.182982,-1.66,4.11,295.3,4.68,33.2,1,0.0,2,2.72,0,0.4,sintetico
2026-05-16 17:25:59.182982,-7.38,7.79,369.1,8.14,99.3,0,0.0,0,3.01,0,0.927,sintetico
2026-05-16 18:25:59.182982,3.58,5.3,430.6,25.37,35.7,0,0.0,0,2.03,0,3.935,sintetico
2026-05-16 19:25:59.182982,-38.14,38.6,650.4,20.43,149.9,1,0.0,3,9.0,5,7.228,sintetico
2026-05-16 20:25:59.182982,-9.26,10.17,676.7,2.83,34.7,0,0.0,4,4.88,0,1.086,sintetico
2026-05-16 21:25:59.182982,1.54,9.06,425.7,15.1,72.9,0,0.0,0,2.32,0,2.289,sintetico
2026-05-16 22:25:59.182982,-21.77,23.22,750.2,11.45,17.7,0,0.0,2,8.67,4,5.387,sintetico
2026-05-16 23:25:59.182982,-14.9,17.33,550.4,34.61,67.3,1,0.0,4,8.2,4,8.767,sintetico
2026-05-17 00:25:59.182982,-2.2,5.79,331.8,12.47,147.8,0,0.0,0,1.99,0,1.148,sintetico
2026-05-17 01:25:59.182982,-6.8,8.06,657.3,11.83,50.1,1,0.0,4,6.53,2,4.276,sintetico
2026-05-17 02:25:59.182982,4.13,11.11,330.2,5.21,38.3,0,0.0,1,1.76,0,0.475,sintetico
2026-05-17 03:25:59.182982,-11.47,13.5,557.3,24.11,41.9,0,0.0,2,5.15,1,6.262,sintetico
2026-05-17 04:25:59.182982,-3.18,5.58,586.3,22.09,46.4,1,0.0,3,4.58,0,6.349,sintetico
2026-05-17 05:25:59.182982,-3.0,4.92,312.9,10.31,38.3,0,0.0,0,1.8,0,0.844,sintetico
2026-05-17 06:25:59.182982,-9.38,11.89,653.3,39.34,75.7,0,0.0,2,5.58,1,14.038,sintetico
2026-05-17 07:25:59.182982,0.72,8.32,487.1,4.77,79.1,0,0.0,0,1.65,0,0.946,sintetico
2026-05-17 08:25:59.182982,-1.01,3.77,375.8,12.33,43.4,0,0.0,0,0.54,0,1.457,sintetico
2026-05-17 09:25:59.182982,-4.91,5.07,773.6,14.24,22.0,0,0.0,3,4.38,0,7.127,sintetico
2026-05-17 10:25:59.182982,4.96,7.43,377.5,4.74,33.0,0,0.0,0,0.04,0,0.564,sintetico
2026-05-17 11:25:59.182982,-5.1,5.74,419.3,21.5,180.2,1,0.0,0,4.07,0,3.16,sintetico
2026-05-17 12:25:59.182982,-5.34,5.38,410.6,5.92,54.3,0,0.0,1,3.18,0,0.835,sintetico
2026-05-17 13:25:59.182982,-3.21,5.48,613.0,34.79,87.1,0,0.0,4,4.95,0,10.932,sintetico
2026-05-17 14:25:59.182982,0.03,5.63,409.7,15.15,24.2,0,0.0,0,1.09,0,2.128,sintetico
2026-05-17 15:25:59.182982,-18.98,19.86,642.9,24.16,65.5,1,0.0,2,7.48,3,8.352,sintetico
2026-05-17 16:25:59.182982,-13.74,14.01,676.9,29.88,55.6,0,0.0,3,6.85,2,11.448,sintetico
2026-05-17 17:25:59.182982,-0.06,2.48,389.6,10.26,63.4,0,0.0,0,0.4,0,1.303,sintetico
2026-05-17 18:25:59.182982,-11.83,12.32,704.3,43.82,85.2,0,0.0,3,6.86,2,18.179,sintetico
2026-05-17 19:25:59.182982,-0.54,2.89,407.3,19.34,27.6,0,0.0,0,1.04,0,2.683,sintetico
2026-05-17 20:25:59.182982,-4.09,4.8,382.8,8.49,30.0,1,0.0,0,4.25,0,1.04,sintetico
2026-05-17 21:25:59.182982,-3.71,4.59,326.8,15.82,167.4,0,0.0,1,2.26,0,1.413,sintetico
2026-05-17 22:25:59.182982,-12.95,14.15,560.1,25.83,61.3,1,0.0,3,7.36,3,6.775,sintetico
2026-05-17 23:25:59.182982,5.1,5.14,378.5,15.71,168.2,0,0.0,1,1.06,0,1.882,sintetico
2026-05-18 00:25:59.182982,-21.66,21.83,759.4,24.06,143.1,1,0.0,2,9.0,5,11.604,sintetico
2026-05-18 01:25:59.182982,-20.05,20.16,525.6,24.26,18.8,1,0.0,2,7.77,3,5.605,sintetico
2026-05-18 02:25:59.182982,0.85,2.79,471.8,13.96,155.1,0,0.0,1,1.42,0,2.6,sintetico
2026-05-18 03:25:59.182982,-19.28,19.56,668.8,42.68,36.9,0,0.0,3,8.07,4,15.967,sintetico
2026-05-18 04:25:59.182982,6.97,8.1,390.3,24.5,41.9,0,0.0,0,0.96,0,3.12,sintetico
2026-05-18 05:25:59.182982,-15.45,15.88,651.7,42.12,101.0,0,0.0,3,6.63,2,14.962,sintetico
2026-05-18 06:25:59.182982,5.06,6.01,374.7,13.3,48.8,0,0.0,0,1.23,0,1.561,sintetico
2026-05-18 07:25:59.182982,7.02,10.12,369.6,6.7,75.2,0,0.0,1,1.59,0,0.766,sintetico
2026-05-18 08:25:59.182982,-20.61,21.45,548.9,39.68,66.0,1,0.0,2,8.42,4,9.998,sintetico
2026-05-18 09:25:59.182982,-14.18,14.53,658.4,27.43,119.4,0,0.0,2,5.88,1,9.945,sintetico
2026-05-18 10:25:59.182982,-22.23,23.03,672.0,16.38,216.8,1,0.0,2,8.88,4,6.185,sintetico
2026-05-18 11:25:59.182982,0.48,10.13,398.0,6.24,35.9,0,0.0,1,1.51,0,0.827,sintetico
2026-05-18 12:25:59.182982,1.66,7.19,665.2,9.85,144.4,1,0.0,4,4.8,0,3.647,sintetico
2026-05-18 13:25:59.182982,-3.31,3.73,343.4,16.05,56.3,0,0.0,1,1.6,0,1.583,sintetico
2026-05-18 14:25:59.182982,-27.4,28.09,756.3,19.25,29.0,1,0.0,3,9.0,5,9.21,sintetico
2026-05-18 15:25:59.182982,-9.09,10.01,491.4,7.51,23.1,0,0.0,2,4.74,0,1.517,sintetico
2026-05-18 16:25:59.182982,-0.65,5.42,390.6,19.48,143.3,0,0.0,1,3.57,0,2.486,sintetico
2026-05-18 17:25:59.182982,7.96,9.73,466.9,21.11,66.6,0,0.0,0,1.28,0,3.85,sintetico
2026-05-18 18:25:59.182982,-28.06,28.5,730.7,31.09,80.5,0,0.0,3,9.0,5,13.882,sintetico
2026-05-18 19:25:59.182982,-11.11,11.68,576.8,9.31,123.3,1,0.0,3,5.81,1,2.59,sintetico
2026-05-18 20:25:59.182982,-3.07,5.35,355.6,16.93,42.0,0,0.0,0,1.55,0,1.79,sintetico
2026-05-18 21:25:59.182982,1.63,3.31,426.6,9.67,25.2,0,0.0,0,1.4,0,1.472,sintetico
2026-05-18 22:25:59.182982,-0.29,2.83,384.1,7.92,169.6,0,0.0,1,1.62,0,0.977,sintetico
2026-05-18 23:25:59.182982,-1.24,3.84,400.4,15.34,108.8,0,0.0,0,1.94,0,2.057,sintetico
2026-05-19 00:25:59.182982,-16.52,16.56,568.0,16.38,19.8,1,0.0,3,6.37,2,4.42,sintetico
2026-05-19 01:25:59.182982,2.58,5.27,394.4,10.38,15.2,0,0.0,0,1.12,0,1.349,sintetico
2026-05-19 02:25:59.182982,-25.6,26.03,635.3,34.5,79.5,0,0.0,2,9.0,5,11.644,sintetico
2026-05-19 03:25:59.182982,-2.45,5.26,340.4,39.29,72.7,0,0.0,2,2.52,0,3.807,sintetico
2026-05-19 04:25:59.182982,0.5,6.54,376.0,7.34,69.9,0,0.0,2,2.23,0,0.868,sintetico
2026-05-19 05:25:59.182982,1.2,8.22,446.1,2.48,119.3,0,0.0,1,1.9,0,0.412,sintetico
2026-05-19 06:25:59.182982,-1.44,1.92,321.5,10.58,142.0,0,0.0,0,1.37,0,0.915,sintetico
2026-05-19 07:25:59.182982,1.59,3.82,332.7,8.14,63.7,0,0.0,0,1.54,0,0.753,sintetico
2026-05-19 08:25:59.182982,1.26,4.29,393.2,18.12,31.1,0,0.0,0,1.3,0,2.342,sintetico
2026-05-19 09:25:59.182982,0.63,7.69,342.1,9.45,84.9,0,0.0,1,1.07,0,0.925,sintetico
2026-05-19 10:25:59.182982,-20.41,21.78,653.7,11.06,69.7,0,0.0,4,8.94,4,3.952,sintetico
2026-05-19 11:25:59.182982,-2.98,3.63,680.0,6.05,155.0,1,0.0,3,4.6,0,2.341,sintetico
2026-05-19 12:25:59.182982,-3.26,5.87,301.9,9.58,71.9,0,0.0,0,0.98,0,0.73,sintetico
2026-05-19 13:25:59.182982,-15.41,15.89,649.6,26.78,74.4,0,0.0,4,7.46,3,9.452,sintetico
2026-05-19 14:25:59.182982,1.59,3.96,480.6,16.38,114.4,0,0.0,0,1.95,0,3.163,sintetico
2026-05-19 15:25:59.182982,-9.93,10.3,366.4,12.63,83.6,0,0.0,1,3.77,0,1.418,sintetico
2026-05-19 16:25:59.182982,-1.03,3.35,378.9,12.41,24.9,0,0.0,0,0.79,0,1.489,sintetico
2026-05-19 17:25:59.182982,5.61,6.22,387.9,4.33,107.9,0,0.0,0,1.14,0,0.545,sintetico
2026-05-19 18:25:59.182982,8.19,8.9,411.9,17.0,49.0,0,0.0,2,1.98,0,2.412,sintetico
2026-05-19 19:25:59.182982,-2.91,4.68,580.4,83.3,107.1,0,0.0,3,4.59,0,23.464,sintetico
2026-05-19 20:25:59.182982,-0.35,1.1,479.4,17.17,114.8,0,0.0,0,1.95,0,3.3,sintetico
2026-05-19 21:25:59.182982,-3.56,4.85,709.0,10.67,148.4,1,0.0,2,5.26,1,4.488,sintetico
2026-05-19 22:25:59.182982,-1.39,5.34,440.8,54.64,74.7,0,0.0,0,2.49,0,8.88,sintetico
2026-05-19 23:25:59.182982,4.36,4.43,457.1,6.46,92.1,0,0.0,1,1.61,0,1.129,sintetico
2026-05-20 00:25:59.182982,-6.06,6.75,641.4,13.73,110.7,0,0.0,3,4.92,0,4.725,sintetico
2026-05-20 01:25:59.182982,-23.23,23.56,645.0,6.04,226.2,0,0.0,2,7.68,3,2.103,sintetico
2026-05-20 02:25:59.182982,-0.83,7.32,336.4,2.6,26.6,0,0.0,0,1.01,0,0.4,sintetico
2026-05-20 03:25:59.182982,-10.24,11.01,746.2,14.47,69.9,1,0.0,4,6.74,2,6.741,sintetico
2026-05-20 04:25:59.182982,-2.54,5.73,347.7,10.83,52.1,0,0.0,1,1.06,0,1.095,sintetico
2026-05-20 05:25:59.182982,6.11,6.93,471.2,11.51,53.8,0,0.0,0,1.29,0,2.138,sintetico
2026-05-20 06:25:59.182982,-22.74,23.14,664.1,7.44,52.5,0,0.0,3,7.38,3,2.744,sintetico
2026-05-20 07:25:59.182982,-16.96,17.18,672.8,10.96,38.9,1,0.0,2,6.92,2,4.149,sintetico
2026-05-20 08:25:59.182982,-1.93,5.21,348.5,14.03,23.4,0,0.0,1,1.35,0,1.425,sintetico
2026-05-20 09:25:59.182982,-18.72,20.66,766.7,10.79,58.9,1,0.0,4,9.0,5,5.303,sintetico
2026-05-20 10:25:59.182982,-12.46,13.43,724.7,13.84,63.7,0,0.0,3,5.99,1,6.08,sintetico
2026-05-20 11:25:59.182982,-0.2,1.0,390.2,13.53,105.6,0,0.0,1,2.65,0,1.724,sintetico
2026-05-20 12:25:59.182982,0.25,4.87,307.2,10.06,48.6,0,0.0,1,0.71,0,0.794,sintetico
2026-05-20 13:25:59.182982,5.69,6.07,333.8,22.4,39.9,0,0.0,2,2.56,0,2.087,sintetico
2026-05-20 14:25:59.182982,-27.77,27.8,642.7,18.32,33.2,1,0.0,4,9.0,5,6.329,sintetico
2026-05-20 15:25:59.182982,-0.98,4.71,471.0,13.16,72.2,0,0.0,0,0.09,0,2.442,sintetico
2026-05-20 16:25:59.182982,-1.83,6.21,526.3,19.0,69.0,0,0.0,1,3.07,0,4.4,sintetico
2026-05-20 17:25:59.182982,-20.77,20.86,737.9,19.45,82.9,0,0.0,2,8.22,4,8.858,sintetico
2026-05-20 18:25:59.182982,4.01,4.38,411.8,26.72,80.1,0,0.0,0,1.56,0,3.789,sintetico
2026-05-20 19:25:59.182982,-23.16,23.41,636.2,8.63,29.4,0,0.0,3,7.71,3,2.922,sintetico
2026-05-20 20:25:59.182982,-2.01,2.38,411.4,21.07,53.4,1,0.0,0,2.25,0,2.982,sintetico
2026-05-20 21:25:59.182982,1.09,4.82,409.2,4.56,35.0,0,0.0,0,0.67,0,0.638,sintetico
2026-05-20 22:25:59.182982,2.09,4.17,299.0,9.99,54.5,0,0.0,0,1.0,0,0.747,sintetico
2026-05-20 23:25:59.182982,-0.26,1.0,450.9,14.51,158.2,0,0.0,1,2.51,0,2.467,sintetico
2026-05-21 00:25:59.182982,-19.6,20.07,667.1,8.75,55.8,1,0.0,2,8.43,4,3.256,sintetico
2026-05-21 01:25:59.182982,5.81,6.59,445.3,56.88,85.4,0,0.0,1,2.06,0,9.433,sintetico
2026-05-21 02:25:59.182982,0.67,3.6,259.2,23.12,254.4,0,0.0,1,1.32,0,1.299,sintetico
2026-05-21 03:25:59.182982,7.78,8.0,339.4,2.45,35.3,0,0.0,0,0.46,0,0.4,sintetico
2026-05-21 04:25:59.182982,-37.97,38.22,594.5,16.06,55.4,1,0.0,4,9.0,5,4.746,sintetico
2026-05-21 05:25:59.182982,-6.68,7.24,643.5,22.97,49.5,1,0.0,2,5.5,1,7.956,sintetico
2026-05-21 06:25:59.182982,6.54,6.61,376.3,21.36,31.1,0,0.0,0,1.56,0,2.529,sintetico
2026-05-21 07:25:59.182982,0.77,2.24,412.5,17.4,128.2,0,0.0,0,1.89,0,2.476,sintetico
2026-05-21 08:25:59.182982,1.91,6.59,417.4,36.42,143.1,0,0.0,0,1.11,0,5.307,sintetico
2026-05-21 09:25:59.182982,-25.36,25.75,679.7,20.53,42.7,1,0.0,3,9.0,5,7.931,sintetico
2026-05-21 10:25:59.182982,-36.01,36.03,535.8,5.0,73.3,0,0.0,2,9.0,5,1.2,sintetico
2026-05-21 11:25:59.182982,5.7,8.35,401.7,37.97,185.6,0,0.0,0,2.05,0,5.124,sintetico
2026-05-21 12:25:59.182982,-0.06,3.93,449.9,2.79,65.4,0,0.0,1,1.29,0,0.472,sintetico
2026-05-21 13:25:59.182982,-6.7,10.48,320.6,3.87,105.3,0,0.0,2,2.81,0,0.4,sintetico
2026-05-21 14:25:59.182982,-12.57,14.29,652.8,9.61,52.9,0,0.0,2,4.81,0,3.426,sintetico
2026-05-21 15:25:59.182982,-1.43,1.61,368.9,19.78,29.5,0,0.0,0,0.5,0,2.251,sintetico
2026-05-21 16:25:59.182982,2.2,6.12,339.2,10.18,138.6,0,0.0,0,1.34,0,0.979,sintetico
2026-05-21 17:25:59.182982,-3.08,6.07,386.7,8.05,49.3,1,0.0,0,2.65,0,1.007,sintetico
2026-05-21 18:25:59.182982,-0.63,5.04,326.3,4.24,16.1,0,0.0,1,1.3,0,0.4,sintetico
2026-05-21 19:25:59.182982,-12.89,13.49,671.6,43.77,35.5,1,0.0,2,7.22,3,16.509,sintetico
2026-05-21 20:25:59.182982,-13.03,13.17,837.3,7.67,82.1,0,0.0,4,7.75,3,4.497,sintetico
2026-05-21 21:25:59.182982,-21.89,22.22,684.3,18.97,74.8,0,0.0,2,8.91,4,7.429,sintetico
2026-05-21 22:25:59.182982,5.77,8.36,310.8,5.64,34.5,0,0.0,2,2.64,0,0.456,sintetico
2026-05-21 23:25:59.182982,1.77,3.13,353.0,24.95,48.1,0,0.0,1,2.17,0,2.601,sintetico
2026-05-22 00:25:59.182982,-0.86,3.34,561.6,11.3,88.8,1,0.0,3,3.43,0,2.979,sintetico
2026-05-22 01:25:59.182982,-10.74,11.58,555.4,48.37,25.1,1,0.0,2,5.38,1,12.479,sintetico
2026-05-22 02:25:59.182982,-7.58,8.95,699.5,9.31,11.7,1,0.0,2,6.51,2,3.811,sintetico
2026-05-22 03:25:59.182982,-1.18,5.04,258.9,11.27,140.5,0,0.0,0,0.71,0,0.632,sintetico
2026-05-22 04:25:59.182982,2.54,6.89,397.6,14.26,71.6,0,0.0,0,1.55,0,1.886,sintetico
2026-05-22 05:25:59.182982,3.67,3.79,376.7,12.22,175.5,0,0.0,0,1.35,0,1.451,sintetico
2026-05-22 06:25:59.182982,5.03,8.8,377.8,7.87,70.4,0,0.0,1,1.97,0,0.939,sintetico
2026-05-22 07:25:59.182982,-27.16,27.41,756.9,19.18,30.4,0,0.0,3,9.0,5,9.189,sintetico
2026-05-22 08:25:59.182982,-17.7,18.43,674.1,15.21,77.1,1,0.0,3,7.7,3,5.779,sintetico
2026-05-22 09:25:59.182982,-16.51,17.02,637.2,16.6,94.1,0,0.0,3,7.31,3,5.636,sintetico
2026-05-22 10:25:59.182982,-0.19,6.38,345.3,13.56,45.1,0,0.0,1,1.51,0,1.352,sintetico
2026-05-22 11:25:59.182982,-0.76,5.23,388.4,21.25,75.9,0,0.0,0,1.67,0,2.68,sintetico
2026-05-22 12:25:59.182982,-6.48,6.8,419.4,12.91,68.9,0,0.0,1,3.17,0,1.9,sintetico
2026-05-22 13:25:59.182982,-10.94,11.12,772.0,10.41,43.6,1,0.0,2,6.89,2,5.187,sintetico
2026-05-22 14:25:59.182982,3.4,4.34,236.5,63.76,140.4,0,0.0,2,2.44,0,2.982,sintetico
2026-05-22 15:25:59.182982,0.43,6.87,412.8,14.38,251.1,0,0.0,0,1.95,0,2.05,sintetico
2026-05-22 16:25:59.182982,-25.1,25.42,747.5,8.89,168.2,1,0.0,2,9.0,5,4.156,sintetico
2026-05-22 17:25:59.182982,-2.36,2.44,335.0,3.01,33.8,0,0.0,1,1.6,0,0.4,sintetico
2026-05-22 18:25:59.182982,2.27,4.72,313.1,10.47,93.8,0,0.0,1,0.31,0,0.859,sintetico
2026-05-22 19:25:59.182982,1.78,5.63,366.5,6.28,93.9,0,0.0,1,1.69,0,0.705,sintetico
2026-05-22 20:25:59.182982,-29.48,29.5,444.7,14.03,56.3,1,0.0,3,8.93,4,2.322,sintetico
2026-05-22 21:25:59.182982,-27.5,27.61,699.3,35.26,41.1,1,0.0,2,9.0,5,14.422,sintetico
2026-05-22 22:25:59.182982,-16.84,17.12,571.6,15.39,116.9,0,0.0,2,7.63,3,4.205,sintetico
2026-05-22 23:25:59.182982,-21.86,22.19,635.0,13.73,111.1,1,0.0,3,8.84,4,4.63,sintetico
2026-05-23 00:25:59.182982,8.17,8.44,307.4,15.66,73.0,0,0.0,0,0.0,0,1.238,sintetico
2026-05-23 01:25:59.182982,2.22,3.49,421.6,11.41,50.7,0,0.0,0,1.36,0,1.696,sintetico
2026-05-23 02:25:59.182982,-8.66,10.84,605.6,9.27,30.0,1,0.0,2,5.49,1,2.842,sintetico
2026-05-23 03:25:59.182982,-1.73,3.71,434.9,23.54,35.6,0,0.0,1,2.61,0,3.725,sintetico
2026-05-23 04:25:59.182982,-5.73,7.27,478.1,19.23,74.5,0,0.0,0,2.67,0,3.676,sintetico
2026-05-23 05:25:59.182982,5.65,6.12,428.5,7.63,104.3,0,0.0,0,0.97,0,1.171,sintetico
2026-05-23 06:25:59.182982,-13.52,14.48,648.6,5.36,225.6,1,0.0,2,6.48,2,1.886,sintetico
2026-05-23 07:25:59.182982,-13.55,14.35,549.1,30.73,87.4,1,0.0,2,6.74,2,7.75,sintetico
2026-05-23 08:25:59.182982,-5.35,6.53,785.1,24.78,74.0,1,0.0,3,6.33,2,12.775,sintetico
2026-05-23 09:25:59.182982,7.06,8.84,394.5,5.08,77.2,0,0.0,0,1.66,0,0.662,sintetico
2026-05-23 10:25:59.182982,-13.56,14.43,712.1,12.63,18.3,0,0.0,2,6.47,2,5.358,sintetico
2026-05-23 11:25:59.182982,1.66,6.59,362.9,13.73,72.4,0,0.0,0,0.0,0,1.512,sintetico
2026-05-23 12:25:59.182982,7.22,7.33,700.9,20.99,75.0,1,0.0,2,3.43,0,8.626,sintetico
2026-05-23 13:25:59.182982,-1.24,3.5,526.8,20.72,78.0,0,0.0,2,3.32,0,4.809,sintetico
2026-05-23 14:25:59.182982,-5.61,6.46,418.2,5.8,85.4,0,0.0,0,2.29,0,0.848,sintetico
2026-05-23 15:25:59.182982,3.73,5.21,349.4,80.22,97.2,0,0.0,1,1.91,0,8.188,sintetico
2026-05-23 16:25:59.182982,-3.55,10.88,385.3,7.35,51.9,0,0.0,1,2.17,0,0.913,sintetico
2026-05-23 17:25:59.182982,2.71,5.29,375.3,15.66,28.9,0,0.0,2,1.91,0,1.844,sintetico
2026-05-23 18:25:59.182982,-7.62,7.92,625.0,16.03,36.5,0,0.0,2,5.27,1,5.237,sintetico
2026-05-23 19:25:59.182982,-23.34,23.79,698.1,37.91,110.6,1,0.0,3,9.0,5,15.452,sintetico
2026-05-23 20:25:59.182982,-9.01,9.8,468.9,7.52,108.7,0,0.0,2,4.29,0,1.383,sintetico
2026-05-23 21:25:59.182982,4.52,6.09,364.1,12.05,66.9,1,0.0,1,3.32,0,1.336,sintetico
2026-05-23 22:25:59.182982,-2.22,5.18,356.7,21.76,53.5,0,0.0,0,2.18,0,2.315,sintetico
2026-05-23 23:25:59.182982,-20.05,20.46,594.6,42.42,50.8,0,0.0,2,8.04,4,12.544,sintetico
2026-05-24 00:25:59.182982,-3.76,5.59,336.8,14.19,38.2,0,0.0,0,1.82,0,1.346,sintetico
2026-05-24 01:25:59.182982,-22.61,23.59,539.8,13.9,108.6,1,0.0,2,8.72,4,3.387,sintetico
2026-05-24 02:25:59.182982,-30.6,31.26,512.7,12.12,10.8,0,0.0,3,9.0,5,2.665,sintetico
2026-05-24 03:25:59.182982,0.91,4.07,284.4,5.03,93.6,0,0.0,0,0.14,0,0.4,sintetico
2026-05-24 04:25:59.182982,-6.15,8.34,382.7,10.5,42.3,0,0.0,1,3.36,0,1.286,sintetico
2026-05-24 05:25:59.182982,-6.51,7.49,712.8,25.08,93.9,0,0.0,4,5.15,1,10.656,sintetico
2026-05-24 06:25:59.182982,-26.05,26.93,479.3,26.16,46.5,0,0.0,4,8.58,4,5.027,sintetico
2026-05-24 07:25:59.182982,5.76,8.0,375.6,20.66,167.2,0,0.0,0,1.39,0,2.438,sintetico
2026-05-24 08:25:59.182982,1.7,5.73,385.4,13.77,13.7,0,0.0,1,1.89,0,1.71,sintetico
2026-05-24 09:25:59.182982,3.82,5.33,404.1,4.83,38.8,0,0.0,2,1.35,0,0.66,sintetico
2026-05-24 10:25:59.182982,-2.45,3.74,372.6,4.69,75.3,0,0.0,1,2.44,0,0.544,sintetico
2026-05-24 11:25:59.182982,-4.58,4.7,457.0,2.73,34.5,0,0.0,1,2.15,0,0.477,sintetico
2026-05-24 12:25:59.182982,-4.41,5.09,325.3,32.6,63.8,0,0.0,1,2.01,0,2.886,sintetico
2026-05-24 13:25:59.182982,-15.91,16.24,675.1,17.02,117.4,0,0.0,3,6.99,2,6.49,sintetico
2026-05-24 14:25:59.182982,6.22,7.3,444.3,3.19,42.8,0,0.0,0,1.0,0,0.526,sintetico
2026-05-24 15:25:59.182982,8.64,9.1,410.1,15.66,51.5,0,0.0,0,0.4,0,2.202,sintetico
2026-05-24 16:25:59.182982,-8.8,9.1,708.1,22.7,63.6,1,0.0,4,6.78,2,9.518,sintetico
2026-05-24 17:25:59.182982,0.99,1.07,364.6,4.76,124.8,0,0.0,0,1.04,0,0.53,sintetico
2026-05-24 18:25:59.182982,-25.98,26.97,551.8,31.56,89.6,1,0.0,3,9.0,5,8.037,sintetico
2026-05-24 19:25:59.182982,-13.77,13.8,710.7,27.5,118.8,1,0.0,2,7.69,3,11.616,sintetico
2026-05-24 20:25:59.182982,-1.89,2.54,358.7,3.73,70.4,0,0.0,0,1.9,0,0.402,sintetico
2026-05-24 21:25:59.182982,7.1,7.67,325.9,13.11,235.5,0,0.0,1,1.7,0,1.164,sintetico
2026-05-24 22:25:59.182982,-30.83,30.94,627.4,41.31,56.5,1,0.0,3,9.0,5,13.598,sintetico
2026-05-24 23:25:59.182982,-12.75,12.84,727.5,23.4,25.3,1,0.0,3,7.27,3,10.356,sintetico
2026-05-25 00:25:59.182982,8.83,10.81,419.3,14.66,145.8,0,0.0,2,1.73,0,2.155,sintetico
2026-05-25 01:25:59.182982,-21.17,21.27,598.1,34.16,15.8,1,0.0,2,8.79,4,10.219,sintetico
2026-05-25 02:25:59.182982,-1.79,6.58,391.3,7.15,81.1,0,0.0,0,2.01,0,0.915,sintetico
2026-05-25 03:25:59.182982,2.12,6.97,397.0,13.01,66.1,0,0.0,2,2.72,0,1.715,sintetico
2026-05-25 04:25:59.182982,8.0,8.63,410.1,6.5,36.7,0,0.0,1,2.05,0,0.914,sintetico
2026-05-25 05:25:59.182982,-13.44,14.1,792.9,9.73,42.2,0,0.0,2,6.84,2,5.117,sintetico
2026-05-25 06:25:59.182982,-2.5,4.02,443.0,27.44,143.8,0,0.0,1,2.35,0,4.504,sintetico
2026-05-25 07:25:59.182982,-14.5,14.67,634.2,22.89,50.7,1,0.0,3,7.51,3,7.699,sintetico
2026-05-25 08:25:59.182982,-1.61,7.36,349.4,9.87,63.8,0,0.0,2,2.72,0,1.008,sintetico
2026-05-25 09:25:59.182982,-7.5,10.71,371.5,2.73,64.5,0,0.0,0,2.88,0,0.4,sintetico
2026-05-25 10:25:59.182982,-3.2,8.14,404.9,4.2,26.7,0,0.0,0,1.51,0,0.576,sintetico
2026-05-25 11:25:59.182982,5.64,9.63,425.6,4.16,157.7,0,0.0,0,0.96,0,0.63,sintetico
2026-05-25 12:25:59.182982,-3.89,4.54,675.9,11.07,122.9,0,0.0,2,3.2,0,4.227,sintetico
2026-05-25 13:25:59.182982,-21.52,21.59,693.4,36.38,70.3,0,0.0,3,8.23,4,14.628,sintetico
2026-05-25 14:25:59.182982,-13.38,15.31,658.6,11.95,135.7,1,0.0,2,6.4,2,4.335,sintetico
2026-05-25 15:25:59.182982,-24.74,26.25,740.0,13.26,223.0,0,0.0,4,9.0,5,6.07,sintetico
2026-05-25 16:25:59.182982,1.04,4.92,401.0,6.04,196.9,0,0.0,2,2.06,0,0.812,sintetico
2026-05-25 17:25:59.182982,-2.16,2.79,428.5,5.17,86.7,0,0.0,0,1.39,0,0.794,sintetico
2026-05-25 18:25:59.182982,-4.62,5.34,686.1,11.45,74.0,1,0.0,3,6.2,2,4.507,sintetico
2026-05-25 19:25:59.182982,5.92,6.27,463.8,4.62,40.9,0,0.0,0,1.53,0,0.83,sintetico
2026-05-25 20:25:59.182982,-8.53,10.8,655.8,13.96,67.7,1,0.0,3,5.64,1,5.022,sintetico
2026-05-25 21:25:59.182982,-0.42,5.66,339.1,4.18,49.5,0,0.0,1,1.64,0,0.402,sintetico
2026-05-25 22:25:59.182982,-10.83,11.21,595.2,10.64,193.4,0,0.0,3,5.64,1,3.152,sintetico
2026-05-25 23:25:59.182982,5.98,6.63,335.9,4.6,170.3,0,0.0,0,0.61,0,0.434,sintetico
2026-05-26 00:25:59.182982,1.48,8.41,410.8,11.14,21.5,0,0.0,2,2.33,0,1.573,sintetico
2026-05-26 01:25:59.182982,-21.22,21.88,636.4,13.12,134.7,1,0.0,3,9.0,5,4.445,sintetico
2026-05-26 02:25:59.182982,-0.88,2.77,326.9,11.03,176.9,0,0.0,0,0.42,0,0.986,sintetico
2026-05-26 03:25:59.182982,2.4,2.62,416.5,17.25,21.4,0,0.0,1,0.63,0,2.503,sintetico
2026-05-26 04:25:59.182982,-18.9,20.06,513.1,18.4,28.1,0,0.0,3,6.03,2,4.051,sintetico
2026-05-26 05:25:59.182982,2.35,9.27,369.3,8.9,43.9,0,0.0,1,1.36,0,1.015,sintetico
2026-05-26 06:25:59.182982,-6.13,6.36,354.1,6.21,125.1,0,0.0,2,3.5,0,0.651,sintetico
2026-05-26 07:25:59.182982,-21.01,21.15,728.3,24.24,94.4,0,0.0,2,8.24,4,10.755,sintetico
2026-05-26 08:25:59.182982,-32.58,34.44,622.1,12.74,78.3,0,0.0,2,9.0,5,4.123,sintetico
2026-05-26 09:25:59.182982,-11.63,12.93,595.7,9.71,139.8,1,0.0,2,7.24,3,2.882,sintetico
2026-05-26 10:25:59.182982,-17.89,18.09,605.3,46.61,54.4,1,0.0,3,8.51,4,14.281,sintetico
2026-05-26 11:25:59.182982,-4.93,7.88,510.7,18.05,73.0,0,0.0,4,5.49,1,3.937,sintetico
2026-05-26 12:25:59.182982,0.01,2.97,339.8,5.56,49.0,0,0.0,0,1.7,0,0.537,sintetico
2026-05-26 13:25:59.182982,2.78,3.58,456.8,7.54,27.0,0,0.0,1,1.2,0,1.316,sintetico
2026-05-26 14:25:59.182982,-2.25,7.56,391.1,14.95,61.8,0,0.0,0,2.3,0,1.913,sintetico
2026-05-26 15:25:59.182982,-3.01,4.37,315.3,6.55,154.3,0,0.0,0,1.19,0,0.545,sintetico
2026-05-26 16:25:59.182982,2.57,4.28,359.2,10.87,48.9,0,0.0,0,1.17,0,1.173,sintetico
2026-05-26 17:25:59.182982,-9.42,10.14,714.8,27.17,42.3,1,0.0,4,6.64,2,11.607,sintetico
2026-05-26 18:25:59.182982,-28.22,28.25,686.4,9.32,109.2,1,0.0,2,9.0,5,3.671,sintetico
2026-05-26 19:25:59.182982,-18.27,18.28,640.4,24.17,20.9,1,0.0,3,8.56,4,8.29,sintetico
2026-05-26 20:25:59.182982,-3.56,5.75,407.3,5.18,141.2,0,0.0,2,2.54,0,0.718,sintetico
2026-05-26 21:25:59.182982,-3.34,5.09,372.2,4.02,112.3,0,0.0,0,1.25,0,0.466,sintetico
2026-05-26 22:25:59.182982,-1.56,2.09,697.0,17.54,28.5,1,0.0,4,4.98,0,7.127,sintetico
2026-05-26 23:25:59.182982,6.21,6.23,327.7,2.03,48.7,0,0.0,0,0.48,0,0.4,sintetico
2026-05-27 00:25:59.182982,-3.69,5.16,339.5,8.39,18.0,0,0.0,0,1.51,0,0.809,sintetico
2026-05-27 01:25:59.182982,-20.82,20.96,690.0,3.29,28.2,0,0.0,2,6.78,2,1.311,sintetico
2026-05-27 02:25:59.182982,1.65,3.16,354.3,21.99,71.5,0,0.0,1,1.53,0,2.308,sintetico
2026-05-27 03:25:59.182982,-1.71,5.08,433.5,4.71,84.0,0,0.0,2,2.72,0,0.741,sintetico
2026-05-27 04:25:59.182982,-17.71,17.72,639.9,49.51,67.9,0,0.0,4,7.78,3,16.955,sintetico
2026-05-27 05:25:59.182982,-21.84,23.41,629.0,6.32,21.6,1,0.0,2,8.67,4,2.09,sintetico
2026-05-27 06:25:59.182982,-31.63,32.0,667.8,23.4,40.8,1,0.0,2,9.0,5,8.727,sintetico
2026-05-27 07:25:59.182982,3.61,5.3,293.3,14.87,58.1,0,0.0,2,1.37,0,1.07,sintetico
2026-05-27 08:25:59.182982,-23.63,23.9,532.8,40.14,139.3,1,0.0,3,9.0,5,9.531,sintetico
2026-05-27 09:25:59.182982,-2.8,5.08,380.5,39.34,83.7,0,0.0,0,2.92,0,4.764,sintetico
2026-05-27 10:25:59.182982,-12.96,13.49,717.9,7.67,17.0,0,0.0,2,6.01,2,3.304,sintetico
2026-05-27 11:25:59.182982,-0.29,2.21,686.5,9.77,66.6,0,0.0,4,3.49,0,3.849,sintetico
2026-05-27 12:25:59.182982,10.12,11.57,437.3,8.86,34.6,0,0.0,2,1.81,0,1.417,sintetico
2026-05-27 13:25:59.182982,-11.83,12.89,521.6,7.33,17.8,0,0.0,3,5.13,1,1.668,sintetico
